level,pcode,name,center_lat,center_lon
adm4,MMR001001001,Alam,25.62231379,97.46125042
adm4,MMR001001002,Nawng Nang,25.55121482,97.46562871
adm4,MMR001001003,Pa La Na Sa Khan Myar,25.55201037,97.39153009
adm4,MMR001001004,Nam Kyin,25.52355276,97.32826704
adm4,MMR001001005,Nam Kwayt,25.39862086,97.25494371
adm4,MMR001001007,Maw Hpawng,25.34043056,97.29499514
adm4,MMR001001008,Sha Daung,25.33640999,97.26061931
adm4,MMR001001009,Loi Hkaw,25.29929313,97.16390975
adm4,MMR001001010,Tang Hpe,25.6736328,97.2708475
adm4,MMR001001011,In Jit Yang,25.91234228,97.29573073
adm4,MMR001001012,Ti Yang Zug,26.0530307,97.25194044
adm4,MMR001001013,Ta Law Gyi,24.9563797,97.39050825
adm4,MMR001001014,Hkawng Hpu Ywar Thit,25.14803301,97.32257266
adm4,MMR001001015,Hkawng Hpu Ywar Haung,25.09651582,97.27002458
adm4,MMR001001016,Ho Kat,25.07071714,97.19680381
adm4,MMR001001017,San Kin,24.96283177,97.2112237
adm4,MMR001001018,Ah Kye,25.21069635,97.21362024
adm4,MMR001001019,Myin Thar,24.75987756,96.89143288
adm4,MMR001001020,Yae Nar Pin Lon,24.69366689,96.96914835
adm4,MMR001001021,Pin Taw,24.65425282,97.05482522
adm4,MMR001001022,Taw Pin Long,24.65618781,96.98204963
adm4,MMR001001023,Man Kin,24.5951666,97.02173159
adm4,MMR001001024,Wea Gyi,24.70862424,97.09146067
adm4,MMR001001025,Nawng Pwe,24.86021224,96.9159505
adm4,MMR001001026,Nei Char,24.922291,96.8974531
adm4,MMR001001027,Man Hpwar,24.94373405,96.95864049
adm4,MMR001001028,Nyaung Pin Thar,24.87014831,97.14596499
adm4,MMR001001029,Waing Long,25.01141369,97.07361065
adm4,MMR001001030,Tar Hoe Nar,24.96517711,97.04710616
adm4,MMR001001701,Urban,25.4062239,97.38793878
adm4,MMR001001702,Urban,24.77793862,97.04044298
adm4,MMR001001901,,25.03520208,97.15340625
adm4,MMR001001902,,24.98427483,97.29988489
adm4,MMR001001903,,25.47427446,97.24410889
adm4,MMR001001904,,24.82444381,96.79337928
adm4,MMR001002001,Mading,25.36861303,97.46368207
adm4,MMR001002002,Moke Lwe,25.2959326,97.41096374
adm4,MMR001002003,Hkat Shu,25.29029158,97.3637522
adm4,MMR001002004,Aung Myay (1),25.23950964,97.43807506
adm4,MMR001002005,Aung Myay (2),25.20647191,97.44402552
adm4,MMR001002006,Mong Nar,25.45229952,97.47580476
adm4,MMR001002007,Nawng Ta Law,25.38498576,97.42041662
adm4,MMR001002008,Nawng Hee,25.35405961,97.34757981
adm4,MMR001002009,Ma Hkan Tee,25.33045594,97.35301948
adm4,MMR001002010,Zee Kyun,25.24336677,97.36716311
adm4,MMR001002011,Wu Yang,25.39275775,97.49574882
adm4,MMR001002012,Shwe Nyaung Pin,25.21163413,97.51564548
adm4,MMR001002013,Nawng Si Paw,25.30153455,97.50624815
adm4,MMR001002014,Nawng Ching,25.60974693,97.62074813
adm4,MMR001002015,Nam War,25.38883243,97.54344842
adm4,MMR001002016,War Shawng,25.34809927,97.62224579
adm4,MMR001002017,Ding Jang Yang,25.47499521,97.66255605
adm4,MMR001002018,Sha Ngaw,25.64710991,97.91319524
adm4,MMR001002019,Ma Ga Ran Yang,25.68757413,97.95882934
adm4,MMR001002020,Hpan Dawng,25.59787742,97.86462224
adm4,MMR001002021,Kan Taw Yang,24.98441293,97.51452255
adm4,MMR001002022,Ka Tsu,25.14159997,97.57335439
adm4,MMR001002023,Gar Ra Yang,25.21121808,97.55775438
adm4,MMR001002024,Nam Sang Yang,24.8326004,97.5989861
adm4,MMR001002025,Da Bat Yang,25.07656554,97.53405555
adm4,MMR001002026,Hseng Law,25.39178476,97.7115462
adm4,MMR001002027,Man Wein,25.51992885,97.73701049
adm4,MMR001002028,San Kar,25.24510111,97.31134139
adm4,MMR001002029,San Pai,25.25407146,97.621258
adm4,MMR001002030,Hpon Tang Kawng,25.38471187,97.79084576
adm4,MMR001002031,Sa Hpar,24.96088667,97.6767618
adm4,MMR001002032,Hpawt Dawt,25.17627573,97.71781769
adm4,MMR001002033,Sa Nar,25.39848285,97.864576
adm4,MMR001002034,La Hpai,25.42548499,97.9631298
adm4,MMR001002035,Waw Chont,25.42474077,98.07928724
adm4,MMR001002036,Hpon Kraw,25.46500996,97.90590379
adm4,MMR001002037,Lu Htaung,25.33561771,98.00406659
adm4,MMR001002038,Lawt Pun,25.57900827,98.00077696
adm4,MMR001002039,Zahkung,25.6122481,98.11682964
adm4,MMR001002040,Saga Par,25.29650879,97.9223682
adm4,MMR001002701,Urban,25.34599601,97.43661954
adm4,MMR001002702,Urban,25.40008457,97.90030903
adm4,MMR001002703,Urban,25.40345706,98.11778172
adm4,MMR001003001,In Jun Gar,26.13266556,97.98997038
adm4,MMR001003002,Shagri Bum,26.12231063,97.72066577
adm4,MMR001003003,Mai Rawn,26.07132287,97.90530949
adm4,MMR001003004,Ma Htum,26.12470825,97.90433526
adm4,MMR001003005,Sam Hpum Gar,25.75702017,97.69997906
adm4,MMR001003006,In Dung Yang,25.67010504,97.84377789
adm4,MMR001003007,Hpon Gan,25.92249909,97.82817322
adm4,MMR001003008,Sut Mar Tu,26.43771909,97.80922989
adm4,MMR001003009,Sa Law Ding Sar,25.66736202,97.74874864
adm4,MMR001003010,Sha Dan Lawt Hkum,26.24696435,98.04144462
adm4,MMR001003011,In Man Hka Jang,26.29287632,97.87516951
adm4,MMR001003012,In Hpyin Gar,25.85041526,97.77552259
adm4,MMR001003013,Mai Taung,25.87662756,97.86247142
adm4,MMR001003014,Sha Ga Ri Ka Htaung,26.04982973,98.07911518
adm4,MMR001003015,Shin Kun (Kying Htaung Ga),25.8033399,97.89791519
adm4,MMR001003016,Tsum Dwar Gar,26.01236983,97.99024074
adm4,MMR001003017,Pin Laung,26.10109912,97.83547289
adm4,MMR001003018,In Htauk Gar,25.86679795,97.96094561
adm4,MMR001003019,Ka Yawng Htein Rawt,26.40247224,98.13063253
adm4,MMR001003020,Sha Dan Pong War,25.77154972,97.95260797
adm4,MMR001003022,Hkan Dauk Yang,25.98849791,97.93988797
adm4,MMR001003023,Jing Mar Yang,25.99317868,97.808559
adm4,MMR001003024,In Waing Kawng,25.84459167,97.68581107
adm4,MMR001003025,Myit Son,25.80493012,97.56402189
adm4,MMR001003026,In Pauk Chet,26.20100477,97.82607922
adm4,MMR001003027,In Hku Gar,26.36998048,97.82943857
adm4,MMR001003028,In Ji Au Mar,26.60961019,98.17409147
adm4,MMR001003029,Ka Kyee Htu La Nang,26.22890704,97.76509216
adm4,MMR001003030,La Gan In Bauk Htu,26.44781388,97.89396902
adm4,MMR001003031,Tsum Hpawng,25.94393479,97.63220004
adm4,MMR001003032,Au Ga Au Si,26.33393857,97.96712261
adm4,MMR001003033,In Gawt Au Mar,26.52953339,98.151121
adm4,MMR001003034,Shadan Ding Sa,26.32410896,98.02710665
adm4,MMR001003035,In Pawm Bum,26.21804418,98.01941743
adm4,MMR001003036,La Zee Gum Yang Lar,26.39244817,97.89749359
adm4,MMR001003037,La Wa Yang,26.47523908,97.85386406
adm4,MMR001003038,Ka Kyee Htu,26.33993915,97.78952481
adm4,MMR001003039,Sa Law Ding Ngut,26.57729368,98.09978197
adm4,MMR001003040,Ma Kyang Ding Sa,26.25488197,98.12542863
adm4,MMR001003041,Ka Ring Gar,26.06018572,97.71522423
adm4,MMR001003042,Hkum Bwe Au Mar,26.39666086,97.99379363
adm4,MMR001003043,Ma Dan Tu,26.47873412,97.96439082
adm4,MMR001003044,In Law Au Mar,26.44112815,98.04617179
adm4,MMR001003045,Wa Li Chet,26.52304159,98.00171074
adm4,MMR001003046,Nawt Hkum Gar,26.5328712,98.07121833
adm4,MMR001003047,In Shang Hkoe Gar,26.34718181,98.15980901
adm4,MMR001003048,Kying Ma Gar,26.1522673,98.08185514
adm4,MMR001003049,Ma Wun Au Mar,26.33770005,98.12331927
adm4,MMR001003050,Sha Re Au Mar,26.48867487,98.14557867
adm4,MMR001003051,In Hku,25.87192952,98.02861383
adm4,MMR001003052,Adan Gar,26.18952829,98.00859819
adm4,MMR001003053,Gum Lang,26.27262051,97.97102065
adm4,MMR001003054,Hpum Yawng Ding Sa,26.17572862,97.85597518
adm4,MMR001003055,Ka Htang Tu,26.27708714,97.78866047
adm4,MMR001003056,In Gum La,26.25743718,97.83340846
adm4,MMR001003057,In Bang Bum,26.20983996,97.94587082
adm4,MMR001003058,Ma Htaw Au Mar,26.71991453,98.24567443
adm4,MMR001003059,Naw Lang,26.3353428,98.0743486
adm4,MMR001003060,Ka Dawt Zum Hpaw,26.29139048,97.74291097
adm4,MMR001003061,In Kwei,26.34888004,97.88964977
adm4,MMR001003062,In Byine Gar,26.42985253,97.79251082
adm4,MMR001003063,In Sar Hkram,26.25258127,97.90041526
adm4,MMR001003701,Urban,25.79294621,97.80148055
adm4,MMR001004001,Ting Kauk,25.91810638,96.94766585
adm4,MMR001004002,Nam Hpyet Yang,26.01353575,97.07824938
adm4,MMR001004003,Nawng Long Kawng Ra,26.2413479,96.82484189
adm4,MMR001004004,Mai Khun (Mone Hkawm),26.4786212,96.25855115
adm4,MMR001004005,Ma Kaw,26.63548095,97.01901402
adm4,MMR001004006,Shin Long Gar,26.7508075,96.89419492
adm4,MMR001004010,Sa Rar Ka Htaung (a) Awng Lawt,26.25772668,97.07787064
adm4,MMR001004011,Nam Hkam Par (a) Nam Byu,26.07092984,96.41626297
adm4,MMR001004016,Hka Long,26.79698798,96.39445941
adm4,MMR001004017,Ta Ron,26.76231289,96.61874921
adm4,MMR001004701,Urban,26.31899081,96.80045708
adm4,MMR001004702,Urban,26.66568921,96.20879949
adm4,MMR001005001,Lai Mar Yang,25.84708457,98.13304012
adm4,MMR001005002,Zan Nawng,25.90181112,98.08105695
adm4,MMR001005003,Na Law,25.86156464,98.08123731
adm4,MMR001005004,Myaw Maw Par,25.94549818,98.09025744
adm4,MMR001005005,Lawng Hpant,26.02473102,98.14425138
adm4,MMR001005006,Myit Nawt,26.10134982,98.16949437
adm4,MMR001005007,Man San,25.69848526,98.0441701
adm4,MMR001005008,Shan Kyaw,25.73410138,97.99808763
adm4,MMR001005009,Ma Gaung,25.73938008,98.16011434
adm4,MMR001005010,Bant Li,25.81607159,98.10219165
adm4,MMR001005011,Nar Maw Zut,25.75811815,98.05715646
adm4,MMR001005012,Ta Mu,25.78942241,98.05288546
adm4,MMR001005013,Hpa Lar,26.04471919,98.21489545
adm4,MMR001005014,Byaw Li,26.01465219,98.23021155
adm4,MMR001005015,Man Dungt,25.92929251,98.19927534
adm4,MMR001005016,Law Hkawng,25.88831986,98.19578159
adm4,MMR001005017,Ya Jawng,25.88175373,98.21359923
adm4,MMR001005018,Jit Lai,25.85811567,98.20989491
adm4,MMR001005019,Yi Jaw,25.8402558,98.21914603
adm4,MMR001005020,Mawng Gong,25.81532314,98.23552901
adm4,MMR001005021,Kyin Htong,25.79562828,98.24739865
adm4,MMR001005022,Lang Jaw,25.7751198,98.26785803
adm4,MMR001005023,Htaw Gawt,25.93638393,98.37085034
adm4,MMR001005024,Bawm Myan,25.98418535,98.44452269
adm4,MMR001005025,La Gway,25.90434251,98.48367874
adm4,MMR001005026,Hpa Re,25.84698364,98.41137033
adm4,MMR001005027,Lang Yang,25.85784048,98.28336274
adm4,MMR001005028,Bwi Lat,25.99180206,98.38092243
adm4,MMR001005029,Gam Hkun,26.03846243,98.39649918
adm4,MMR001005030,Shi Kyang,25.99941877,98.48131323
adm4,MMR001005031,Htum Shing,26.05753778,98.42207542
adm4,MMR001005032,Nu Zung Baung,26.07656532,98.45148622
adm4,MMR001005033,Gawt Yum,26.00014578,98.53420558
adm4,MMR001005034,Chit Gaw,26.05949689,98.5205115
adm4,MMR001005035,Hpi Maw,26.00727391,98.58856855
adm4,MMR001005036,Htan Dung,26.0520516,98.57992111
adm4,MMR001005037,La Ngaw Hkaw,26.09938498,98.52365303
adm4,MMR001005038,Sa Du Law,26.30255706,98.60918192
adm4,MMR001005039,Ngwar Hpa Hkar,26.23199273,98.54304191
adm4,MMR001005040,Kan Hpant,26.15232898,98.54253924
adm4,MMR001005041,Lu Pi,25.65772104,98.32522305
adm4,MMR001005042,Loke Nawt Jang,25.8999655,98.63497929
adm4,MMR001005701,Urban,25.89763471,98.15869131
adm4,MMR001005702,Urban,25.60148524,98.3779501
adm4,MMR001006001,La Hkam,26.24434298,98.30041898
adm4,MMR001006002,Yin Kyin,26.09838898,98.23776645
adm4,MMR001006003,Wa Hawng,26.22504334,98.26444126
adm4,MMR001006004,Man Kyi,26.26810971,98.40789536
adm4,MMR001006005,Han Kaw,26.36795187,98.42238728
adm4,MMR001006006,Yaw Jaw,26.19145313,98.44334871
adm4,MMR001006007,Jit Loi,26.17966709,98.36017216
adm4,MMR001006008,Lawng Din,26.08361221,98.36696328
adm4,MMR001006009,Shin Swei,26.05285669,98.29702005
adm4,MMR001006010,Myaw Jawng,26.0826901,98.28712531
adm4,MMR001006011,Man Byawt,26.05008237,98.25498246
adm4,MMR001006012,Gawt Maw,26.23631859,98.18486524
adm4,MMR001006013,Nung Boke,26.26732575,98.22487072
adm4,MMR001006014,Lawng Lang,26.17616603,98.18412661
adm4,MMR001006015,Zan Yu,26.31696843,98.22983212
adm4,MMR001006016,Boke Ran,26.42460123,98.23238287
adm4,MMR001006017,Sha Hpat,26.3722981,98.24488717
adm4,MMR001006018,Kyee Shin,26.11852702,98.28205605
adm4,MMR001006019,Wa Myit,26.52186763,98.2586734
adm4,MMR001006020,Lar Za,26.67861743,98.3133242
adm4,MMR001006021,Htaw Lang,26.69088648,98.4348073
adm4,MMR001006022,La Kin,26.49803744,98.5986366
adm4,MMR001006023,Lar Chin,26.62950031,98.64915956
adm4,MMR001006024,Jar Ran,26.51532363,98.41498906
adm4,MMR001006025,Ba Shea,26.42673191,98.37131571
adm4,MMR001006701,Urban,26.14607689,98.25915829
adm4,MMR001007001,Pin Long,24.57476905,96.1651203
adm4,MMR001007002,Maw Han,24.68916293,96.15962766
adm4,MMR001007003,Se Maing Ywar Thit,24.5950998,96.39406747
adm4,MMR001007004,Kar Tu,24.84881512,96.03656406
adm4,MMR001007005,Nyaung Kaing,24.62798882,96.4602321
adm4,MMR001007006,Bi Lu,24.88550336,96.31625471
adm4,MMR001007007,In Gyin Kone,24.82028616,96.39520902
adm4,MMR001007008,Nyaung Kone,24.83789004,96.41282004
adm4,MMR001007009,Pin He,24.86376468,96.28233239
adm4,MMR001007010,Inn Kone,24.90605056,96.37726207
adm4,MMR001007011,Let Pan Tan,24.86117771,96.43589789
adm4,MMR001007012,Ah Lel Taw,24.90615513,96.45152899
adm4,MMR001007013,Lel Mee,24.9376582,96.42019706
adm4,MMR001007014,Nam Saw Law,24.91651928,96.63816594
adm4,MMR001007015,Taung Inn,24.85949338,96.50752609
adm4,MMR001007016,Sa Nwin Kone,24.95657182,96.18124895
adm4,MMR001007017,Ma Mon Kaing,25.03062207,96.19654645
adm4,MMR001007018,Kone Ma Na,25.12687686,96.24435008
adm4,MMR001007019,Mong Poke,25.18647727,96.10815882
adm4,MMR001007020,Lwe Mun,25.2413293,96.22947678
adm4,MMR001007021,Nyaung Pin,25.33064755,96.28548556
adm4,MMR001007022,Long Sant,25.22340828,96.46988558
adm4,MMR001007023,He Pu,25.14567059,96.45669634
adm4,MMR001007024,Chaung Wa,25.30370712,96.53478109
adm4,MMR001007025,Pang Lar,25.36256593,96.51488433
adm4,MMR001007026,Ma Pyin,25.36564263,96.43420759
adm4,MMR001007027,He Long,24.7940454,96.30636509
adm4,MMR001007028,Ywar Thit Kone,24.7319712,96.55222805
adm4,MMR001007029,Nam Poke,24.67710879,96.48046014
adm4,MMR001007030,Myo Thit Ka Lay,24.94413225,96.47475893
adm4,MMR001007031,Ta Kwin,24.97295428,96.51754669
adm4,MMR001007032,Kyar Gyi Kwin,24.97567603,96.71721887
adm4,MMR001007033,Ywar Thit Gyi,25.03105084,96.45511509
adm4,MMR001007034,Zaw Ti Kone,25.08874346,96.51822589
adm4,MMR001007035,Khun Hnit Maing Kone Tan,25.00044633,96.42062872
adm4,MMR001007036,Inn Lay,24.96638865,96.46227171
adm4,MMR001007037,Nam Yin,25.00893819,96.56351717
adm4,MMR001007038,Shwe Let Pan,25.03690985,96.33210146
adm4,MMR001007701,Urban,24.7672348,96.3751033
adm4,MMR001007702,Urban,24.99270808,96.52905629
adm4,MMR001007703,Urban,25.09310443,96.28793789
adm4,MMR001007704,Urban,25.00277476,96.35719929
adm4,MMR001007705,Urban,24.87857756,96.43731808
adm4,MMR001007903,,25.16232867,96.35271429
adm4,MMR001008003,Pin Hkar,25.25416473,96.99098986
adm4,MMR001008004,Kyar Inn,25.22753041,96.93484424
adm4,MMR001008005,Kyun Pin Thar,25.33161753,96.91200139
adm4,MMR001008006,Yae Shin,25.34757831,96.9348953
adm4,MMR001008007,Loi Li Yang,25.41543871,96.90910572
adm4,MMR001008008,Man Ywet,25.3042922,96.81408409
adm4,MMR001008009,Nyaung Kone,25.40331752,96.86431872
adm4,MMR001008010,Saung Hkar,25.36489115,96.78479928
adm4,MMR001008011,Nam Hai,25.46090144,96.8016787
adm4,MMR001008012,Lwe Law,25.22753041,96.89497225
adm4,MMR001008014,Aung Thar,25.28917927,96.8491749
adm4,MMR001008015,Shwe Inn,25.26934491,96.8687567
adm4,MMR001008016,Hto Pu,25.16855442,96.85758639
adm4,MMR001008017,Inn Baung,25.28460395,96.72381939
adm4,MMR001008018,Sar Hmaw,25.22280487,96.79143248
adm4,MMR001008019,Ka War Yang,25.2779715,96.79942472
adm4,MMR001008020,Taung Ni,25.21430236,96.72669447
adm4,MMR001008021,Nam Ma Na,25.20141606,96.67261529
adm4,MMR001008022,Pint Thar,25.21972213,96.62833708
adm4,MMR001008023,Ohn Baung,25.14964232,96.6858975
adm4,MMR001008024,Thaik War Kone,25.17002503,96.62433339
adm4,MMR001008025,In Gyin Kone,25.13627902,96.60211672
adm4,MMR001008026,Pin Baw,25.11552002,96.58608003
adm4,MMR001008027,Kone Tan Gyi,25.07763727,96.85581885
adm4,MMR001008028,Htone Yae Pauk,25.03406525,96.64131865
adm4,MMR001008029,Nam Hkwin,25.07200241,96.59387333
adm4,MMR001008031,Thu Htay Kone,25.34610484,96.99109925
adm4,MMR001008032,Mya Daung,25.36220346,96.95753667
adm4,MMR001008033,Kan Hla,25.37304216,96.98503628
adm4,MMR001008034,Hsee Din Yang,25.4480661,96.94386167
adm4,MMR001008035,Myo Thit Gyi,25.40036074,97.02999068
adm4,MMR001008036,Lan Gwa,25.4633232,96.99106518
adm4,MMR001008037,Nyaung Taw,25.49677721,97.05848098
adm4,MMR001008039,Ma Ram,25.23309112,97.08428791
adm4,MMR001008040,Oke Kyin,25.30350189,96.88578214
adm4,MMR001008041,Ka Nyin Myine,25.25068981,96.74021608
adm4,MMR001008701,Urban,25.30175176,96.92975192
adm4,MMR001008702,Urban,25.36024945,97.01705651
adm4,MMR001008901,,25.53087568,96.94559199
adm4,MMR001008902,,25.19673351,97.09318174
adm4,MMR001009001,Long Hkin,25.86204033,96.28808702
adm4,MMR001009002,Nam Ma Hpyit,25.57392992,96.38319364
adm4,MMR001009003,Seik Mu,25.49235195,96.33925202
adm4,MMR001009004,Hawng Par,25.45578542,96.11639499
adm4,MMR001009005,Dun Bone Hka,25.55895694,96.88116429
adm4,MMR001009006,La War,25.58843869,96.827384
adm4,MMR001009007,Dun Bang,25.76879521,96.86647066
adm4,MMR001009008,Nawng Myi,25.72766642,96.71573103
adm4,MMR001009009,Wa Ra Zut,25.93848051,96.65896731
adm4,MMR001009010,Gaw Ri,25.45132966,96.72025251
adm4,MMR001009012,Nam Si In,25.42472849,96.64168234
adm4,MMR001009013,Ka Htan Yang,25.50607862,96.56869953
adm4,MMR001009014,Nam Ya,25.58386313,96.56904616
adm4,MMR001009015,Kat Hmaw Sut,25.66034034,96.53581841
adm4,MMR001009701,Urban,25.62355733,96.30065908
adm4,MMR001009702,Urban,25.52028371,96.71165062
adm4,MMR001010001,Kywe Gyo Kan Ba Ni,24.35981154,97.30652041
adm4,MMR001010002,Chaung Wa,24.38058076,97.30609032
adm4,MMR001010003,Nawng Laik,24.37362126,97.3727911
adm4,MMR001010004,Man Hkun,24.23072352,97.29433287
adm4,MMR001010006,Kho Kyin,24.22973673,97.27346992
adm4,MMR001010007,Man Hpar,24.21327503,97.28563229
adm4,MMR001010008,Si In,24.25507376,97.29239963
adm4,MMR001010009,Moe Hping,24.31246235,97.29658911
adm4,MMR001010010,Tar Mong Long,24.29979529,97.27339795
adm4,MMR001010011,He Long Thit,24.35078781,97.25970711
adm4,MMR001010012,He Long Haung,24.3206039,97.25292542
adm4,MMR001010013,Hseng Kin,24.33379783,97.29605605
adm4,MMR001010014,Ma Lu Lar,24.33179373,97.33036224
adm4,MMR001010015,Nam Hlaing,24.31883875,97.32344061
adm4,MMR001010016,Hku Li,24.28482551,97.30118903
adm4,MMR001010017,Ma Au Pin,24.33936483,97.34977627
adm4,MMR001010018,Man Yay,24.35203766,97.36632901
adm4,MMR001010022,Hsint Kin,24.32921057,97.210505
adm4,MMR001010023,Thing Len,24.17852959,97.25365984
adm4,MMR001010025,Kone Ma Hat,24.22580362,97.22713801
adm4,MMR001010026,Si He,24.22135124,97.25855938
adm4,MMR001010027,Kan Ba Ni,24.20067324,97.26138151
adm4,MMR001010028,Nyaung Pin Thar,24.20779085,97.22593315
adm4,MMR001010029,Sar Wa Tee,24.16376715,97.19863464
adm4,MMR001010030,Man Yut,24.18209856,97.2814598
adm4,MMR001010031,Man Ma Lin,24.26121235,97.11291498
adm4,MMR001010032,Kone Hkar,24.29597004,97.19932693
adm4,MMR001010033,Man Pin,24.31067252,97.19892621
adm4,MMR001010034,Kyun Gyi,24.31732285,97.18440681
adm4,MMR001010035,Mong Kar,24.30398676,97.18687875
adm4,MMR001010036,Tha Hpan Pin,24.36332763,97.14757143
adm4,MMR001010037,Hnget Pyaw Taw,24.34654679,97.17175619
adm4,MMR001010038,Mya Zay Di,24.33595763,97.10949282
adm4,MMR001010039,Par Pawng,24.31306746,97.15925152
adm4,MMR001010040,Kawng Hsint,24.23910116,97.15151889
adm4,MMR001010041,Yae Ni,24.22549886,97.18965366
adm4,MMR001010042,Kan Thar,24.2133516,97.17250913
adm4,MMR001010043,Let Pan Tan,24.19474191,97.15580544
adm4,MMR001010044,Tein Thaw,24.40454491,97.25549638
adm4,MMR001010045,Hsin Hkan,24.08618962,97.0748799
adm4,MMR001010046,Kawng Ton,24.11048656,97.14259906
adm4,MMR001010047,Nawng Mo,24.18147288,97.0823796
adm4,MMR001010701,Urban,24.25667405,97.24841563
adm4,MMR001010901,,24.53333661,97.13986671
adm4,MMR001010902,,23.92895206,96.93829972
adm4,MMR001011001,Nawng Mo,24.13546586,96.93882161
adm4,MMR001011002,Thin Baw Inn,24.1870685,96.87553327
adm4,MMR001011003,Moe Sit,24.22149976,96.86233229
adm4,MMR001011004,Yae Le,24.23361923,96.84240992
adm4,MMR001011005,Sin Tat,24.24853551,96.8229124
adm4,MMR001011006,Hsin Hpoke,24.11737595,96.79120117
adm4,MMR001011007,Nga Bat Gyi,24.12051991,96.87235224
adm4,MMR001011008,Pan Tin,24.16152675,96.79848053
adm4,MMR001011009,Si Thaung,24.05796955,96.78889855
adm4,MMR001011010,Man Wein,24.13930669,96.74737696
adm4,MMR001011011,Si Thar,24.12494178,96.74565719
adm4,MMR001011012,Si Maw,24.12531661,96.70754034
adm4,MMR001011013,Si Mu Gyi,24.15665847,96.73159883
adm4,MMR001011014,Nawng Let Gyi,24.18403645,96.74038106
adm4,MMR001011015,Taw Pone,24.23336812,96.73822041
adm4,MMR001011016,Bo Kone,24.34131553,96.60045676
adm4,MMR001011017,Shwe Bon Thar,24.28552209,96.7305788
adm4,MMR001011018,Ting Hun,24.27126735,96.70684246
adm4,MMR001011019,Tha Yet Kone,24.25097185,96.65571468
adm4,MMR001011020,Seik Thar,24.21640513,96.62973816
adm4,MMR001011021,Tha Pyay Hla,24.29821207,96.62505193
adm4,MMR001011022,Ma Ni Aw Ga,24.32568932,96.65620398
adm4,MMR001011023,Kyauk Gyi,24.32568932,96.74977311
adm4,MMR001011024,Myo Kone,24.25136973,96.90736402
adm4,MMR001011025,Si Thaw,24.26017002,97.00285903
adm4,MMR001011032,Ah Mat Gyi Kone,24.42028649,96.73573929
adm4,MMR001011033,Min Kyaung Kone,24.39923464,96.63754957
adm4,MMR001011034,Pang Hkun Yang,24.5399621,96.85920057
adm4,MMR001011036,Hka Ba Yawng,24.4706308,96.9923137
adm4,MMR001011701,Urban,24.21239621,96.79178433
adm4,MMR001011702,Urban,24.47528635,96.65395957
adm4,MMR001011901,,24.52230264,96.68145112
adm4,MMR001011902,,24.43321684,97.04515201
adm4,MMR001012001,Man Pong,24.24474169,97.31861573
adm4,MMR001012002,Kyauk Sa Khan,24.26685538,97.42039327
adm4,MMR001012003,Ja Ri Da Gaw,24.21216907,97.37364205
adm4,MMR001012004,Kun Bang,24.29645268,97.37420856
adm4,MMR001012005,Ja Hkan Dat,24.33795001,97.39390893
adm4,MMR001012006,Gwei Ka Htaung,24.3479754,97.42479264
adm4,MMR001012007,Hpa Kawm,24.3377702,97.4889847
adm4,MMR001012008,Prang Hu Dong,24.37859906,97.51933369
adm4,MMR001012009,Ma Ru War Htang,24.19272046,97.48192969
adm4,MMR001012010,Myo Thit,24.41187199,97.44730971
adm4,MMR001012011,Min Jang,24.41149584,97.39736914
adm4,MMR001012012,Si Kaw,24.39514815,97.37214805
adm4,MMR001012013,Khon Sint,24.39270791,97.33727509
adm4,MMR001012014,Man Nawng,24.4534367,97.32902638
adm4,MMR001012015,Hnin Ei,24.51230437,97.29564418
adm4,MMR001012016,Pang Choe Hai,24.45174402,97.38501735
adm4,MMR001012017,Ma Khwei,24.49011145,97.34663283
adm4,MMR001012018,Nawng Kun (Nawng Kawn),24.47901499,97.37624653
adm4,MMR001012019,Nawng Kon,24.51653608,97.3644765
adm4,MMR001012020,Mong Hkat,24.45606976,97.43534705
adm4,MMR001012021,Tar Li,24.47901499,97.41364014
adm4,MMR001012022,Nwan Lang,24.49368489,97.45687003
adm4,MMR001012023,Zee Wone Gawt,24.46848275,97.50234374
adm4,MMR001012024,Sein Long,24.22705475,97.5098816
adm4,MMR001012025,Pang Mu,24.27194373,97.55376855
adm4,MMR001012026,Kon Pyi,24.28618419,97.47163991
adm4,MMR001012027,Sein Long Kaji,24.29323784,97.55969012
adm4,MMR001012028,Ka Le Chet,24.24651898,97.58555274
adm4,MMR001012029,Man Maw Kawng,24.33664174,97.59402795
adm4,MMR001012030,Ba Lawng Kawng,24.34100424,97.64654752
adm4,MMR001012031,Bum Ka Htaung,24.40604165,97.59642009
adm4,MMR001012032,Kun Shee (Pun Shee),24.41643025,97.66037728
adm4,MMR001012033,Kawng Hsa,24.26781294,97.74232528
adm4,MMR001012034,Prang Ngawn,24.2315465,97.72612998
adm4,MMR001012035,Bum Tawm,24.2734208,97.69053639
adm4,MMR001012036,Lawt Hkum,24.28744376,97.70828304
adm4,MMR001012037,Hka Rein Mu Dan,24.27514101,97.63221626
adm4,MMR001012038,Pang Hkat,24.20908778,97.63787082
adm4,MMR001012039,Wein Hkam,24.22474465,97.68447386
adm4,MMR001012040,Ma Kyang,24.67198058,97.46859391
adm4,MMR001012041,Ding Ga Yang,24.6142318,97.51588457
adm4,MMR001012042,In Baw Mong Kyin,24.60474537,97.56218195
adm4,MMR001012043,Au Htan Yang,24.54427723,97.48201854
adm4,MMR001012044,Tein Hpa Yar,24.58452541,97.36483855
adm4,MMR001012045,Thein Long,24.63963157,97.37627661
adm4,MMR001012046,Hpar Kei,24.60499175,97.39970879
adm4,MMR001012047,Tar Sai,24.71918756,97.36977051
adm4,MMR001012048,Nar Long,24.76647924,97.48752114
adm4,MMR001012049,Man Thea,24.69549003,97.42111206
adm4,MMR001012050,Ton Huong Yang,24.69627293,97.51758766
adm4,MMR001012051,Man Maw,24.77985531,97.4147878
adm4,MMR001012052,Man Ping (Ping),24.69413398,97.26373961
adm4,MMR001012053,Lai Lum Li Saw,24.80963568,97.50189395
adm4,MMR001012701,Urban,24.25542797,97.34807469
adm4,MMR001012702,Urban,24.2022812,97.71871329
adm4,MMR001012703,Urban,24.6155233,97.46108828
adm4,MMR001013001,Chaung Htauk,24.07390937,97.26533057
adm4,MMR001013002,Man Hkan Yi Hku,24.11542769,97.24591869
adm4,MMR001013003,Han Htet,24.07007922,97.18707616
adm4,MMR001013004,Kone Tein,24.10256479,97.21349215
adm4,MMR001013005,Nam Ma Hpwet,24.14587086,97.27820138
adm4,MMR001013006,Man Thar (Mansi),23.99759766,97.09916937
adm4,MMR001013007,Mong Hkawng,23.98137295,97.19120344
adm4,MMR001013008,Je Sum,23.90580154,97.25596777
adm4,MMR001013009,La Jawng,24.15059331,97.37922347
adm4,MMR001013010,Ma Dang Yang,23.97314749,97.34636676
adm4,MMR001013011,Au Ra Bum,24.02291795,97.37243878
adm4,MMR001013012,In Bar Par,24.05383669,97.59424583
adm4,MMR001013013,Zein Yawng,24.15132027,97.57577354
adm4,MMR001013014,Dum Buk,23.9905963,97.54023489
adm4,MMR001013015,Gaing Daw Man Bang (Man Bang Bum),24.08683395,97.64418835
adm4,MMR001013016,Hka Na Par,24.11459487,97.54454461
adm4,MMR001013017,Sa Done,24.15247697,97.65279134
adm4,MMR001013018,Mai Bat,24.10953749,97.68532923
adm4,MMR001013019,Ton Huong,24.15498342,97.71726305
adm4,MMR001013020,Ding Sing (Ding Sing Par),24.05242197,97.46432936
adm4,MMR001013021,Man Wein,23.83758883,97.58714066
adm4,MMR001013022,Man Mawn,23.82941791,97.56321343
adm4,MMR001013023,Nawng Loke,23.83181435,97.60486575
adm4,MMR001013024,Nawng Tsum,23.85828056,97.60684028
adm4,MMR001013025,Pang Hkam,23.87412341,97.61395351
adm4,MMR001013026,Nam Hkar Par,23.82662157,97.51904999
adm4,MMR001013027,La Gat Dawt,23.87759219,97.5487371
adm4,MMR001013028,Kaik Hteik,23.94688584,97.47378255
adm4,MMR001013029,Zaw Bon Hting Nu,23.90940018,97.44338124
adm4,MMR001013030,Bang Gaw Hting Nu,23.84822332,97.44740267
adm4,MMR001013031,Au Lang Par,23.81686375,97.3922581
adm4,MMR001013032,Kawng Lwin,23.74848962,97.07647876
adm4,MMR001013033,Si Au,23.69978648,97.06489354
adm4,MMR001013034,Si Kaw,23.85963399,97.06342421
adm4,MMR001013035,Than Ta Dar,23.90540223,97.07072161
adm4,MMR001013036,Si Hkam Gyi,23.81521897,97.0900227
adm4,MMR001013037,Nam Lin Par,23.76879622,97.18339673
adm4,MMR001013038,Mung Ding Par,23.8582481,97.17342525
adm4,MMR001013039,Ta Maw,23.78139146,97.3250381
adm4,MMR001013040,La Hkum Yar Mar,23.71603573,97.21210402
adm4,MMR001013701,Urban,24.12239799,97.28937261
adm4,MMR001014001,Sarl Hkum Dam,27.30875007,97.45694736
adm4,MMR001014002,Zi Aun,27.33695302,97.51190558
adm4,MMR001014003,Nam Ton Hku,27.14570571,97.31433159
adm4,MMR001014004,Pang Ma Ti,27.44794448,97.42432516
adm4,MMR001014005,Pu Tawng,27.36372217,97.45641637
adm4,MMR001014006,Mar Lu Leit,27.33425263,97.365181
adm4,MMR001014007,Man Say,27.43995397,97.33288378
adm4,MMR001014008,Man Say Hkun,27.6728313,97.21967012
adm4,MMR001014009,Lang Taung,27.27779896,97.54836388
adm4,MMR001014010,Mu Lar Hawng (Mu Lar Dee),27.24750482,97.41608949
adm4,MMR001014011,Hpat Ma,27.24513309,97.50314029
adm4,MMR001014012,Long Sha Yang,27.05513682,97.65523849
adm4,MMR001014013,Tsum Pi Yang,26.9526036,97.43114323
adm4,MMR001014014,Ma Kat Mon,27.33166674,97.55660826
adm4,MMR001014701,Urban,27.31839538,97.40959072
adm4,MMR001014901,,27.46362278,97.08775196
adm4,MMR001014902,,27.79063529,97.38438581
adm4,MMR001015001,Hpung Wea Yang,26.48022504,97.59300166
adm4,MMR001015002,In Ta Ga Lu,26.4726813,97.51560256
adm4,MMR001015003,Kun Shin Mar Kyei,26.47707018,97.35522254
adm4,MMR001015004,Pong Ing Hku,26.60278989,97.31230967
adm4,MMR001015005,In Yam Gar,26.74464743,97.3485335
adm4,MMR001015006,Shakrin Tu,26.64954406,97.72265165
adm4,MMR001015007,Hpon Ing Yang,26.69871486,97.64566542
adm4,MMR001015008,In Gaw Ma,26.66489853,97.50702247
adm4,MMR001015009,Mali Yang,26.62494615,97.66490246
adm4,MMR001015010,Hseng Ran,26.54368542,97.64693493
adm4,MMR001015011,Shakram Gar,26.73597352,97.72822106
adm4,MMR001015012,Hting Nang,26.58725329,97.91475408
adm4,MMR001015013,Hkin Du Yang,26.65381976,97.92249386
adm4,MMR001015014,Gan Ma Jawng,26.70309267,98.03447014
adm4,MMR001015015,Bum Wan,26.62030486,97.85442576
adm4,MMR001015016,In Ding Ding Sa,26.6668497,97.85868784
adm4,MMR001015017,Sha Chyum,26.67788987,97.77643602
adm4,MMR001015018,Wa Hpawng,26.62598625,97.76782726
adm4,MMR001015019,Lon Kan,26.59158476,97.81169748
adm4,MMR001015020,Nein Mar,26.57629167,97.73560309
adm4,MMR001015021,In Ding Kawt Nang,26.52109546,97.81133747
adm4,MMR001015022,San Htu,26.55386274,97.85768397
adm4,MMR001015023,In Gan Au Mar,26.53997177,97.91454291
adm4,MMR001015024,La Htun Ka Htaung,26.7047636,97.88518213
adm4,MMR001015025,Long Wan,26.73619374,97.77952925
adm4,MMR001015026,In Shee Hku,26.73672738,97.84065891
adm4,MMR001015027,Jahtung Au Mar,26.69134589,98.1368036
adm4,MMR001015028,In Hkai,26.57919987,98.01273355
adm4,MMR001015029,Hkin Dawng,26.64964019,98.00951936
adm4,MMR001015030,Hka Ka Ran Yang,26.26336618,97.49247859
adm4,MMR001015031,Ka War Pan,26.13583475,97.56805038
adm4,MMR001015032,But Hkar,26.06380092,97.53693404
adm4,MMR001015033,Pin Lum Bum,26.22480383,97.66810935
adm4,MMR001015034,Aum La Htum,26.38956366,97.71399661
adm4,MMR001015035,Htum Shin Kawt Nan,26.39048714,97.60087659
adm4,MMR001015036,Za Nan Kha,26.40679181,97.51661482
adm4,MMR001015037,Mai Htaung,26.34119684,97.42261771
adm4,MMR001015038,Du Rit,26.30372461,97.27951944
adm4,MMR001015039,Ma Gaw Gar,26.40783556,97.35389059
adm4,MMR001015040,Ton Yang,26.2288692,97.29229841
adm4,MMR001015701,Urban,26.56038726,97.54505205
adm4,MMR001016001,In Bu Bawt,27.32938433,97.61863642
adm4,MMR001016002,Nam Hkam,27.41861102,97.62977651
adm4,MMR001016003,Hta Ran Dam,27.40250343,97.56814821
adm4,MMR001016004,Kawng Mu Lon,27.42548621,97.53881608
adm4,MMR001016005,Man No,27.58650261,97.46237556
adm4,MMR001016006,Ah Lang Gar,27.34985913,97.69003669
adm4,MMR001016007,Htang Gar,27.29092894,97.77394569
adm4,MMR001016008,In Ga Ding Chet,27.22329018,97.90818154
adm4,MMR001016009,Shin Mway Yang,27.237978,97.66517264
adm4,MMR001016010,Ma Jang Gar,27.18319314,98.04083589
adm4,MMR001016011,Dawng Shar Lar (Dawng Ga),27.10019156,97.92254596
adm4,MMR001016012,Ding Bu Ding Sar,26.96061603,97.89556842
adm4,MMR001016016,In Dang Gar,26.79346466,97.79938187
adm4,MMR001016018,In Hkan Ga Run Hku,26.77516172,97.85354266
adm4,MMR001016020,Shin Naw Gar,27.15470231,97.76598564
adm4,MMR001016701,Urban,27.2829927,97.59271662
adm4,MMR001017001,Nawng Mun,27.55967959,97.71536394
adm4,MMR001017002,Ka San Hku,27.64907333,97.70181035
adm4,MMR001017003,Htung Lar Dam,27.78724992,97.64852735
adm4,MMR001017004,Yat Bawt,27.4504137,97.91499982
adm4,MMR001017005,Gat Htu,27.63995496,97.97469456
adm4,MMR001017006,Lang Sar Htu,27.69574726,97.89504865
adm4,MMR001017007,Da Bu Dam,27.71955564,98.05292717
adm4,MMR001017008,Ah Wi Wan,27.51373819,98.18966074
adm4,MMR001017009,Ngar War,27.92989709,97.80247694
adm4,MMR001017010,Da Zun Dam,27.96658183,97.94185286
adm4,MMR001017011,Ta Su Htu,28.24305082,97.70925572
adm4,MMR001017012,Ah Li Awng,27.99932211,98.07041177
adm4,MMR001017013,Ma Hkum Kan,27.74695451,98.16266207
adm4,MMR001017701,Urban,27.51009612,97.81241862
adm4,MMR001017702,Urban,27.72491031,97.87399148
adm4,MMR001018001,Hta Lar Law,27.13657567,98.35114927
adm4,MMR001018002,Hkaw Lar Dar Ho,27.21807847,98.15431371
adm4,MMR001018003,Man Kun Dam,27.05455347,98.42785267
adm4,MMR001018004,Da Ham,26.91514087,98.31125986
adm4,MMR001018005,Ah Ku,27.05866066,98.25563346
adm4,MMR001018006,Ka Khin,27.34726678,98.30525203
adm4,MMR001018007,Kawng Lo Lat,27.23931298,98.28023396
adm4,MMR001018008,Nyi Wan Htan,27.11318682,98.4758336
adm4,MMR001018009,Ya Man Chi,27.12504318,98.57201345
adm4,MMR001018010,Chi Htu Hpan,27.21385401,98.55213122
adm4,MMR001018011,Zan Yawt,27.19130885,98.48704359
adm4,MMR001018012,Zee Htan,27.3728423,98.64260445
adm4,MMR001018013,Dar Lang,27.34379299,98.50285454
adm4,MMR001018014,Lar Tar Kaw,27.53226467,98.49148194
adm4,MMR001018015,Za Nin Hti,27.27532023,98.40464643
adm4,MMR001018016,Hpi Zaw,26.94472431,98.41351916
adm4,MMR001018017,Hta Hpone,26.80968565,98.36724016
adm4,MMR001018018,Yat Mar,26.82664168,98.64290869
adm4,MMR001018019,Shee Lang Dam,27.0229368,98.66494341
adm4,MMR001018020,Nam Ching,26.95855238,98.53245318
adm4,MMR001018021,La Ja Gar,26.95407398,98.13599316
adm4,MMR001018022,Hkin Lum,26.85882827,98.19024563
adm4,MMR001018023,Ma Shawt Hku,26.82911264,98.03050989
adm4,MMR001018024,Hta Ri Wan Kawng,27.12259083,98.22910976
adm4,MMR001018701,Urban,27.05661991,98.36118705
adm4,MMR002001001,Pan Kan,19.65619836,97.21899314
adm4,MMR002001002,Htee Se Khar,19.85345895,97.259099
adm4,MMR002001003,Pein Chit,19.8992926,97.18661794
adm4,MMR002001004,Noe Koe,19.73364806,97.15078262
adm4,MMR002001005,Kone Thar,19.79305305,97.1573838
adm4,MMR002001006,Daw Paw Ka Le,19.69899298,97.16498198
adm4,MMR002001007,Nwar La Woe,19.76097613,97.19338231
adm4,MMR002001008,Chi Kei,19.70419352,97.25296343
adm4,MMR002001009,Ma Htaw Khu,19.6226592,97.28763528
adm4,MMR002001010,Par Laung,19.70885401,97.36460148
adm4,MMR002001011,Tee Lon,19.85879233,97.379776
adm4,MMR002001012,Law Da Lay,19.43399354,97.45777533
adm4,MMR002001701,Urban,19.68927878,97.20740635
adm4,MMR002001702,Urban,19.87723391,97.23081734
adm4,MMR002001703,Urban,19.54602569,97.32744419
adm4,MMR002002001,Sin Taung,19.68580605,97.07347921
adm4,MMR002002002,Hpa Yar Hpyu,19.66387088,97.16104126
adm4,MMR002002004,Oh Kay,19.66302285,97.12147943
adm4,MMR002002005,Daw Bu Ku,19.64123518,97.12829043
adm4,MMR002002006,Saung Du Ywar Thit,19.6213459,97.1225024
adm4,MMR002002007,War Thaw Kho Ywar Thit,19.64159589,97.05190851
adm4,MMR002002008,Thay Su Le,19.60541124,97.14576712
adm4,MMR002002009,Daw Taw Ku,19.58692091,97.10226007
adm4,MMR002002010,Naung Pale,19.55507319,97.10002523
adm4,MMR002002011,Demoso,19.56000066,97.15097276
adm4,MMR002002012,Daw Yauk Khu,19.45355576,97.01764148
adm4,MMR002002013,Khu Pa Yar,19.46950547,96.93396121
adm4,MMR002002014,Lo Bar Kho,19.52106445,96.93673945
adm4,MMR002002015,War Ban Pa Loet,19.5393478,97.02107091
adm4,MMR002002016,Mya Le,19.60087994,97.04097771
adm4,MMR002002017,Saung Du Lar,19.51084947,97.09244455
adm4,MMR002002018,Lo Pu,19.58088843,96.95866483
adm4,MMR002002019,Ho Wan,19.55591497,96.92192433
adm4,MMR002002020,Pan Pet,19.59267375,96.99322079
adm4,MMR002002021,Ngwe Taung,19.5404934,97.19592166
adm4,MMR002002022,San Pya (6) Maing,19.61078496,97.20678003
adm4,MMR002002023,Daw Ka Law Du,19.51584803,97.26489607
adm4,MMR002002024,Daw Hpu,19.41525718,97.37376747
adm4,MMR002002025,Htee Hpoe Ka Loe,19.44899578,97.25661412
adm4,MMR002002026,Daw Ta Ma Gyi,19.31514759,97.35626524
adm4,MMR002002701,Urban,19.53989872,97.15741942
adm4,MMR002002702,Urban,19.66983057,97.11080838
adm4,MMR002003001,Hpruso,19.41857785,97.18752002
adm4,MMR002003002,Htee Paw So,19.49932274,97.14560982
adm4,MMR002003003,Rar Aye Pa Rar,19.32140624,97.00593069
adm4,MMR002003004,Kay Hlar (Kyei Hpoe Gyi),19.33786602,97.26159698
adm4,MMR002003005,Mar Kha Yaw Shey,19.29139062,97.21134099
adm4,MMR002003006,Mo So,19.37437925,97.06657706
adm4,MMR002003007,Doe Lar Saw,19.2648703,97.09418343
adm4,MMR002003008,Doe Pa Rei,19.32874054,97.11773418
adm4,MMR002003009,Ho Yar,19.34163976,96.93238152
adm4,MMR002003010,Do Mo Saw,19.24480194,97.01162174
adm4,MMR002003011,Raw Daw Khaw,19.26510178,96.88166694
adm4,MMR002003012,Kay Kaw,19.17255281,96.93329684
adm4,MMR002003013,Tho Thee Hpo,19.11894031,97.02794332
adm4,MMR002003014,Taw Khu,19.18233159,97.14730662
adm4,MMR002003701,Urban,19.41805133,97.13061527
adm4,MMR002004001,Shadaw (North),19.76820217,97.5101091
adm4,MMR002004002,Shadaw (South),19.57494394,97.47707439
adm4,MMR002004003,Shadaw (Middle),19.44273743,97.67677175
adm4,MMR002004701,Urban,19.63026939,97.52047295
adm4,MMR002005001,Bu Khu,19.24401512,97.29088481
adm4,MMR002005002,Nan Hpe,19.10450162,97.26617633
adm4,MMR002005003,Bawlake,19.13328312,97.36688519
adm4,MMR002005004,Saw Lon,19.20162298,97.41032699
adm4,MMR002005005,Chi Kweit,18.9826806,97.3632176
adm4,MMR002005006,Wan Lwe,19.25823748,97.52997738
adm4,MMR002005008,Lwei Waing,18.99458885,97.44942938
adm4,MMR002005009,Hway Aw,19.09010637,97.65938332
adm4,MMR002005701,Urban,19.16194333,97.329544
adm4,MMR002005702,Urban,19.16587051,97.48489357
adm4,MMR002006001,Hpasawng,18.96709458,97.23732498
adm4,MMR002006002,Wan Aung,18.8556423,97.36177905
adm4,MMR002006003,Ba Han Lawt,18.96009682,97.12190809
adm4,MMR002006004,Kwar Khee,18.95513115,97.01821697
adm4,MMR002006005,Kaw Thu Doe,18.81788111,97.08042114
adm4,MMR002006006,Maw Chee,18.85180716,97.18059788
adm4,MMR002006007,Mo Sar Khee,18.76080183,97.2324304
adm4,MMR002006008,Ka Rei Khee,18.68926111,97.23988163
adm4,MMR002006701,Urban,18.86867742,97.31598645
adm4,MMR002007001,Mese,18.81226698,97.58107754
adm4,MMR002007002,Ho Gyit,18.58099681,97.5760125
adm4,MMR002007003,Mei Se Nan,18.65856707,97.42183845
adm4,MMR002007004,Nan Man,18.67657454,97.72367348
adm4,MMR002007701,Urban,18.64103859,97.65447458
adm4,MMR003001001,Kawt Ta Yoke Ya,16.75930861,97.65866145
adm4,MMR003001002,Kawt Hlaik,16.7933085,97.63051588
adm4,MMR003001003,Kawt Than Khar,16.705286,97.63980511
adm4,MMR003001004,Kawt Ku,16.984438,97.6347726
adm4,MMR003001005,Kawt Hta Ma Lein,16.77043442,97.69036691
adm4,MMR003001006,Kawt Kyaik (Hpa Aun),16.6695155,97.66915277
adm4,MMR003001007,Kawt Thin,16.5353665,97.77917123
adm4,MMR003001008,Kawt La Mu,16.54107168,97.81600128
adm4,MMR003001009,Kyon Hpe,16.6039365,97.77421568
adm4,MMR003001010,Kawt Gun (Hpe Ka Tar),16.6117065,97.6840147
adm4,MMR003001011,Ku Lar Su,16.655776,97.68243702
adm4,MMR003001012,Kyon Sauk,16.6355735,97.94034033
adm4,MMR003001013,Kawt Gun (Bar Kut),16.840917,97.58054415
adm4,MMR003001014,Kawt Yin (Upper),16.948722,97.51109459
adm4,MMR003001015,Kawt Yin (Lower),16.8999055,97.50735719
adm4,MMR003001016,Kawt Thin Shu (Hta Ma Taing),16.7934955,97.72012949
adm4,MMR003001017,Kawt Sein Ban (Upper),16.767511,97.72712677
adm4,MMR003001018,Kawt Sein Ban (Lower),16.721435,97.72877853
adm4,MMR003001019,Kawt Ka Dar,16.7143235,97.80212734
adm4,MMR003001020,Kawt Mu Tar,16.7326555,97.68262002
adm4,MMR003001021,Kawt Htaw,16.91309642,97.65169678
adm4,MMR003001022,Kyon Ma Thwe,17.0994715,97.54581654
adm4,MMR003001023,Kyauk Ta Lone,17.04335227,97.50100215
adm4,MMR003001024,Kan Kha Ye,16.80863428,97.9299361
adm4,MMR003001025,Kaw He,17.387196,97.52860336
adm4,MMR003001026,Kyon Htaw,17.3777259,97.47869725
adm4,MMR003001027,Kha Ye (Kan Nar),16.664012,97.97421631
adm4,MMR003001028,Kha Yar (Ah Pyin),16.5852475,97.81897705
adm4,MMR003001029,Kha Yar (Ah Twin),16.640063,97.80592795
adm4,MMR003001030,Khe Tauk,16.93305183,97.59520669
adm4,MMR003001031,Kha Lauk Htaung,16.895432,97.76068384
adm4,MMR003001032,Gyaing,16.61251852,97.97724943
adm4,MMR003001033,San Hpa Ree,16.94247997,97.7192634
adm4,MMR003001034,Sin Kyone,16.8079745,97.56749043
adm4,MMR003001035,Zar Tha Pyin (East),16.5683765,97.77064059
adm4,MMR003001036,Zar Tha Pyin (West),16.617627,97.72945812
adm4,MMR003001037,Ta Yoke Hla,16.8275145,97.62535644
adm4,MMR003001038,Taw Pon,16.8193795,97.65769731
adm4,MMR003001039,Ta Kaung Boe,17.1535545,97.60395678
adm4,MMR003001040,Ta Dar U,17.09346991,97.50150218
adm4,MMR003001041,Ta Gay Laung,17.45290774,97.48037716
adm4,MMR003001042,Me Tha Na,17.28586,97.54002176
adm4,MMR003001043,Htone Aing,16.69334412,97.60381319
adm4,MMR003001045,Htaung Ka Lat,16.900018,97.7303785
adm4,MMR003001046,Naung Hta Lone,16.7375065,97.62819325
adm4,MMR003001047,Naung Ka Myaing,17.04833073,97.60391617
adm4,MMR003001048,Hnit Char,16.8240925,97.5859955
adm4,MMR003001049,Naung Kyan,16.98216358,97.46726982
adm4,MMR003001050,Naung Lon (West),16.8114865,97.68970061
adm4,MMR003001051,Naung Lon (East),16.800929,97.76537538
adm4,MMR003001052,Naung Kone,16.678849,97.88610178
adm4,MMR003001053,Nat Hteik,16.69966756,97.95175663
adm4,MMR003001054,Nat Kyun,16.73745766,97.95069718
adm4,MMR003001055,Naung Pa Lein,16.90975692,97.78508664
adm4,MMR003001056,Pawt Htaw,17.012587,97.63066969
adm4,MMR003001057,Pan Kone,16.846599,97.52174241
adm4,MMR003001058,Pyin Ma Pin Seik,17.57913912,97.43697486
adm4,MMR003001059,Hpe Ka Tar,16.61581502,97.65948046
adm4,MMR003001060,Hpa Aun,16.641322,97.64772098
adm4,MMR003001061,Byet Kha,16.862257,97.81315356
adm4,MMR003001062,Bar Kat,16.87980356,97.59663088
adm4,MMR003001063,Bin Gyi,16.9992005,97.51600564
adm4,MMR003001064,Mi Zan,16.9674965,97.67508357
adm4,MMR003001065,Min Zi,17.0955685,97.58193516
adm4,MMR003001066,Hmaing Kan,17.00830582,97.68032441
adm4,MMR003001067,Mi Kayin,16.9881485,97.55923013
adm4,MMR003001068,Moke Ka Di,16.964137,97.59086084
adm4,MMR003001069,Myaing Ka Lay,16.912945,97.58622207
adm4,MMR003001070,Mi Tha Yaung,16.810399,97.84280436
adm4,MMR003001071,Mee Zaing,17.336721,97.60654568
adm4,MMR003001072,Shwe Taw,16.6914335,97.67824701
adm4,MMR003001073,Ye Thar,16.84557947,97.64961024
adm4,MMR003001074,Ya Thayt Pyan,16.862123,97.58140169
adm4,MMR003001075,Yae Kyaw,16.7418552,97.57653761
adm4,MMR003001076,Hlaing Ka Bar,16.78699547,97.67563693
adm4,MMR003001077,Hlar Kar,16.9447265,97.52692929
adm4,MMR003001078,Hlar Ka Daung,16.87974046,97.68913335
adm4,MMR003001079,Hlar Ka Myin,16.9506315,97.67936102
adm4,MMR003001080,Let Kha Na,16.839351,97.77661967
adm4,MMR003001081,Lun Nya,16.7579865,97.81164763
adm4,MMR003001082,Wea Gyi,16.77209645,97.57463383
adm4,MMR003001083,Win Kyan,16.76740246,97.62058521
adm4,MMR003001084,Wut Gyi,17.0536475,97.55528256
adm4,MMR003001085,Than Hlei,16.62834,97.88998461
adm4,MMR003001086,Thar Yar Kone,16.73401105,97.88293469
adm4,MMR003001087,Hat Ta Laik,17.28359121,97.50002046
adm4,MMR003001088,Ohn Ta Pin,16.84459,97.69174446
adm4,MMR003001089,Ein De,16.827766,97.73187526
adm4,MMR003001090,Ein Du,16.775508,97.76412482
adm4,MMR003001091,Ei Hei,17.17397255,97.53293301
adm4,MMR003001092,Thar Ma Nya,16.738274,97.85507612
adm4,MMR003001701,Urban,16.87146935,97.6460947
adm4,MMR003002001,Ka Mawt Ka Chu,17.0935525,97.90476669
adm4,MMR003002002,Kawt Hlaing,17.1103425,97.86549041
adm4,MMR003002003,Win Sein,17.145877,97.84986405
adm4,MMR003002004,Naung Taing,17.170374,97.87045254
adm4,MMR003002005,Kun Bi,17.172738,97.81656658
adm4,MMR003002006,Pein Hne Taw,17.1912925,97.79808775
adm4,MMR003002007,Kun Tar,17.1401005,97.7763321
adm4,MMR003002008,Daing Pya,17.0767395,97.80834435
adm4,MMR003002009,Sin Ku,17.04096,97.85852698
adm4,MMR003002010,Ah Htet Yae Pu,17.0233255,97.83632303
adm4,MMR003002011,Auk Yae Pu,16.98253326,97.84029564
adm4,MMR003002012,Hti Lon,16.9993105,97.7831179
adm4,MMR003002013,Than Ban,16.95790829,97.75616459
adm4,MMR003002014,Naung Tha Ngeit,16.94086745,97.78732701
adm4,MMR003002015,Tha Pu To,17.00643493,97.73027831
adm4,MMR003002016,Tar Paung,16.9533775,97.88114627
adm4,MMR003002017,Ka Di Kan,16.91656978,97.85860658
adm4,MMR003002018,Kawt Myat Gyi,16.873999,97.91034744
adm4,MMR003002019,Pat Kyaw,17.039933,97.90934781
adm4,MMR003002020,Nwet Pyin Nyar,17.19801,97.9085418
adm4,MMR003002021,Me Law Khee,17.252871,97.97150398
adm4,MMR003002022,Me Tha Mu,17.3162615,97.89515391
adm4,MMR003002023,Kwee Lay,17.3465705,97.82040696
adm4,MMR003002024,Kyar Inn,17.315778,97.8055264
adm4,MMR003002025,Saw Law,17.42111825,97.98687925
adm4,MMR003002026,Yin Baing,17.5453447,97.77402088
adm4,MMR003002027,Yae Ta Khun,17.74010744,97.72615022
adm4,MMR003002028,Ka Mawt Le (Kyaung),17.39467555,97.76555785
adm4,MMR003002029,Me La Yaw,17.488562,97.88022682
adm4,MMR003002030,Ka Mawt Le (Ma Ae) (Ah Lel),17.35215407,97.7207461
adm4,MMR003002031,Shwe Gun,17.1728685,97.66548185
adm4,MMR003002032,Ko Maung,17.23226709,97.65324811
adm4,MMR003002033,Mya Lay,17.30988774,97.65115353
adm4,MMR003002034,Inn No Theik Pan,17.24198865,97.69830054
adm4,MMR003002035,Ta Wun Hpan Ya,17.02987002,97.70998073
adm4,MMR003002036,Kyon Pa Ko,17.10964,97.71012336
adm4,MMR003002037,Gyoet Chaung,17.1019571,97.65262111
adm4,MMR003002038,U Daung,17.06519454,97.63264093
adm4,MMR003002039,Ta Khin Lone,17.06190252,97.71252816
adm4,MMR003002040,Thar Yar Kone (Kat Pa Li),17.1708035,97.70362137
adm4,MMR003002041,Naw Kaw,17.220727,97.71065699
adm4,MMR003002042,Ta Khwet Hpoe,17.291401,97.71160761
adm4,MMR003002043,Hta Thein Kyoe Waing,17.4038605,97.82409244
adm4,MMR003002044,Ka So,17.0113055,97.94638834
adm4,MMR003002045,Naung Kha Lone,17.04100618,97.98159217
adm4,MMR003002046,Moe Naing,17.0208155,98.01430534
adm4,MMR003002047,Win Hpa Ya,16.970516,97.93302414
adm4,MMR003002048,Naung Boe Gyi,16.952312,97.94806206
adm4,MMR003002049,Ywar Kaing Kaung,16.918449,97.94254799
adm4,MMR003002050,Kawt Nwet,16.8608255,97.96173039
adm4,MMR003002051,Naung Mya Lwe,16.8686165,98.00382508
adm4,MMR003002052,Kawt Hpa Mut,16.81340584,97.98942666
adm4,MMR003002053,Kawt Ma Yaing,16.7715594,98.01562008
adm4,MMR003002054,Daw Lan,16.71072441,98.00148932
adm4,MMR003002055,Pa Ta,16.8075555,98.06487018
adm4,MMR003002056,Naung Khwee,16.8482705,98.15134992
adm4,MMR003002057,Bi Sa Kat,16.8463495,98.08515536
adm4,MMR003002058,Tar Ka Yar,16.8848075,98.11990605
adm4,MMR003002059,Hti Hpoe Kein,16.8975175,98.02055433
adm4,MMR003002060,Yae Pu Gyi,16.9180775,98.10500061
adm4,MMR003002061,Kyet Tu Yway,16.9493015,98.05011203
adm4,MMR003002062,Paw Lauk,16.932294,97.99615039
adm4,MMR003002063,Htan Ta Pin,16.9743555,98.01837261
adm4,MMR003002064,Me Pa Ra,16.990797,98.1031726
adm4,MMR003002065,Tar Lel,17.16631929,98.16219431
adm4,MMR003002066,Win Saw,17.2564495,98.07327334
adm4,MMR003002067,Law Kaw,17.077469,97.96938225
adm4,MMR003002068,Mi Kyaung,17.0974905,98.05939833
adm4,MMR003002069,Tha Mo,17.169533,97.99572883
adm4,MMR003002070,Paung,16.870711,98.05520774
adm4,MMR003002071,Pa Hta Lar Pa,17.3220455,97.93909027
adm4,MMR003002072,Poe Pa Lay,17.350038,98.0493613
adm4,MMR003002701,Urban,17.1155895,97.82990949
adm4,MMR003002702,Urban,17.02381607,97.98891865
adm4,MMR003002703,Urban,17.42487495,97.88473627
adm4,MMR003002901,,17.111413,97.7454477
adm4,MMR003002902,,17.248293,97.79545694
adm4,MMR003003001,Hpa Pun (West),18.05445151,97.41466935
adm4,MMR003003002,Me Tha Lut,18.10060251,97.46891645
adm4,MMR003003003,Ta Khun Taing,18.017722,97.47043197
adm4,MMR003003004,Whay San,17.96594034,97.4997669
adm4,MMR003003005,Ma Htaw,17.9178171,97.4147157
adm4,MMR003003006,Khaw Poke,18.24159329,97.56249111
adm4,MMR003003007,Pan Haik,18.298034,97.41251155
adm4,MMR003003008,Bwar Doe,18.00794301,97.64272556
adm4,MMR003003009,Pyin Ma,17.89604265,97.53656533
adm4,MMR003003010,Tay Mu Doe,18.60535368,97.23421626
adm4,MMR003003011,Kawt Lu Doe,18.4189555,97.26747914
adm4,MMR003003012,Be Saw Law,18.36608854,97.15920349
adm4,MMR003003013,Htee Baw Khee,18.62982936,97.032329
adm4,MMR003003014,Min Nan Nwe,18.14055301,97.28977355
adm4,MMR003003015,Nan Khu Khee,17.945806,97.30160185
adm4,MMR003003016,Me Waing,17.890166,97.28167753
adm4,MMR003003017,Me Tu Khee,17.84529948,97.21554069
adm4,MMR003003018,Kyauk Taung,17.809042,97.33303077
adm4,MMR003003019,Hla Gun Pyo,17.71223621,97.32306856
adm4,MMR003003020,Ma Lay Kyauk,17.70761108,97.22118132
adm4,MMR003003021,Win Maung (Tha Yet Pin Seik),17.596567,97.22633245
adm4,MMR003003022,Me Chon Wa,17.61261725,97.29435543
adm4,MMR003003023,Kun Pin Wa,17.8218236,97.43252591
adm4,MMR003003024,Sin Swei,17.73059457,97.47590446
adm4,MMR003003025,Ka Taing Ti,17.60016071,97.52042972
adm4,MMR003003026,Day War (Nat Kyauk),17.65092768,97.61981873
adm4,MMR003003027,Shwe Hpa Lar Kya,17.5701423,97.66646955
adm4,MMR003003028,Me Pa Li,17.49950114,97.70636074
adm4,MMR003003029,Kwin Da La (Yae Pu),17.48248551,97.56337751
adm4,MMR003003030,Pu Zun Myaung,17.43684655,97.70003383
adm4,MMR003003031,War Kaw Kyay,17.41378952,97.63001099
adm4,MMR003003032,Daw Mwe,17.72921392,97.61072685
adm4,MMR003003033,Myin Ta Pyay,17.824441,97.57603497
adm4,MMR003003701,Urban,18.05676702,97.4519241
adm4,MMR003003702,Urban,17.34624557,97.65170881
adm4,MMR003004001,Ywar Gyi,19.00026134,96.60133923
adm4,MMR003004002,Si Pin Gyi,18.9913185,96.65108953
adm4,MMR003004003,Si Pin Ka Lay,18.964356,96.70329835
adm4,MMR003004004,Kywe Hpyu Taung,19.07891451,96.60558076
adm4,MMR003004005,Taw Pyar Gyi,19.05350879,96.64792428
adm4,MMR003004006,Khon Taing,18.996265,96.78932954
adm4,MMR003004007,Maung Nwet Gyi,19.03608801,96.73986413
adm4,MMR003004008,Leik Pyar Ka Lay,19.098641,96.73681304
adm4,MMR003004009,Leik Pyar Gyi,19.1422105,96.71557491
adm4,MMR003004010,Dar War Law Chi,19.1391605,96.65404854
adm4,MMR003004011,Lel Kho Doe Kho,19.1236625,96.83980109
adm4,MMR003004012,Lel Kho Doe Kar,19.068799,96.83879466
adm4,MMR003004013,Sho Kho,19.030079,96.88237139
adm4,MMR003004014,Ah Lel Chaung,19.168168,96.61410717
adm4,MMR003004015,Mong Lun,19.191537,96.67356291
adm4,MMR003004016,Za Le,19.1623035,96.57033933
adm4,MMR003004017,Thar Moe Taung,19.110778,96.55954825
adm4,MMR003004018,Leik Tho Gyi,19.222627,96.61039014
adm4,MMR003004019,La Bet Inn Gyi,19.21982711,96.56731234
adm4,MMR003004020,Hta Mon,19.21019066,96.5279108
adm4,MMR003004021,Kya Maing,19.2640995,96.55535356
adm4,MMR003004022,Kyauk Ta Gar,19.302187,96.49064017
adm4,MMR003004023,Meik Tha Lin Taung,19.3242045,96.59321699
adm4,MMR003004024,Kyay Min,19.272446,96.62675933
adm4,MMR003004025,Hnget Pyaw Taw,19.3006515,96.66905226
adm4,MMR003004026,Ah Doe Thea Pyaw,19.3437815,96.65937292
adm4,MMR003004027,Ka Saw Pa Lo,19.3099255,96.71511616
adm4,MMR003004028,Chee Thu Saw (Lower),19.2507935,96.6789658
adm4,MMR003004029,Thar Mi Taik,19.383505,96.46211457
adm4,MMR003004030,Shan Lel Pyin Gyi,19.4180505,96.53698508
adm4,MMR003004031,Min Lan Taung,19.43403426,96.47875809
adm4,MMR003004032,Ngwe Taung (Lower),19.4353955,96.56329903
adm4,MMR003004033,Shan Lel Pyin (Lower),19.3532075,96.53079807
adm4,MMR003004034,Kyauk Gyi Taung,19.36588193,96.49012555
adm4,MMR003004035,Kyay Ka Tawt,19.3831735,96.62423722
adm4,MMR003004036,Taw Pone,19.3931585,96.58422774
adm4,MMR003004037,Ka Lay Kho,19.3621365,96.71004846
adm4,MMR003004038,Maung Kyaw,19.43695862,96.65462731
adm4,MMR003004039,Maung Ba Lauk,19.47774937,96.65788833
adm4,MMR003004040,Ka Lay Ta,19.39195085,96.76920905
adm4,MMR003004041,Dar Yoe,19.31933941,96.78323145
adm4,MMR003004042,Ho Thaw Pa Lo,19.16685632,96.79258979
adm4,MMR003004043,Kha Mar Di Hpo Li,19.27387222,96.77608729
adm4,MMR003004044,Htee Thar Saw,19.22341154,96.77513722
adm4,MMR003004045,Chaung Ma Nge,18.8498605,96.63353579
adm4,MMR003004046,Tha Pyay Nyunt,18.671916,96.69673768
adm4,MMR003004047,Me Tin Tein,18.73229979,96.63714233
adm4,MMR003004048,Kyauk Hpyar,18.649264,96.81783084
adm4,MMR003004049,Kyauk Pon,18.892642,96.7729534
adm4,MMR003004050,Sa Par Kyi,18.9494085,96.83268062
adm4,MMR003004051,Pyaung Tho,18.924865,96.7324415
adm4,MMR003004052,Yae Thoe Gyi,18.872465,96.83485713
adm4,MMR003004053,Hoe Chee,18.85794261,96.95678319
adm4,MMR003004054,Tha Lo Bwar,18.89313888,96.95694039
adm4,MMR003004055,Bo Khar Lay Kho,18.974248,96.9139593
adm4,MMR003004056,Yae Ta Khun,18.833066,96.71718381
adm4,MMR003004057,Maung Taing Gyi,18.8142855,96.81520594
adm4,MMR003004058,Si Ke Doe,18.77380499,96.92952533
adm4,MMR003004059,Zin Taing Gyi,18.7296075,96.8590998
adm4,MMR003004701,Urban,19.05843312,96.6854182
adm4,MMR003004702,Urban,19.0200062,96.58594077
adm4,MMR003004703,Urban,19.22521651,96.58107582
adm4,MMR003004704,Urban,18.9112035,96.78497757
adm4,MMR003005001,Me Htaw Tha Lay,16.62910799,98.52424742
adm4,MMR003005002,Htee War Pa Law,16.79767151,98.32291556
adm4,MMR003005003,Paw Law,16.725116,98.33175677
adm4,MMR003005004,Me Ka Lar / Son See Myiang,16.2085032,98.65959138
adm4,MMR003005005,Tar Oke,16.24136546,98.53944818
adm4,MMR003005006,Ti Thea Lel (Maw Khee),16.22569122,98.74037105
adm4,MMR003005007,Mi Hpar / Tha Bawt Boe,16.38056951,98.62021351
adm4,MMR003005008,Hpa Lu,16.44657691,98.54625462
adm4,MMR003005009,Me Ka Nei,16.61921791,98.45224207
adm4,MMR003005010,Thin Gan Nyi Naung,16.69054101,98.39431841
adm4,MMR003005011,Kwin Ka Lay,16.58296726,98.42569373
adm4,MMR003005012,Whayt Shan,16.709706,98.35973215
adm4,MMR003005013,Me Pa Leit,16.80602001,98.41273116
adm4,MMR003005014,Hpar Ka Lu,16.87602524,98.26648993
adm4,MMR003005015,Pu Lwe Pu,16.9923325,98.23015532
adm4,MMR003005016,Maw Khee,16.28728922,98.87176474
adm4,MMR003005017,Lawt Hkaw,16.26433966,98.81146728
adm4,MMR003005701,Urban,16.67890069,98.49319959
adm4,MMR003005702,Urban,16.15549777,98.5956589
adm4,MMR003005703,Urban,16.29127592,98.71358659
adm4,MMR003005901,,16.90692233,98.41662873
adm4,MMR003006001,Tha Yet Taw,16.7976315,98.10733437
adm4,MMR003006002,Wea Lit,16.816094,98.21189871
adm4,MMR003006003,Inn Shey,16.7559445,98.12186429
adm4,MMR003006004,Kha Nein Hpaw,16.74694137,98.07498826
adm4,MMR003006005,Na Bu Hnit Char,16.7186705,98.11222846
adm4,MMR003006006,Na Bu Ta Khun Taing,16.76290352,98.21732476
adm4,MMR003006007,Naung Ta Pwe,16.6906215,98.08201083
adm4,MMR003006008,Htee Ka Lay,16.72298219,98.2389422
adm4,MMR003006009,Naung Kaing,16.681115,98.26144276
adm4,MMR003006010,Hti Hpoe Zan,16.6625575,98.19361959
adm4,MMR003006011,Naung Htet Pan,16.7054165,98.17041244
adm4,MMR003006012,Mya Pa Taing,16.648614,98.14562361
adm4,MMR003006013,Kyon Baing,16.6494185,98.0813041
adm4,MMR003006014,Daw Hpyar,16.64660001,98.02517611
adm4,MMR003006015,Yan Koke,16.614338,98.25680111
adm4,MMR003006016,Ta Tan Ku,16.5827005,98.30874828
adm4,MMR003006017,Kawt Nwe,16.5454095,98.38791421
adm4,MMR003006018,Myauk Kyar Inn,16.515317,98.15812361
adm4,MMR003006019,Yae Kyaw Gyi,16.5257495,98.20390442
adm4,MMR003006020,Haung Tha Yaw,16.47755706,98.19558673
adm4,MMR003006021,An Hpa Gyi,16.500241,98.23649337
adm4,MMR003006022,Set Ka Wet,16.47175153,98.35899653
adm4,MMR003006023,Dauk Pa Lan,16.45574671,98.25519211
adm4,MMR003006024,Kyon Doe Chaung Hpyar,16.615653,98.0618726
adm4,MMR003006025,Inn Gyi,16.6001885,98.08507187
adm4,MMR003006026,Kawt War Le,16.560221,98.06928043
adm4,MMR003006027,Yae Pu Gyi,16.5750385,98.13437836
adm4,MMR003006028,Myauk Kan Ma Yaik,16.50757552,98.10415822
adm4,MMR003006029,Taung Kan Ma Yaik,16.4658945,98.09925087
adm4,MMR003006030,Tha Mein Dut,16.4251305,98.09891244
adm4,MMR003006031,Win Ka,16.3411905,98.08015725
adm4,MMR003006032,Hti Hu Than,16.25770149,98.11694456
adm4,MMR003006033,Taung Kyar Inn,16.4767465,98.14713422
adm4,MMR003006034,Laung Kaing,16.445439,98.15315387
adm4,MMR003006035,An Kaung,16.447737,98.20500939
adm4,MMR003006036,Ta Ri Ta Khaung,16.39823515,98.21287314
adm4,MMR003006037,Tha Pyu (Ka Maw Pi),16.31687408,98.22078111
adm4,MMR003006038,Ah Nauk Bet Kan,16.59022375,98.01467928
adm4,MMR003006039,Kan Ni,16.561464,98.01459344
adm4,MMR003006040,Mi Ka Lon,16.52220868,98.04704465
adm4,MMR003006041,Ku Lar Kyauk Hpyar,16.504971,98.03034093
adm4,MMR003006042,Kayin Kyauk Hpyar,16.5382145,98.01842306
adm4,MMR003006043,Kawt Hlyan,16.55682512,97.99348935
adm4,MMR003006044,Hpar Boke,16.4804114,98.00672958
adm4,MMR003006045,Ei Baing,16.391313,98.01324867
adm4,MMR003006046,Ka Nyin Ka Taik,16.49233529,97.95909446
adm4,MMR003006047,Kha Yit Kyauk Tan,16.56324113,97.94718574
adm4,MMR003006048,Min Ywar,16.53631665,97.88561441
adm4,MMR003006049,Kawt Pauk,16.581466,97.8861845
adm4,MMR003006050,Kawt Bein,16.56877991,97.84112058
adm4,MMR003006051,Kawt Goe,16.60107795,97.90329948
adm4,MMR003006052,Paing Yat,16.47127055,97.913875
adm4,MMR003006053,Kha Yin,16.415379,98.05392333
adm4,MMR003006701,Urban,16.562354,98.24031587
adm4,MMR003006702,Urban,16.59591181,98.04138997
adm4,MMR003007001,Shwe Taung Bo,16.03381234,98.08496416
adm4,MMR003007002,Kyar Inn Shwe Doe,16.085026,98.11304642
adm4,MMR003007003,Ka Mawt,16.09829943,98.02261683
adm4,MMR003007004,Than Pu Yar,16.12146975,98.05138982
adm4,MMR003007005,Ah Ka Law,16.12465768,97.98020057
adm4,MMR003007006,Dar Li,16.114972,98.09733248
adm4,MMR003007007,Kya Khat Chaung,16.057016,98.19746108
adm4,MMR003007008,Nat Chaung Kan Nar,16.01017762,98.16920148
adm4,MMR003007009,Nat Chaung Ah Lel,15.98371,98.18441439
adm4,MMR003007010,Ya Thayt,16.17423439,98.17278945
adm4,MMR003007011,Da Noe,15.8558465,98.15765861
adm4,MMR003007012,Ka Sat,15.864672,98.23241197
adm4,MMR003007013,Kun Ka Thaung,16.04419904,98.00786732
adm4,MMR003007014,Seik Ka Lay,15.9480195,98.06501872
adm4,MMR003007015,Kha Lel Saw,15.790416,98.08262264
adm4,MMR003007016,Khway Thoe Seik,15.8445,97.98975358
adm4,MMR003007017,Win Yaw Seik Gyi,15.95618607,97.97840473
adm4,MMR003007018,Taung Dee,15.98250276,97.89742494
adm4,MMR003007019,Ta Khun Taing,16.05143892,97.92810669
adm4,MMR003007020,Kha Lel,16.07602933,97.87133318
adm4,MMR003007021,Pyaung Ma Htein,15.39347765,98.43856374
adm4,MMR003007022,Hti Son,15.551837,98.35123439
adm4,MMR003007023,Kyun Chaung,15.55890563,98.24462825
adm4,MMR003007024,Koe Mar,15.6820315,98.29150977
adm4,MMR003007025,Hlut Shan,15.74794566,97.9087679
adm4,MMR003007026,Ah Nan Kwin,15.5748996,98.03683899
adm4,MMR003007027,Kyauk Bi Lu,15.48738952,98.20100183
adm4,MMR003007028,Win Kha Na,15.4773796,98.14562513
adm4,MMR003007029,Hpar Pya,15.7852015,97.97586033
adm4,MMR003007030,Kyon Kha Wun,15.87544367,97.90419643
adm4,MMR003007031,Khu Don,16.42774836,98.37914267
adm4,MMR003007032,Ah Sun,16.36886814,98.34392665
adm4,MMR003007033,Lan Hpar,16.34155448,98.40753474
adm4,MMR003007034,Kawt Saing,16.26739159,98.36039469
adm4,MMR003007035,Thin Gan Pin Seik,16.25180267,98.23208043
adm4,MMR003007036,Paing Ka Lar Don,16.2094535,98.39408685
adm4,MMR003007037,Kwin Ka Lay,16.174196,98.44655461
adm4,MMR003007038,Maw Khe Khee,16.134377,98.46241519
adm4,MMR003007039,Mi Tan,16.0287535,98.45371707
adm4,MMR003007040,Thar Ka Hta,16.07532263,98.47040156
adm4,MMR003007041,Hti War Ka Lu,15.999817,98.54987095
adm4,MMR003007042,Mi Na Ah,15.98734437,98.42032302
adm4,MMR003007043,Hpar Kwee,15.9341068,98.50590466
adm4,MMR003007044,Ah Zin,15.86565586,98.54538169
adm4,MMR003007045,Khwi Ka Lon,15.7835875,98.55722604
adm4,MMR003007046,Taung Ka Lay,15.630316,98.48614098
adm4,MMR003007047,Khwar Hay,15.815972,98.41149054
adm4,MMR003007048,Lel Taw Gyi,15.935013,98.37240482
adm4,MMR003007049,Ka Mawt Thea (Win Lon),15.971701,98.33307382
adm4,MMR003007050,Taung Waing,15.956701,98.27070627
adm4,MMR003007051,Naung Ta Kho,16.10072924,98.2917657
adm4,MMR003007701,Urban,16.04336379,98.12299661
adm4,MMR003007702,Urban,15.3081951,98.38125092
adm4,MMR003007703,Urban,16.00845108,98.38767629
adm4,MMR004001001,K.Haimual,22.83524941,93.81796723
adm4,MMR004001002,Rallawn,22.81937866,93.76818464
adm4,MMR004001003,MangKheng,22.83516644,93.65622105
adm4,MMR004001004,Lenhai,22.81270179,93.70596904
adm4,MMR004001005,Lente,22.86563247,93.71732897
adm4,MMR004001006,Thungthul,22.86482359,93.76847969
adm4,MMR004001008,L. Hmunpi,22.88158726,93.66543818
adm4,MMR004001009,Congthe,22.90767555,93.71600762
adm4,MMR004001010,Taisum,22.93854009,93.72332074
adm4,MMR004001011,C. Zamual,22.94049621,93.67877262
adm4,MMR004001012,Taal,22.84576539,93.60004687
adm4,MMR004001013,Tili,22.8876479,93.59148889
adm4,MMR004001014,Ramthlo,22.82376067,93.5735865
adm4,MMR004001015,Rulbu,22.88168123,93.49262857
adm4,MMR004001016,L. Zamual,22.89666768,93.5391383
adm4,MMR004001017,Tiahdai,22.92320492,93.47701009
adm4,MMR004001018,Hrianghgnang,22.83891445,93.50361897
adm4,MMR004001019,Cerhmun,22.92100921,93.56654194
adm4,MMR004001020,Zathlir,22.93181911,93.60607556
adm4,MMR004001021,Tlauhmun,22.94966843,93.56331189
adm4,MMR004001022,Rallang,22.97853606,93.57251761
adm4,MMR004001023,Sunthla (Haung),22.91244758,93.64283096
adm4,MMR004001024,Relsing,22.93421444,93.63831862
adm4,MMR004001025,Hlawnmual,22.95856179,93.64411991
adm4,MMR004001026,Khuangli,23.00503324,93.63383828
adm4,MMR004001027,Zawlnu,23.16277613,93.70271044
adm4,MMR004001028,Ngamual,23.11276522,93.69308955
adm4,MMR004001029,Bualkhua,23.07150073,93.67887984
adm4,MMR004001030,Phaizawl,23.08037459,93.71529562
adm4,MMR004001031,Farkhawm,23.08113064,93.74637984
adm4,MMR004001032,Tisen,23.12312869,93.7678984
adm4,MMR004001033,Duhmang,23.11047913,93.82624509
adm4,MMR004001034,Lumbang,22.99105646,93.69397881
adm4,MMR004001035,Lunghawh,23.05520964,93.75971744
adm4,MMR004001036,Khualei,23.02696136,93.71470686
adm4,MMR004001037,Lati,23.02246099,93.67499405
adm4,MMR004001038,Simzawl,23.04368805,93.6897052
adm4,MMR004001039,Hmunli,22.96651493,93.73391191
adm4,MMR004001040,Lochum,22.96461862,93.77532257
adm4,MMR004001041,Zultu,23.00414506,93.73945582
adm4,MMR004001042,Khumzing,23.02984243,93.80254094
adm4,MMR004001043,Zalang,23.08326973,93.90177502
adm4,MMR004001045,Zatual,22.91943174,93.96796801
adm4,MMR004001046,Khitam,22.9731766,93.86947655
adm4,MMR004001047,Lumte,22.95427746,93.82144329
adm4,MMR004001048,Tlortang,22.91152863,93.81062482
adm4,MMR004001049,Congkua,22.94039834,93.77554539
adm4,MMR004001050,Lianrih,22.8981693,93.76382677
adm4,MMR004001051,Murang,22.88836846,93.84551268
adm4,MMR004001052,Khupleng,22.8933302,93.91650698
adm4,MMR004001053,Tlorzan,22.93091089,93.89167475
adm4,MMR004001054,Kundon,22.84437446,93.90958815
adm4,MMR004001055,Seipi,23.06671362,93.55178132
adm4,MMR004001056,Tlangcing,23.0673156,93.58937603
adm4,MMR004001057,Losau,23.03872152,93.61109663
adm4,MMR004001059,Bualmin,23.07661557,93.6259704
adm4,MMR004001060,Lunkhua,23.01261281,93.58577592
adm4,MMR004001061,Khuasum,23.01708043,93.55678192
adm4,MMR004001062,Sim/Dihai,23.00588619,93.60401978
adm4,MMR004001063,Tilum,23.08928979,93.50801798
adm4,MMR004001064,Tlangzawl,23.07733612,93.45792689
adm4,MMR004001065,Khualung,22.94795163,93.49092059
adm4,MMR004001066,Zo/Dihai,22.98478944,93.48800215
adm4,MMR004001067,Darteti,23.00762026,93.49249058
adm4,MMR004001068,Ngalti,23.05143912,93.51457002
adm4,MMR004001069,Airebual,23.00797329,93.52837123
adm4,MMR004001070,Zongte,23.02122241,93.41364878
adm4,MMR004001071,Selawn,23.09146188,93.37457727
adm4,MMR004001072,Singai,23.08830459,93.41530341
adm4,MMR004001073,Hmawngkawn,23.17076688,93.40208846
adm4,MMR004001074,Tibual,23.12388691,93.43882898
adm4,MMR004001075,Satawm,23.15479545,93.42014855
adm4,MMR004001076,Vangva,23.16453411,93.50001222
adm4,MMR004001077,Laizawl,23.12286079,93.50097041
adm4,MMR004001078,Khuapual,23.12211243,93.61266372
adm4,MMR004001079,Bocung,23.14141789,93.55465198
adm4,MMR004001080,Khuadar,23.17741535,93.60919444
adm4,MMR004001081,Saihmun,23.17296691,93.55104348
adm4,MMR004001082,Conghoih,23.18026857,93.48039916
adm4,MMR004001083,Ticirh,23.26160812,93.48352826
adm4,MMR004001084,Tingcang,23.24799891,93.41340706
adm4,MMR004001085,Saek,23.20578504,93.43260061
adm4,MMR004001086,Khuathlir,23.29171371,93.38627051
adm4,MMR004001087,Cawhte,23.31321353,93.44089005
adm4,MMR004001701,Urban,22.91166983,93.67542669
adm4,MMR004001702,Urban,23.33939153,93.38143335
adm4,MMR004001703,Urban,23.02973348,93.95504633
adm4,MMR004002001,Khuabe,22.66772583,93.66630026
adm4,MMR004002002,Hniarlawn,22.72384865,93.6443464
adm4,MMR004002003,Loklung,22.56253579,93.53153923
adm4,MMR004002004,Tiphul,22.78110015,93.66143233
adm4,MMR004002005,Chuncung,22.78613209,93.55715565
adm4,MMR004002006,Hranhring,22.74303075,93.68055339
adm4,MMR004002007,Zokhua,22.52412619,93.68733607
adm4,MMR004002008,Bualtak,22.60686633,93.66539347
adm4,MMR004002009,Malsawm,22.47470478,93.96178173
adm4,MMR004002010,Tinam,22.42766438,93.8587868
adm4,MMR004002011,Rinpi,22.75436719,93.75470019
adm4,MMR004002012,Haiphai,22.73636697,93.89163666
adm4,MMR004002013,Farrawn,22.69401651,93.70187152
adm4,MMR004002014,Dauchim,22.65006027,93.73625882
adm4,MMR004002015,Vanhar,22.63923454,93.8050531
adm4,MMR004002016,Ruan,22.61377572,93.94014891
adm4,MMR004002018,Lungtar,22.238571,93.74063148
adm4,MMR004002019,Cangva,22.1954929,93.93251384
adm4,MMR004002020,Sumsen,22.33510714,93.77487176
adm4,MMR004002021,Lungrang,22.2365649,93.5715831
adm4,MMR004002022,Phaipha (A),22.32229873,93.57647109
adm4,MMR004002023,Dumva,22.10829008,93.79843718
adm4,MMR004002024,Sakta,22.48567288,93.6033211
adm4,MMR004002025,Bungtuah,22.42899116,93.71109906
adm4,MMR004002026,Khuapi,22.38901495,93.64692422
adm4,MMR004002027,Buanlung,22.50421917,93.51062774
adm4,MMR004002028,Dongva,22.40406956,93.53985858
adm4,MMR004002029,Lungkhin,22.17373646,93.57979418
adm4,MMR004002030,Leipi,22.17431905,93.53971011
adm4,MMR004002701,Urban,22.6595853,93.54791168
adm4,MMR004002702,Urban,22.23202666,93.65737081
adm4,MMR004003001,Tlangkhua,22.92594343,93.41435872
adm4,MMR004003002,Tikhuangtum,22.9796984,93.40805147
adm4,MMR004003003,Lungzarh,22.78464602,93.45259664
adm4,MMR004003004,Tlangte,22.85117966,93.43433519
adm4,MMR004003005,Tlangpi,23.01520891,93.33574318
adm4,MMR004003006,Lungding,22.95058415,93.31249535
adm4,MMR004003007,Vanzang,22.83821054,93.35549345
adm4,MMR004003008,Dawn,22.98506358,93.18199869
adm4,MMR004003009,Zaangtlang,22.96914838,93.24174337
adm4,MMR004003010,Lungler,22.90167264,93.20894794
adm4,MMR004003011,Thangzang,22.81081259,93.29600327
adm4,MMR004003012,Saikah,22.84250837,93.18111401
adm4,MMR004003013,Bungtlang,22.77269596,93.13622761
adm4,MMR004003014,Thau,22.75147533,93.20432815
adm4,MMR004003015,Hriangkhan,22.74220025,93.26905079
adm4,MMR004003016,Thlualam,22.69129606,93.34527351
adm4,MMR004003017,Tlang,22.62760603,93.41694196
adm4,MMR004003018,Salen,22.62856489,93.28543121
adm4,MMR004003019,Tikir,22.67681191,93.19684426
adm4,MMR004003020,Sialam,22.6513535,93.1355115
adm4,MMR004003021,Lulpilung,22.60829226,93.204557
adm4,MMR004003022,Hmawngtlang,22.46632965,93.42763656
adm4,MMR004003023,Congthia,22.56886394,93.41926409
adm4,MMR004003024,Surngen,22.31034862,93.452988
adm4,MMR004003025,Aibur,22.37659847,93.42661779
adm4,MMR004003026,Fanthen,22.25907369,93.4219879
adm4,MMR004003028,Khuahrang,22.16343815,93.49921667
adm4,MMR004003029,Thangaw,22.22875815,93.48150433
adm4,MMR004003030,Ngaphaite,22.28245489,93.32990108
adm4,MMR004003031,Lailen,22.16299489,93.30157525
adm4,MMR004003032,Ngaphaipi,22.22935976,93.21773931
adm4,MMR004003033,Khuabung,22.41408935,93.32364021
adm4,MMR004003034,Lawngtlang,22.3444823,93.24612294
adm4,MMR004003035,Zephai (A),22.47354657,93.25664456
adm4,MMR004003036,Belhar,22.5072259,93.17412313
adm4,MMR004003037,Hriphi,22.55219489,93.31896768
adm4,MMR004003701,Urban,22.70513166,93.42000228
adm4,MMR004003702,Urban,22.19047255,93.43420072
adm4,MMR004004001,Saizang,23.28625115,93.63598922
adm4,MMR004004002,Vongmual,23.42421468,93.84045101
adm4,MMR004004003,Khiangzang,23.45784906,93.95553789
adm4,MMR004004004,Suangpi,23.32658456,93.7159331
adm4,MMR004004005,Dimpi,23.28900153,93.67937442
adm4,MMR004004006,Bumzang,23.45686317,93.69123901
adm4,MMR004004007,Kahngen,23.43765332,93.7844252
adm4,MMR004004008,Thangzang,23.44362816,93.73535214
adm4,MMR004004009,Tualmu,23.47748671,93.69545078
adm4,MMR004004010,Gamngai,23.50958713,93.72066819
adm4,MMR004004011,Lailui,23.4279101,93.66843194
adm4,MMR004004012,Teeklui,23.39208243,93.68107274
adm4,MMR004004013,Haupi,23.40067487,93.72848648
adm4,MMR004004014,Sezang,23.35003153,93.68082045
adm4,MMR004004015,Lamzang,23.35400581,93.63168338
adm4,MMR004004016,Lailo,23.41057835,93.63723762
adm4,MMR004004017,Valvum,23.36529198,93.72754353
adm4,MMR004004018,Kaptel,23.30200102,93.57994046
adm4,MMR004004019,Tuipi,23.5813277,93.59458085
adm4,MMR004004020,Laitui,23.35101427,93.57781502
adm4,MMR004004021,Tuitawh,23.3271578,93.513192
adm4,MMR004004022,Muizawl,23.37891323,93.57539459
adm4,MMR004004023,Muallum,23.40092437,93.51987386
adm4,MMR004004024,Cingpikot,23.41915452,93.58527805
adm4,MMR004004025,Tuithang,23.4688667,93.59041126
adm4,MMR004004026,Tungzang,23.53188705,93.59844202
adm4,MMR004004027,Anlangh,23.49155818,93.63919705
adm4,MMR004004028,Gamlai,23.55770341,93.64496382
adm4,MMR004004029,Suangsang,23.56056093,93.54739779
adm4,MMR004004030,Thalmual,23.47865209,93.55179619
adm4,MMR004004031,Phaiza,23.4641956,93.52563153
adm4,MMR004004032,Buanli,23.53491454,93.52228653
adm4,MMR004004033,Bukphil,23.5185727,93.43470265
adm4,MMR004004034,Dampi,23.49508248,93.48894367
adm4,MMR004004035,Tuidil,23.39359223,93.46559355
adm4,MMR004004036,Zimpi,23.43614889,93.41538642
adm4,MMR004004037,Kawilam,23.34396372,93.46086699
adm4,MMR004004038,Suangphei,23.23111799,93.56361901
adm4,MMR004004039,Heilei,23.22636284,93.52449543
adm4,MMR004004040,Suangzang,23.25658976,93.56954507
adm4,MMR004004041,Pangsak,23.20698038,93.58329824
adm4,MMR004004042,Pakzang,23.23221759,93.60555458
adm4,MMR004004043,Thuklai,23.23974809,93.72276218
adm4,MMR004004044,Khuasak,23.24133063,93.77840823
adm4,MMR004004045,Buanman,23.1925268,93.76270286
adm4,MMR004004046,Limkhai,23.1936593,93.70662887
adm4,MMR004004047,Dolluang,23.31927873,93.91376103
adm4,MMR004004048,Vangteh,23.25261933,93.68243101
adm4,MMR004004049,Phunom,23.2855443,93.73347376
adm4,MMR004004050,Mualbe,23.21190479,93.65051914
adm4,MMR004004051,Buan,23.205459,93.67491761
adm4,MMR004004052,Pimpih,23.26833452,93.86147884
adm4,MMR004004053,Laibung,23.31344829,93.79477237
adm4,MMR004004054,Theizang,23.21026184,93.91087647
adm4,MMR004004055,Ngalzang,23.17059901,93.84355396
adm4,MMR004004701,Urban,23.37147963,93.6561831
adm4,MMR004005001,Salzang,23.54440423,93.7573762
adm4,MMR004005002,Tungtuang,23.55300186,93.69621475
adm4,MMR004005003,Phaitu,23.60455806,93.76040712
adm4,MMR004005004,Lungtak,23.63300018,93.74844809
adm4,MMR004005005,Gelmual,23.67151104,93.76912559
adm4,MMR004005006,Mualpi,23.75974287,93.72521128
adm4,MMR004005007,Anlun,23.74531297,93.79348486
adm4,MMR004005008,Senam,23.84051291,93.77467394
adm4,MMR004005009,Lennakot,23.93246003,93.77745541
adm4,MMR004005010,Sihpek,23.86507145,93.88767373
adm4,MMR004005011,Singpial,23.87437504,94.02088861
adm4,MMR004005012,Balbil,23.76774509,94.03460612
adm4,MMR004005013,Hangken,23.70164359,93.89684342
adm4,MMR004005014,Suangpek,23.66374834,94.09195658
adm4,MMR004005015,Siabok,23.59155167,93.9760346
adm4,MMR004005016,Lamthang,23.55572514,93.88424304
adm4,MMR004005017,Gampum,23.72028823,93.6905423
adm4,MMR004005018,Tuitum,23.64838723,93.67550364
adm4,MMR004005019,Zampi,23.6478741,93.57089275
adm4,MMR004005020,Darkhai (A),23.64554906,93.45735353
adm4,MMR004005021,Bapi,23.74591172,93.43082184
adm4,MMR004005022,Saipimual,23.75306221,93.50798603
adm4,MMR004005023,Kansau,23.84137257,93.5669695
adm4,MMR004005024,Haipi,23.88354712,93.68548739
adm4,MMR004005025,Suangzang,23.92874332,93.59852528
adm4,MMR004005026,Khuabem,23.73609323,93.5862973
adm4,MMR004005027,Tuimui,23.865158,93.4204612
adm4,MMR004005028,Tuimang,23.82020675,93.46090939
adm4,MMR004005029,Haiciin,23.96587149,93.44443202
adm4,MMR004005030,Pangmual,24.07245691,93.37224893
adm4,MMR004005031,Tongciin,23.99946783,93.36153913
adm4,MMR004005701,Urban,23.60051096,93.69423227
adm4,MMR004005702,Urban,23.88451826,93.52656824
adm4,MMR004006001,Baw,21.66502351,93.93944655
adm4,MMR004006002,Htuipan,21.59307528,93.86782336
adm4,MMR004006003,Sawntaung,21.58564973,93.94318388
adm4,MMR004006004,M'maitai,21.60195424,94.03634405
adm4,MMR004006005,Hleicham,21.54502591,94.02612034
adm4,MMR004006006,Anigai,21.49270606,94.0306674
adm4,MMR004006007,M'ghinghlaw,21.43702883,94.03609839
adm4,MMR004006008,M'htu,21.52622243,93.8496507
adm4,MMR004006009,Vawmm'tu,21.49867466,93.95026924
adm4,MMR004006010,Ghunghta,21.49811759,93.87352924
adm4,MMR004006011,Vakauk,21.46180344,93.91385983
adm4,MMR004006012,Khawilung,21.4402745,93.95759218
adm4,MMR004006013,Muitui,21.43086179,93.91952982
adm4,MMR004006014,Lailawnghtui,21.40886114,93.96249451
adm4,MMR004006015,Kihta,21.46283192,93.85687498
adm4,MMR004006016,M'kui,21.44274005,93.82005948
adm4,MMR004006017,Doim,21.41457124,93.85282135
adm4,MMR004006018,Hleikawng,21.40185664,93.90025361
adm4,MMR004006019,Phwi,21.3726823,94.02249932
adm4,MMR004006020,Hpwi,21.36967994,93.88468744
adm4,MMR004006021,Hilaung,21.35799589,93.82033711
adm4,MMR004006022,Kyangleihlen,21.28687472,93.85919714
adm4,MMR004006023,M'dat,21.30712089,93.91092819
adm4,MMR004006024,M'sizaw,21.31310404,93.97832229
adm4,MMR004006026,M'darimnu,21.16773374,93.68892294
adm4,MMR004006027,Kinhli,21.25152882,93.72473923
adm4,MMR004006028,Ung,21.29284785,93.7849878
adm4,MMR004006029,Shiit,21.3391712,93.73436639
adm4,MMR004006030,Duk,21.34699689,93.6721988
adm4,MMR004006031,Banhtwei,21.26465412,93.63654905
adm4,MMR004006032,HleiM'hlang,21.39225418,93.72618691
adm4,MMR004006033,Pyung,21.4614896,93.74907352
adm4,MMR004006034,Ro,21.50356254,93.70583812
adm4,MMR004006035,M'chum,21.43798323,93.67958461
adm4,MMR004006036,Tuidim,21.56365854,93.73364684
adm4,MMR004006037,Kainn,21.46865531,93.52783341
adm4,MMR004006038,Khinphawng,21.41902647,93.55545348
adm4,MMR004006039,Yatduk,21.29813938,93.56705282
adm4,MMR004006040,Auk Chaing,21.38246203,93.56976557
adm4,MMR004006041,Yoe Hpaung,21.42690053,93.6312697
adm4,MMR004006042,Kyuk,21.52349632,93.62385635
adm4,MMR004006043,Kyun Nan,21.73698812,93.61836695
adm4,MMR004006044,Bawisih,21.64191721,93.62679096
adm4,MMR004006045,Vawilaung,21.69177467,93.70671154
adm4,MMR004006046,Gawnglaung,21.68505653,93.78760733
adm4,MMR004006701,Urban,21.3750167,93.96844666
adm4,MMR004006702,Urban,21.18291962,93.58695044
adm4,MMR004007001,Luivang,21.72268503,93.25048519
adm4,MMR004007002,Tangku,21.78157692,93.33144709
adm4,MMR004007003,Radui,21.7842105,93.40440374
adm4,MMR004007004,Ngaleng,21.7088226,93.43592219
adm4,MMR004007005,Kace,21.73505663,93.39746887
adm4,MMR004007006,Congthia,21.68021991,93.3773235
adm4,MMR004007007,Angthaw,21.68471944,93.3080079
adm4,MMR004007008,Lalui,21.63829427,93.27346942
adm4,MMR004007009,Dai Hnan,21.64560203,93.23517634
adm4,MMR004007010,Leising,21.58604783,93.27411264
adm4,MMR004007011,Leiring,21.61396935,93.32064502
adm4,MMR004007012,Awkla,21.6155628,93.36693622
adm4,MMR004007013,Nhawte,21.59655566,93.40061288
adm4,MMR004007014,Phaneng,21.65597021,93.43777996
adm4,MMR004007015,Vuitu,21.6754813,93.49141733
adm4,MMR004007016,Ramting,21.71238093,93.55182923
adm4,MMR004007017,Haltu,21.53522825,93.51320995
adm4,MMR004007018,Thlangpang,21.58204882,93.53624462
adm4,MMR004007019,Amsoi,21.46604822,93.44565363
adm4,MMR004007020,Valangpi,21.53868815,93.37494849
adm4,MMR004007021,Valangte,21.55662564,93.3149786
adm4,MMR004007022,Cangtak,21.5003181,93.31827121
adm4,MMR004007023,Lungpang,21.47685068,93.34555841
adm4,MMR004007024,Lingtui,21.42759834,93.31967129
adm4,MMR004007025,Raukthang,21.38071355,93.3286034
adm4,MMR004007026,Rung,21.30482565,93.36299024
adm4,MMR004007027,Pangtui,21.39042674,93.39617778
adm4,MMR004007028,Madu,21.37298362,93.46711071
adm4,MMR004007029,Vuilu,21.28055223,93.4660529
adm4,MMR004007030,Sabaungte,22.13576946,93.09141147
adm4,MMR004007031,Darling,22.11656703,93.18167936
adm4,MMR004007032,Sabongpi,22.02707242,93.11234947
adm4,MMR004007033,Sa Paw,22.01637115,93.21684198
adm4,MMR004007034,Tisi,21.98905608,93.2840708
adm4,MMR004007036,Sungseng,21.91139844,93.21520376
adm4,MMR004007037,Lailengte,21.79708232,93.14603006
adm4,MMR004007038,Sakhai,21.79445271,93.23702184
adm4,MMR004007039,Satu,21.73347285,93.10310535
adm4,MMR004007040,Lotaw,22.08034522,93.67609101
adm4,MMR004007041,Tingsi,21.82575233,93.50201678
adm4,MMR004007042,Vawti,21.93376636,93.54611039
adm4,MMR004007043,Balei,21.99859659,93.55483604
adm4,MMR004007044,Lungngo,21.99174794,93.62769671
adm4,MMR004007045,Resaw,21.86727406,93.60996816
adm4,MMR004007046,Lungdua,21.98641155,93.72823004
adm4,MMR004007047,Nabung,21.97498609,93.93114164
adm4,MMR004007048,Cangceh,21.89069613,93.78825241
adm4,MMR004007049,Daidin,21.79927698,93.88523416
adm4,MMR004007050,Hriangpi,22.19179763,93.37756484
adm4,MMR004007051,Sate,22.17721495,93.40071366
adm4,MMR004007052,Leikan,22.14272733,93.39471771
adm4,MMR004007053,Ruava,22.10435063,93.41988199
adm4,MMR004007054,Calthawng,22.11511825,93.49507902
adm4,MMR004007055,Shar Shi,22.07863763,93.51258375
adm4,MMR004007056,Siatlai,22.08200523,93.59226236
adm4,MMR004007057,Aiktar,22.16875097,93.65050346
adm4,MMR004007058,Sawtui,22.0775878,93.33810261
adm4,MMR004007059,Hinthang,21.9948464,93.46383604
adm4,MMR004007060,Etang,21.9740597,93.36852274
adm4,MMR004007061,Tibing,21.87379922,93.3347645
adm4,MMR004007062,Hunglei,21.84757771,93.41527835
adm4,MMR004007063,Thawang,21.9160883,93.44907417
adm4,MMR004007701,Urban,21.60360486,93.44124902
adm4,MMR004007702,Urban,22.05178094,93.42429849
adm4,MMR004007703,Urban,21.92224526,93.08379805
adm4,MMR004008001,Ma Kyar,21.21369298,93.83807156
adm4,MMR004008002,Ton Nge,21.25324555,93.98616132
adm4,MMR004008003,Khi Taw,21.24760551,94.01849106
adm4,MMR004008004,Ngon Laung,21.25267397,94.0703969
adm4,MMR004008005,Kant Thar Yon,21.19447002,94.09164464
adm4,MMR004008006,Kyet Chan,21.18695988,93.97752859
adm4,MMR004008007,Lun Don,21.12984779,94.05503606
adm4,MMR004008008,Baung Bin,21.08732452,94.00940882
adm4,MMR004008009,Say Kay,21.0701991,93.9223715
adm4,MMR004008010,Hman Taung,20.91740807,93.97418492
adm4,MMR004008011,Le Pon,20.76713252,93.95087119
adm4,MMR004008012,Ngun Zaing,20.82033861,93.80245429
adm4,MMR004008013,Lauk Mawt,20.89693477,93.76624675
adm4,MMR004008014,Auk Kant,20.88267256,93.86078846
adm4,MMR004008015,Auk Hlei,20.9993808,93.86149377
adm4,MMR004008016,Pu Saw,20.97940003,93.77846121
adm4,MMR004008017,Hmu Chein Dein,20.9956372,93.71236619
adm4,MMR004008018,Mu Laung,21.04067372,93.63483472
adm4,MMR004008019,Kar Nan,20.96617339,93.67511117
adm4,MMR004008020,Ma Kyar Ein Nu,21.10818341,93.56790636
adm4,MMR004008021,Khar Nan,21.07205428,93.69833849
adm4,MMR004008022,Lon Ein Nu,21.06657499,93.7726263
adm4,MMR004008023,Khar Yaing,21.16494967,93.75516618
adm4,MMR004008024,Sat Chauk,21.11102558,93.83291416
adm4,MMR004008025,Pin Laung,21.16025364,93.88730197
adm4,MMR004008026,Mar Kyar,21.26258204,93.95014227
adm4,MMR004008701,Urban,21.20140911,94.02752503
adm4,MMR004008702,Urban,20.97286303,93.84260647
adm4,MMR004009002,Mun Daunt,21.25903398,92.87331359
adm4,MMR004009003,Seint Sin Wa,21.31951415,92.96151476
adm4,MMR004009004,Lel Hla,21.24658817,92.98489168
adm4,MMR004009005,Ta Man Thar,21.35534117,92.91315117
adm4,MMR004009006,Thea Ma Wa,21.15885127,92.94200628
adm4,MMR004009007,Hna Ma Dar,21.19255718,92.9174132
adm4,MMR004009008,Yoke Wa,21.3626841,92.8450974
adm4,MMR004009009,Ah Baung Thar,21.28656899,92.81208179
adm4,MMR004009010,Twee Kin Wa,21.46546722,92.84549778
adm4,MMR004009011,Kant Lar Wa,21.49586512,92.90034137
adm4,MMR004009012,Baung Pee,21.39208905,92.88828978
adm4,MMR004009013,Pein Hne Ta Pin,21.36091591,92.80174327
adm4,MMR004009014,Nga Shar,21.51261943,92.74157474
adm4,MMR004009015,Nga Det,21.45997756,92.75526967
adm4,MMR004009016,Kyee Lay,21.4434835,92.78275593
adm4,MMR004009017,Kyway Thaung,21.4134115,92.79866819
adm4,MMR004009018,Kun Chaung Wa,21.43172703,92.6891332
adm4,MMR004009019,Pyin Ngu,21.36964923,92.68537624
adm4,MMR004009020,Twi See Wa,21.48063191,92.67729498
adm4,MMR004009021,Kha Wea,21.23421654,92.78464348
adm4,MMR004009022,Yat Chaung Wa,21.29526348,92.72683196
adm4,MMR004009023,Myaung Chaung,21.36960868,92.74306603
adm4,MMR004009024,Be Don,21.10611813,92.85885955
adm4,MMR004009025,Hpat Chaung Wa,21.17115673,92.84262426
adm4,MMR004009026,Nga Tein,21.54424334,92.66182378
adm4,MMR004009027,Da Let May,21.60859118,92.79747306
adm4,MMR004009028,Auk Ba Lai,21.58843832,92.75746842
adm4,MMR004009029,Toke Kyay Wa,21.64307292,92.75458192
adm4,MMR004009030,Yee Lar Wa,21.54172924,92.81025962
adm4,MMR004009031,Kone Taw,21.55894288,92.73333059
adm4,MMR004009032,Ta Run Aing,21.69856479,92.7455691
adm4,MMR004009033,Zin Baung Pyin,21.66390117,92.78935904
adm4,MMR004009034,Shin Ma Dein Wa,21.66264058,92.66470545
adm4,MMR004009035,Thar Yar Kone,21.80887289,92.67387121
adm4,MMR004009036,Yin Khan Wa,21.739441,92.72417761
adm4,MMR004009037,Mee Zar,21.71424053,92.79072791
adm4,MMR004009038,Set Pyit Pyin,21.74513857,92.81517478
adm4,MMR004009039,Thea Ma Wa,21.74867716,92.78146873
adm4,MMR004009040,Ah Htet Ba Laing,21.69092998,92.87239137
adm4,MMR004009041,Kun Taung,21.78368834,92.79499796
adm4,MMR004009042,Sat Chaing,21.85840236,92.76515603
adm4,MMR004009043,Shin Let Wa,21.85174522,92.85738084
adm4,MMR004009044,Shwe Laik Wa,21.9662208,92.95393471
adm4,MMR004009045,Sin Oe Wa,21.85943279,92.9411314
adm4,MMR004009046,Shar Oh,21.9834335,93.01776499
adm4,MMR004009047,Par Rar,22.0773673,93.04756297
adm4,MMR004009048,Pa Tein Ta Lan,21.85168513,93.02217976
adm4,MMR004009049,War Yon,21.67507649,92.9661267
adm4,MMR004009050,Ma Au,21.74641846,92.99926146
adm4,MMR004009051,Myeik Wa,22.11508753,92.73018471
adm4,MMR004009052,Pa Kar Wa,22.02879098,92.72531928
adm4,MMR004009053,Maw Ta Lar,22.06197304,92.80082925
adm4,MMR004009054,Shwe Lai Pwi,21.95460231,92.75825064
adm4,MMR004009055,Ohn Thee Wa,21.9082437,92.67117954
adm4,MMR004009056,Du Ri Taung,21.9660554,92.81014741
adm4,MMR004009057,Kon Pyin,21.98540394,92.86147561
adm4,MMR004009059,Par Maung,21.2653251,93.09299309
adm4,MMR004009060,Kyet Ma Aing,21.22837698,93.08340973
adm4,MMR004009061,Leik Chaung Wa,21.22297411,93.03120454
adm4,MMR004009062,Tin Bone,21.30405309,93.04566997
adm4,MMR004009063,War Tein,21.3846037,93.12326733
adm4,MMR004009064,Wet Ma,21.13716753,92.99945927
adm4,MMR004009065,Sar Wa,21.12740492,93.03829086
adm4,MMR004009066,Pyin Wa,21.13729106,93.09310301
adm4,MMR004009067,Ka Naung,21.34491933,93.19253227
adm4,MMR004009068,Baung Kone,21.25008208,93.17930331
adm4,MMR004009069,Sin Ki Taung,21.28900534,93.28865641
adm4,MMR004009070,Ka Yet,21.42379298,93.16660226
adm4,MMR004009071,Ahr Ki Kone,21.41535024,93.23485847
adm4,MMR004009072,Di Laung Kone,21.49545152,93.233031
adm4,MMR004009073,Taing Wa,21.49216838,93.02536748
adm4,MMR004009074,Mee Chaung Bar Wa,21.36413974,93.0494093
adm4,MMR004009075,Twi Sawt Kone,21.57036288,93.22640045
adm4,MMR004009076,War Daing Kone,21.53235645,93.14353442
adm4,MMR004009077,Laung Yaw Kone,21.61702941,93.16391005
adm4,MMR004009078,Sin Li,21.6584584,93.09172863
adm4,MMR004009079,Than Htaung,20.80979395,93.32323423
adm4,MMR004009080,Ko Hpay Shey,20.87912136,93.35330944
adm4,MMR004009081,Ah Lel Dein Kin,20.82598958,93.41004899
adm4,MMR004009082,Khaik Khar,20.97904506,93.35772341
adm4,MMR004009083,Aht Sa,21.15931781,93.35739706
adm4,MMR004009084,Htein Khaung,21.19382284,93.46760029
adm4,MMR004009085,Chaing Sa Nu,21.05668193,93.48209838
adm4,MMR004009086,Hmon Ta Nu,21.00450098,93.5795798
adm4,MMR004009087,Htoe Nu,20.95531395,93.58616868
adm4,MMR004009088,Khan To,20.92968394,93.50493197
adm4,MMR004009089,Gar Rar Pyin,20.84001609,93.18249467
adm4,MMR004009090,Lan Dan,21.03842767,93.1909152
adm4,MMR004009091,Khway Gaung,20.89280291,93.26285369
adm4,MMR004009092,Khar Ein,20.91497726,93.19270225
adm4,MMR004009093,Tat Chaung,21.14125243,93.20871695
adm4,MMR004009094,Wun Chaung Wa,20.7677573,93.43079971
adm4,MMR004009095,Mauk Chaung Wa,20.76799191,93.51402048
adm4,MMR004009096,Kauk Sin,20.83711593,93.57478313
adm4,MMR004009097,Maw Sone Gyi,20.89332138,93.45502204
adm4,MMR004009701,Urban,21.30284737,92.85486184
adm4,MMR004009702,Urban,21.29086827,93.09480897
adm4,MMR005001002,Nyaung Pin Zin,21.92737491,95.90098171
adm4,MMR005001006,Sin Tat,21.92340015,95.85301333
adm4,MMR005001007,Bye Ta Yaw,21.91531356,95.88414834
adm4,MMR005001008,Kywei Lu,21.8809215,95.94718166
adm4,MMR005001009,Nauk Kyi Kyun,21.86558087,95.95471381
adm4,MMR005001010,Te Gyi Ah Shey Tar,21.88578866,95.95627662
adm4,MMR005001011,Zee Chaung,21.90816759,95.94968598
adm4,MMR005001012,Daung Ma,21.8698196,95.94220163
adm4,MMR005001013,Sin Myay,21.886499,95.90863248
adm4,MMR005001014,Ma Au Pin,21.89727189,95.9292868
adm4,MMR005001015,War Chet,21.91618899,95.99707643
adm4,MMR005001016,Kyauk Tar,21.95192907,95.98052893
adm4,MMR005001017,Ahr Laung,21.94038648,96.00845474
adm4,MMR005001018,Myay Taing,21.96189584,96.00820663
adm4,MMR005001019,Htan Taw,21.94233485,95.99609182
adm4,MMR005001020,Chaung Pauk,21.97501837,96.00879316
adm4,MMR005001021,Yae Khar,21.98421279,95.98397512
adm4,MMR005001022,Yae Myet,22.00170825,95.89349448
adm4,MMR005001023,Ta Ein Te,21.96484151,95.91234237
adm4,MMR005001024,Sa Kyin,21.9823853,95.96028975
adm4,MMR005001025,Sar Yay,22.00127108,95.94534141
adm4,MMR005001027,Taung Kyar,22.08293874,95.71893262
adm4,MMR005001028,Inn Sa,22.1099688,95.71208221
adm4,MMR005001029,Taung Myo,22.07842482,95.68035817
adm4,MMR005001030,Bauk Thauk,22.13424846,95.83022412
adm4,MMR005001031,Pauk Ma,22.20752687,95.69875976
adm4,MMR005001032,Min,22.19135373,95.69073521
adm4,MMR005001033,Thar Pyauk Kone,22.23220256,95.69203886
adm4,MMR005001034,Thar Zin,22.14996138,95.72488065
adm4,MMR005001035,Lin Ta Lu,22.08513173,95.75608128
adm4,MMR005001036,Yin Ma Kyin,22.05393323,95.76307629
adm4,MMR005001037,Kyar Min Gyi,22.09595949,95.78508896
adm4,MMR005001038,Mar Le Taw,22.05903816,95.79743931
adm4,MMR005001039,Mu Thar,22.09404764,95.67046756
adm4,MMR005001040,Htan Taw Seik,22.17734946,95.67648336
adm4,MMR005001041,Ta Laing Kyun,22.10655026,95.66257034
adm4,MMR005001042,Nyaung Pin Shey,22.13008758,95.6700274
adm4,MMR005001043,Nyaung Pin Wun,21.98680452,95.68934226
adm4,MMR005001044,Nyaung Pin Thar,22.00593263,95.69051226
adm4,MMR005001045,Lel Gyi,21.97781321,95.74330906
adm4,MMR005001046,Shwe Hlay,21.94227321,95.65177496
adm4,MMR005001047,Kaing Pyin,21.94149218,95.71683834
adm4,MMR005001048,Myin Se,21.93463913,95.69177005
adm4,MMR005001049,Maung Htaung,21.96537602,95.70860455
adm4,MMR005001050,Te Gyi Let Pan Thar,21.95985825,95.69598241
adm4,MMR005001051,Tha Hpan Thar,21.96130078,95.66752961
adm4,MMR005001052,None Twin,22.01580329,95.72867513
adm4,MMR005001053,Ta Pa Yin Kwe,22.03167803,95.68516716
adm4,MMR005001054,Kywei Pon,22.0508737,95.71452468
adm4,MMR005001055,Pa Du,22.08984084,95.93439956
adm4,MMR005001056,Kan Gyi Kone,22.05018464,95.93614767
adm4,MMR005001057,Taung Yin,22.12629296,95.95619818
adm4,MMR005001058,Kyauk Pa Nan,22.02277253,95.94197347
adm4,MMR005001059,Khet Kha,22.14233703,95.92030328
adm4,MMR005001060,Sa Mun,22.16641208,95.87602356
adm4,MMR005001061,Kya Khat,22.11716588,95.88208472
adm4,MMR005001062,Yae Twin Gaung,22.08289644,95.85097016
adm4,MMR005001063,Ywar Thit Gyi,21.94149218,95.7813475
adm4,MMR005001064,Ywar Ma,21.93792858,95.7480453
adm4,MMR005001065,Nga Ta Yaw,21.93505029,95.81909933
adm4,MMR005001066,Shan Tat,21.99892055,95.78346971
adm4,MMR005001067,Yone Pin Kan,22.03549799,95.81638695
adm4,MMR005001068,Pyi Taw Thar,21.92568732,95.76842815
adm4,MMR005001069,Nat Kha Yaing,21.9685518,95.78800942
adm4,MMR005001070,Ohn Taw,21.99124517,95.82644208
adm4,MMR005001071,Kyauk Se,21.9703451,95.87222584
adm4,MMR005001072,Aung Thar,21.97630557,95.84185357
adm4,MMR005001073,Pan Chi,22.03889022,95.86567458
adm4,MMR005001074,Min Kun,22.0325007,96.00464571
adm4,MMR005001075,Kin,22.06223627,96.00357774
adm4,MMR005001076,Let Pan,21.99434094,96.0005368
adm4,MMR005001077,Sint Kaing,22.16695592,95.98349252
adm4,MMR005001078,Kyaung Hpyu,22.18432131,95.95901266
adm4,MMR005001079,Ta Laing,22.16385356,95.94905443
adm4,MMR005001080,Me Za Li Chaung,22.12920852,95.9837653
adm4,MMR005001081,Htone Bo,22.08984084,95.9953443
adm4,MMR005001701,Urban,21.91531303,95.92641163
adm4,MMR005001702,Urban,22.16819048,95.77280534
adm4,MMR005002001,Wan Pyayt,21.94534076,95.5500637
adm4,MMR005002002,Sat Pan Kone,21.90913595,95.51820121
adm4,MMR005002003,Kywe Yaik,21.87299736,95.46494316
adm4,MMR005002004,Kyawt Min,21.89519541,95.46107123
adm4,MMR005002005,Chay Yar Taw,21.86058511,95.43354033
adm4,MMR005002006,Gway Pin Taw,21.91839156,95.43490622
adm4,MMR005002007,Boe Min Gyi Kin,21.93170927,95.46617808
adm4,MMR005002008,Twin Gyi,21.95786283,95.41168624
adm4,MMR005002009,Si Pin,21.95101805,95.44525882
adm4,MMR005002010,Ma Gyi Su,21.85423521,95.40390758
adm4,MMR005002011,San Tin Kin,21.95945582,95.46157534
adm4,MMR005002012,Ahr Lar Kat Pa,21.93546492,95.50320305
adm4,MMR005002013,Let Htoke Taw,21.90176807,95.39938535
adm4,MMR005002014,Ku Lar Pyan,21.88291896,95.41933803
adm4,MMR005002015,Htee Saung,21.97037313,95.59464381
adm4,MMR005002016,Pe Ku,21.98356731,95.52364088
adm4,MMR005002017,Nyaung Yin,21.94137663,95.61245593
adm4,MMR005002018,Gon Hnyin Seik,22.06323221,95.60640274
adm4,MMR005002019,Nyaung Myit,22.03980273,95.63595007
adm4,MMR005002020,Pon Nyar,22.03841431,95.66459487
adm4,MMR005002021,Tha Pyay Thar,22.01223947,95.66775996
adm4,MMR005002022,Mu Mandalay,22.13927995,95.64295225
adm4,MMR005002023,Shwe Kyaung Kan,22.12214324,95.59786201
adm4,MMR005002024,Inn Ma,22.09529214,95.62797667
adm4,MMR005002025,Ngar Kin,22.11438489,95.52483515
adm4,MMR005002026,Khwet Khwin,22.07598593,95.55379786
adm4,MMR005002027,Htein Kan,22.1143122,95.5647422
adm4,MMR005002028,Kan Taw,22.01290862,95.57387287
adm4,MMR005002029,Kan Pyar,22.03942883,95.60825615
adm4,MMR005002030,Sat Pyar Kyin,22.03904196,95.57033874
adm4,MMR005002031,Na Be Kyu,22.00886996,95.63203664
adm4,MMR005002032,Pyawt,21.98690145,95.65698588
adm4,MMR005002033,Ma Gyi Kan,22.02617115,95.6448806
adm4,MMR005002034,Mu Wa Ywar Htaung,21.97890167,95.63199172
adm4,MMR005002035,Taw Chaung U,22.0420152,95.40586126
adm4,MMR005002036,Ga Yu,22.01319999,95.44099673
adm4,MMR005002037,Me Naw,21.99561683,95.46994744
adm4,MMR005002038,Shwe Yin Mar,21.98810543,95.44418761
adm4,MMR005002039,Yone Kar,22.03645991,95.53207187
adm4,MMR005002040,Nyaung Pin Kan,22.05249984,95.50058418
adm4,MMR005002041,Pa Dat Taing,22.07269103,95.45060798
adm4,MMR005002042,Let Pa Kyin,22.08988413,95.4049419
adm4,MMR005002043,Tha Man Taw,22.0420152,95.4533007
adm4,MMR005002044,Pyin Sar Kone,22.02589701,95.47858587
adm4,MMR005002045,Let Pan,22.00415288,95.41662434
adm4,MMR005002046,Kone,21.97707309,95.4204957
adm4,MMR005002047,Pe Taung,21.99321926,95.37998364
adm4,MMR005002048,Pale Tan,21.93805303,95.5954193
adm4,MMR005002701,Urban,21.92937836,95.57163228
adm4,MMR005003001,Hpwar Saw,21.81033315,95.36760653
adm4,MMR005003002,Let Yet Ma,21.839181,95.37093993
adm4,MMR005003003,Kyauk Yit,21.74506497,95.2944481
adm4,MMR005003004,Koe Pin,21.72868839,95.30001765
adm4,MMR005003005,Tha Nat Kone,21.70079852,95.27601526
adm4,MMR005003006,Na Gar Pauk,21.71928181,95.36739065
adm4,MMR005003007,Mei Ma Thaw,21.70543412,95.36295309
adm4,MMR005003008,Pan Nyo,21.59452728,95.33705968
adm4,MMR005003009,Nyaung Kar Yar,21.62403087,95.34455155
adm4,MMR005003010,Kyauk Tan,21.70192125,95.25652854
adm4,MMR005003011,Shwe Ta Chaung,21.6777745,95.25422115
adm4,MMR005003012,Su Lay Kone,21.67127775,95.27726985
adm4,MMR005003013,Shwe Pan,21.79292327,95.21884044
adm4,MMR005003014,Shwe Pan Kyun,21.77729951,95.22480886
adm4,MMR005003015,Kyar Oh,21.76385324,95.23425269
adm4,MMR005003016,Bu Kaing,21.70751301,95.31164006
adm4,MMR005003017,Tha Yet Thar,21.69838274,95.289309
adm4,MMR005003018,Zee Kyun,21.68579471,95.28798524
adm4,MMR005003019,Na Bet,21.79113071,95.34592893
adm4,MMR005003020,Ta Ma Say Kan,21.77981429,95.31696307
adm4,MMR005003021,Za Yat Kone,21.81204882,95.30934651
adm4,MMR005003022,Thar Dun,21.74575116,95.40896369
adm4,MMR005003023,Min Tan,21.74312174,95.39292706
adm4,MMR005003024,Nay Pu Kone,21.73266805,95.39159267
adm4,MMR005003026,Pa Rein Ma,21.74346464,95.24177976
adm4,MMR005003027,Oke Hne Boke,21.74517927,95.27501694
adm4,MMR005003028,Ma Yoe Kone,21.81501977,95.42620626
adm4,MMR005003029,Shwe Pauk Pin,21.84645524,95.45675059
adm4,MMR005003030,Ku Toet Kone,21.83593868,95.40438936
adm4,MMR005003031,Pauk Taw,21.75660999,95.3757197
adm4,MMR005003032,Kyauk Hpu Kone,21.78781578,95.40335377
adm4,MMR005003033,Thaung Gyi,21.75448473,95.34577865
adm4,MMR005003034,Kin Ywar,21.73912101,95.31945841
adm4,MMR005003035,Shwe Bon Thar,21.72551846,95.34657304
adm4,MMR005003036,Gaung Kwe,21.69336753,95.32504085
adm4,MMR005003037,Ngar Pei,21.66993567,95.30104258
adm4,MMR005003038,Myit Thar,21.65943513,95.29253343
adm4,MMR005003039,Twin Gyi,21.79900904,95.26990183
adm4,MMR005003040,Ma Gyi Boke,21.81195702,95.22344542
adm4,MMR005003041,Aing Thar,21.75785694,95.40378821
adm4,MMR005003042,Chaung Zin,21.67316747,95.355561
adm4,MMR005003043,Pauk Chaung,21.68156534,95.34213588
adm4,MMR005003044,Ywar Pale,21.65290394,95.34233098
adm4,MMR005003045,Kyaung Hpyu,21.65290829,95.36059699
adm4,MMR005003046,Bone Khaung,21.73832087,95.37609094
adm4,MMR005003047,Nga Yant Oh,21.63046045,95.32746384
adm4,MMR005003048,Myit Son,21.65807736,95.31622894
adm4,MMR005003049,Thiri Zay Yar,21.72357527,95.24746204
adm4,MMR005003701,Urban,21.83567099,95.42446432
adm4,MMR005004001,Ta Ga Nan,22.53839855,95.68416013
adm4,MMR005004002,Zee Taw,22.52293983,95.67876274
adm4,MMR005004003,Aung Chan Thar,22.51149926,95.67156369
adm4,MMR005004004,Bone Bwet,22.48962654,95.67518812
adm4,MMR005004005,Yin Bar,22.50045185,95.70464298
adm4,MMR005004006,Pa Daung,22.50642074,95.73007784
adm4,MMR005004007,Taung Tin,22.52161305,95.71654959
adm4,MMR005004008,Shar Taw,22.53936195,95.70713219
adm4,MMR005004009,Min Kone,22.56886148,95.66735034
adm4,MMR005004010,Oke Shit Kan,22.5768074,95.65521211
adm4,MMR005004011,Chi Par,22.53411131,95.65064487
adm4,MMR005004012,Lone Taw,22.49076407,95.64556944
adm4,MMR005004013,Pa Laing,22.49975795,95.60046152
adm4,MMR005004014,Kun Seik,22.46162625,95.58731301
adm4,MMR005004015,Wun Si,22.46840794,95.56565749
adm4,MMR005004016,Tet Tu,22.51695069,95.58360546
adm4,MMR005004017,Htan Sin,22.5421589,95.61910218
adm4,MMR005004018,Hta Naung Wun,22.59725373,95.66249571
adm4,MMR005004019,Pi Tauk Khaung,22.60799276,95.70118002
adm4,MMR005004020,Khun Taung Nge,22.62277269,95.66583884
adm4,MMR005004021,Si Thar,22.64845842,95.659869
adm4,MMR005004022,Hpoke Kone,22.65754476,95.70201404
adm4,MMR005004024,Ma Au,22.66114622,95.87478254
adm4,MMR005004025,Shwe Gun,22.58146192,95.95074727
adm4,MMR005004026,Ma Lar,22.56379875,95.91866319
adm4,MMR005004027,Ma Khauk,22.55044672,95.94663251
adm4,MMR005004028,Se Pin Kyun,22.52730732,95.98469912
adm4,MMR005004029,Ku Lar Ma,22.51850978,95.96163853
adm4,MMR005004030,Ohn Pauk,22.59270135,95.85308734
adm4,MMR005004031,Kan Gyi Taw,22.51032156,95.83043294
adm4,MMR005004032,Gway Pin Kone,22.52445822,95.86728646
adm4,MMR005004033,Ta Ohn,22.5738369,95.80303047
adm4,MMR005004034,Gyoe Gyar,22.54828059,95.8090814
adm4,MMR005004035,Ta Kan Thar,22.51727397,95.79916966
adm4,MMR005004036,Thit Cho Pin,22.51532309,95.76867892
adm4,MMR005004037,Chaung Son,22.5095936,95.74947731
adm4,MMR005004038,Pauk Ton,22.52958449,95.73175608
adm4,MMR005004039,Ta Khun Taing,22.53992247,95.74149662
adm4,MMR005004040,Tha Pyay Thit Cho,22.54017969,95.77164042
adm4,MMR005004041,Min Kyaung,22.59143888,95.73519483
adm4,MMR005004042,Kan Hpyu,22.56160193,95.74436826
adm4,MMR005004043,Sin Kut,22.58441766,95.77212289
adm4,MMR005004044,Kawt,22.61612984,95.80388525
adm4,MMR005004045,Na Maw,22.6407816,95.75308087
adm4,MMR005004046,Boe Daw Taw,22.65222272,95.81073893
adm4,MMR005004047,Sin Inn,22.63172725,95.47678367
adm4,MMR005004048,Tha But Taw,22.65574696,95.46656879
adm4,MMR005004049,Ku Toet Seik,22.60504029,95.49672459
adm4,MMR005004050,Myin See,22.63154099,95.51962028
adm4,MMR005004051,Tha Yet Pin Wun,22.66309397,95.50764506
adm4,MMR005004052,Nyaung Kaing,22.57666031,95.49329873
adm4,MMR005004053,Yone Taw,22.54591613,95.48541131
adm4,MMR005004054,Tei Pin,22.52603468,95.51772011
adm4,MMR005004055,Ywar Soe,22.55601186,95.53224933
adm4,MMR005004056,War Yon Kan,22.50185364,95.55193357
adm4,MMR005004057,Saung Tan,22.53364191,95.56045824
adm4,MMR005004058,Seik Khun,22.55558301,95.58094519
adm4,MMR005004059,Tint Tei,22.56614217,95.60688328
adm4,MMR005004060,Myin Chin,22.5815049,95.63153343
adm4,MMR005004061,Tha Lone,22.59963127,95.59795515
adm4,MMR005004062,Ywar Taw,22.61336022,95.63623648
adm4,MMR005004063,Pan Yan,22.61419198,95.61679401
adm4,MMR005004064,Zee Hpyu Kone,22.58961372,95.54117896
adm4,MMR005004065,Hna Ma Sar Yit,22.61590961,95.55565088
adm4,MMR005004066,Leik Chin,22.62903525,95.57795345
adm4,MMR005004067,Nyaung Pin Thar,22.66460775,95.55007388
adm4,MMR005004068,Kyar,22.68143636,95.59207523
adm4,MMR005004069,Khun Taung Gyi,22.63926915,95.61548762
adm4,MMR005004070,Nyaung Kan,22.64358699,95.64132768
adm4,MMR005004071,Sint Ton,22.66784442,95.62689108
adm4,MMR005004072,Kyet Tet,22.67192993,95.65338434
adm4,MMR005004073,Tei Pin,22.53155053,95.54531093
adm4,MMR005004701,Urban,22.56924287,95.70001531
adm4,MMR005004702,Urban,22.6087561,95.90974378
adm4,MMR005005001,Mon Hla,22.84077104,95.49434355
adm4,MMR005005002,Ngar Yon Gyi,22.83819579,95.52855514
adm4,MMR005005003,Shin Min Dway,22.81460571,95.52599602
adm4,MMR005005004,Tha Yet Kone,22.81109621,95.50476923
adm4,MMR005005005,Thar Wut Hti,22.81137287,95.48152002
adm4,MMR005005006,Kin Pyit,22.79400638,95.50535832
adm4,MMR005005007,In Daing Gyi,22.78469849,95.52852402
adm4,MMR005005008,Pyin Htaung,22.77929687,95.50263461
adm4,MMR005005009,Ma Gyi Oke,22.77583981,95.46662122
adm4,MMR005005010,In Daing Lay,22.7564087,95.45035235
adm4,MMR005005011,Inn Pat,22.7454927,95.45130294
adm4,MMR005005012,Mya Kan,22.73638919,95.47784552
adm4,MMR005005013,Mon Taw (North),22.7196045,95.47363498
adm4,MMR005005014,Se Gyi,22.72746706,95.44616589
adm4,MMR005005015,Mu Thar,22.70623254,95.44825784
adm4,MMR005005016,Thet Pay,22.68025631,95.44573314
adm4,MMR005005017,Yone Su,22.68491757,95.48002535
adm4,MMR005005018,Kyun Lel,22.70080571,95.49149701
adm4,MMR005005019,Tei Bo Pin,22.69348146,95.52015257
adm4,MMR005005020,Myo Thit,22.73840334,95.5154667
adm4,MMR005005021,Ta Pin Kaung,22.70505621,95.54359205
adm4,MMR005005022,Paung Hle Kone,22.72567752,95.57666164
adm4,MMR005005023,Kan Thit,22.74880982,95.56351145
adm4,MMR005005024,Gway Kone,22.76928711,95.54369012
adm4,MMR005005025,Ba Oe,22.78680422,95.5555104
adm4,MMR005005026,Kan Thar Yar,22.77681495,95.58882043
adm4,MMR005005027,Si Poke Ta Yar,22.80920414,95.57641693
adm4,MMR005005028,Gya Poet,22.82589725,95.5617385
adm4,MMR005005029,Ma Daung Gyi,22.85168862,95.56184468
adm4,MMR005005030,Ma Daung Hla,22.86665089,95.59042597
adm4,MMR005005031,Pi Tauk Kone,22.88768733,95.60623398
adm4,MMR005005032,Saw Gyi,22.83669374,95.60887586
adm4,MMR005005033,Aing Pauk Gyi,22.84264013,95.65748206
adm4,MMR005005034,Pin Din,22.81297329,95.63660897
adm4,MMR005005035,Oke Sar Twin,22.74744072,95.61266153
adm4,MMR005005036,Laung Shey,22.73471069,95.63068847
adm4,MMR005005037,Let Pan Hla,22.72314546,95.63890267
adm4,MMR005005038,Let Pan Gyi,22.71431322,95.60663249
adm4,MMR005005039,Ya Than,22.69736395,95.62481352
adm4,MMR005005040,Kyee Kan,22.6960133,95.65986926
adm4,MMR005005041,Than Bo,22.71112061,95.68601591
adm4,MMR005005042,Ma Gyi Ton,22.75769344,95.66823222
adm4,MMR005005043,Kun Taing,22.78506126,95.647727
adm4,MMR005005044,Nyaung Kan,22.81570434,95.68090818
adm4,MMR005005045,Ah Lel Sho,22.8440939,95.69228653
adm4,MMR005005046,Yauk Thwar Aing,22.84356551,95.73831049
adm4,MMR005005047,Ngar Tin Gyi,22.83812834,95.83834694
adm4,MMR005005048,Shar Lwin,22.80822755,95.75266191
adm4,MMR005005049,Ywar Zin,22.77560426,95.77576831
adm4,MMR005005050,Kyun Pin Kan,22.7475891,95.75988005
adm4,MMR005005051,Kyoet Kan,22.75238034,95.71788741
adm4,MMR005005052,Ywar Thit,22.68670653,95.7376569
adm4,MMR005005053,Ywar Thar,22.72378541,95.78010802
adm4,MMR005005054,Su Htat,22.69119263,95.7979923
adm4,MMR005005055,Kone Gyi,22.74530031,95.80532841
adm4,MMR005005056,Ka Bwet,22.74614997,95.88568264
adm4,MMR005005057,Hta Naung Kaing Gyi,22.81082666,95.86891718
adm4,MMR005005058,Thin Paung,22.78759766,95.91141018
adm4,MMR005005059,Koke Tet,22.80900312,95.94102001
adm4,MMR005005701,Urban,22.77107948,95.62505413
adm4,MMR005006001,Myin Taw,22.37294745,95.80988976
adm4,MMR005006002,Ma Gyi Ton,22.36994208,95.74906927
adm4,MMR005006003,Mu Gyi,22.35045069,95.74885603
adm4,MMR005006004,Lein Pin,22.34013719,95.76231067
adm4,MMR005006005,Tha Khut Taw,22.39821072,95.76865507
adm4,MMR005006006,Yone Thar,22.31614301,95.80763975
adm4,MMR005006007,Pin Zin,22.35571263,95.72133483
adm4,MMR005006008,Ta Kaung Min,22.39309904,95.73538633
adm4,MMR005006009,Khaw Taw,22.31824739,95.77119908
adm4,MMR005006010,Min,22.34729349,95.83265063
adm4,MMR005006011,Tha Yaing,22.38345581,95.84930544
adm4,MMR005006012,Ha Lin,22.45127009,95.82607881
adm4,MMR005006013,Moke Soe Chon,22.47189705,95.7663339
adm4,MMR005006014,Yin Mar Kan,22.48515725,95.75093879
adm4,MMR005006015,Min Thar Kan,22.46579316,95.73530631
adm4,MMR005006016,Hput Hlaing,22.49044864,95.7316841
adm4,MMR005006017,Sin Ta Wea,22.47589616,95.72253198
adm4,MMR005006018,Kyay Thee Kone,22.4445348,95.69523224
adm4,MMR005006019,Yin Taw,22.43716799,95.72782282
adm4,MMR005006020,Sint Bar,22.40833239,95.71001
adm4,MMR005006021,Kyee Pin Kan,22.41527819,95.77834054
adm4,MMR005006022,Ohn Hne Boke,22.47550966,95.6977228
adm4,MMR005006023,Ta Nin Thar,22.41022671,95.7424336
adm4,MMR005006024,Shwe Pan Kone,22.31509019,95.63248118
adm4,MMR005006025,Ywar Thar Gyi,22.31319587,95.69035456
adm4,MMR005006026,Tha Yet Gyi,22.3098282,95.73682363
adm4,MMR005006027,Pauk Taw,22.27636202,95.73904231
adm4,MMR005006028,Ta Kaung Htaunt,22.2776249,95.69064766
adm4,MMR005006029,Hpa Yar Pyan,22.25594556,95.72336077
adm4,MMR005006030,Tha Ma Yoe,22.30835486,95.59526268
adm4,MMR005006031,Kaing,22.26640181,95.62128008
adm4,MMR005006032,Hla Htway,22.23437095,95.62850704
adm4,MMR005006033,Kyee Kan,22.35781746,95.66880727
adm4,MMR005006034,Me Kone,22.33761147,95.67747932
adm4,MMR005006035,Min Chi,22.41300339,95.61309309
adm4,MMR005006036,Kywe Zin,22.45133457,95.62137573
adm4,MMR005006037,Oke Pon,22.46938205,95.61541577
adm4,MMR005006038,Kyauk Taing,22.40379297,95.55976589
adm4,MMR005006039,Myin Thei,22.43262197,95.57470587
adm4,MMR005006040,Hla Taw,22.37949675,95.69584471
adm4,MMR005006041,Swei Kwayt,22.35575893,95.56625202
adm4,MMR005006042,Tha Man Thar,22.36434228,95.60159422
adm4,MMR005006043,Yae Htwet,22.39102683,95.65630256
adm4,MMR005006044,Shwe Kyin,22.37360333,95.6574443
adm4,MMR005006045,Mauk Kyoe,22.41191057,95.68330171
adm4,MMR005006046,Tha Na,22.42496021,95.65999374
adm4,MMR005006047,Saing Naing Lay,22.47586895,95.65863667
adm4,MMR005006048,Saing Naing Gyi,22.44874437,95.66432269
adm4,MMR005006049,Shein Ma Kar,22.2868797,95.97071641
adm4,MMR005006050,In Daung,22.32238324,95.98799371
adm4,MMR005006051,Bu Ba Kan,22.28141354,95.89669245
adm4,MMR005006052,Kan Hpyu,22.37423481,95.94068135
adm4,MMR005006053,Tat,22.23628222,95.96841443
adm4,MMR005006054,Inn Be,22.3230884,95.89400219
adm4,MMR005006055,Thar Laing,22.29909377,95.85185043
adm4,MMR005006056,Yone Pin Kone,22.31845785,95.94515449
adm4,MMR005006057,Htan Gyi,22.22037464,95.91766543
adm4,MMR005006058,Sin Kut,22.26941622,95.78463036
adm4,MMR005006059,Ku Kaung,22.27004766,95.84068128
adm4,MMR005006060,Ta Chan Thar,22.23321386,95.81658188
adm4,MMR005006061,Ywar Nan,22.19890577,95.83515367
adm4,MMR005006062,Pauk Kan,22.24521113,95.8770868
adm4,MMR005006063,Nyaung Pin Gyi Taw,22.23089856,95.8420178
adm4,MMR005006064,Thit Seint Gyi,22.42269628,95.92821519
adm4,MMR005006065,Shar Kwe,22.47979505,95.92360008
adm4,MMR005006066,Min Kone,22.4007219,95.88928077
adm4,MMR005006067,Kan Pauk,22.32456174,95.85081548
adm4,MMR005006068,In Gyin Pin,22.343742,95.86362089
adm4,MMR005006069,Ma Gyi Hpyu,22.21677971,95.78166317
adm4,MMR005006701,Urban,22.36996699,95.7869256
adm4,MMR005007001,Kya Khat Aik,23.70441806,95.67622512
adm4,MMR005007002,Koe Taung Boet,23.67127774,95.67925907
adm4,MMR005007003,Meik Tha Lin Kone,23.63280183,95.69535185
adm4,MMR005007004,Zee Ka Nar,23.64919377,95.6429609
adm4,MMR005007005,Thin Taw,23.59863279,95.6546246
adm4,MMR005007006,Kan Gyi,23.586665,95.70110384
adm4,MMR005007007,Auk Te,23.58088175,95.73666197
adm4,MMR005007008,Chat Thin,23.51156252,95.69075463
adm4,MMR005007009,Tin Maw,23.52187539,95.72295686
adm4,MMR005007010,Sar Kyin,23.47435942,95.6789959
adm4,MMR005007011,Nyaung Kan Thar,23.44390011,95.62429915
adm4,MMR005007012,Myauk Pay Kone,23.40466434,95.79785207
adm4,MMR005007013,Zin,23.32039037,95.86855468
adm4,MMR005007014,Zee Kone (North),23.44947629,95.70731555
adm4,MMR005007015,Nyo Pin Sho,23.47704945,95.70751265
adm4,MMR005007016,Pint Thar Gyi,23.43398966,95.69063589
adm4,MMR005007017,Chat Gyi,23.46169174,95.65159634
adm4,MMR005007018,Na Gar Paw,23.40307427,95.68765364
adm4,MMR005007019,Tei Pin,23.40916416,95.59868053
adm4,MMR005007020,Nyaung Kone,23.47062908,95.49419848
adm4,MMR005007021,Inn Ma,23.36137801,95.58643407
adm4,MMR005007022,Hin Thaw,23.50581129,95.82322739
adm4,MMR005007023,Nat Pay,23.17175447,95.52591846
adm4,MMR005007024,Wet Toe (North),23.12113379,95.49705516
adm4,MMR005007025,Tauk Ka Shat,23.1618938,95.45655006
adm4,MMR005007026,Gar Tar,23.24833097,95.64358361
adm4,MMR005007027,Sa Bai Nant Thar,23.18545508,95.72363012
adm4,MMR005007028,Inn Lel Gyi,23.12067411,95.5893603
adm4,MMR005007029,Nyaung Pin Gyi,23.09006477,95.44509801
adm4,MMR005007030,Kha Tauk Yin,23.11887996,95.42907261
adm4,MMR005007031,Gyoe Gyar,23.06821823,95.46300854
adm4,MMR005007032,Htan Kone,23.08816607,95.51930304
adm4,MMR005007033,Oke Hpo,23.04412628,95.49876762
adm4,MMR005007034,Khaw Than Ti,23.04515124,95.47277766
adm4,MMR005007035,San Da Yar,23.2553119,95.40266702
adm4,MMR005007036,Kan Hpyu,23.19974476,95.3564915
adm4,MMR005007037,Myay Du,23.17801788,95.40689078
adm4,MMR005007038,Boke Taw,23.20021269,95.38510926
adm4,MMR005007039,Leik Tu,23.23945785,95.53465748
adm4,MMR005007040,Thin Pan Taw,23.2584908,95.46376526
adm4,MMR005007041,Pay Kone,23.35410048,95.5543072
adm4,MMR005007042,Ywet Kyan,23.00929767,95.47494331
adm4,MMR005007043,Tin Ngoke Gyi,22.98848967,95.47822055
adm4,MMR005007044,Tha But Kone,23.01614348,95.50569729
adm4,MMR005007045,Nyaung Zin Lay,23.01588437,95.53606508
adm4,MMR005007046,Su Poke Kone,23.0252967,95.55970128
adm4,MMR005007047,Htein Taw,23.07971034,95.56354091
adm4,MMR005007048,Me Thei,23.04548348,95.56440678
adm4,MMR005007049,Kyun Pin Kone,23.0350298,95.60002491
adm4,MMR005007050,Kaing Yoe,23.07673139,95.61739669
adm4,MMR005007051,Zee Hpyu Kone,23.00628285,95.58788573
adm4,MMR005007052,Tha Yet Kan Gyi,22.97314436,95.57329539
adm4,MMR005007054,Kar Boe,22.90706754,95.51662761
adm4,MMR005007055,Ngar Yar Ne,22.96424817,95.53838873
adm4,MMR005007056,Tha Pyay Thar,22.9521069,95.57014228
adm4,MMR005007057,Aung Chan Thar,22.86634838,95.51693189
adm4,MMR005007058,Wet Toe (South),22.90327817,95.5375842
adm4,MMR005007059,Kyi Kone,22.9332343,95.50501548
adm4,MMR005007060,Bu Gyi,22.92894185,95.53000999
adm4,MMR005007061,Hpa Lon Chaing,22.98332529,95.54298263
adm4,MMR005007062,Chin Myit Kyin,22.97663973,95.50420955
adm4,MMR005007063,Nyaung Pin Seik,22.94823048,95.49507889
adm4,MMR005007064,Kyi Su,22.86377529,95.49367475
adm4,MMR005007065,Ma Lel,23.03792875,95.9516518
adm4,MMR005007066,Mei Za Taw,22.91144959,95.88294544
adm4,MMR005007067,Si Son Gyi,22.88043951,95.55459406
adm4,MMR005007068,Hnget Pyaw Taing,23.08644441,95.68286273
adm4,MMR005007069,Kha Ohn Tar,23.03161187,95.66196227
adm4,MMR005007070,Htan Taw,23.08788338,95.90525954
adm4,MMR005007071,Pa Zi Gyi,22.99422213,95.88210686
adm4,MMR005007072,Chaung Shey,23.12303531,95.83394332
adm4,MMR005007073,Poke Par,22.93525718,95.59100213
adm4,MMR005007074,Chaung Kan,22.96953257,95.6117637
adm4,MMR005007075,Htan Ta Pin,22.92599327,95.60797136
adm4,MMR005007076,Ngar Myaung,22.90906247,95.62942155
adm4,MMR005007077,Hta Naung Kaing,22.93927317,95.63716578
adm4,MMR005007078,Kyauk Se Kan,22.92408536,95.64840096
adm4,MMR005007079,Tha Le U,22.96242351,95.65312047
adm4,MMR005007080,Myay Mun,22.98488738,95.78039666
adm4,MMR005007081,Bu Kone,22.93518596,95.70109919
adm4,MMR005007082,Thauk Kan,22.87638747,95.67609894
adm4,MMR005007083,Yae Shin,22.89425252,95.75176505
adm4,MMR005007084,Ya Thar,22.89130425,95.64776903
adm4,MMR005007085,Hpoke Kone,22.99833347,95.64630876
adm4,MMR005007086,Dan Pin,23.05039469,95.53096412
adm4,MMR005007087,Hlwe Seik,23.21104626,95.76512507
adm4,MMR005007701,Urban,23.20548098,95.51938272
adm4,MMR005007702,Urban,22.92113219,95.56966366
adm4,MMR005007901,,23.52781539,95.58406539
adm4,MMR005007902,,23.25697885,95.75409267
adm4,MMR005008001,In Daing,23.31218528,95.25321252
adm4,MMR005008002,Kyi Kone,23.3340843,95.46899068
adm4,MMR005008003,Kyauk Aing,23.28376012,95.41719073
adm4,MMR005008004,Nyaung Kaing,23.2804724,95.2895289
adm4,MMR005008005,Ywar Thi,23.3086586,95.41226738
adm4,MMR005008006,Ma Gyi Inn,23.31586863,95.45768807
adm4,MMR005008007,Tin Tein Yan,23.33923541,95.50657416
adm4,MMR005008008,Lel Hla,23.38271997,95.52506527
adm4,MMR005008009,Koke Ko Kone,23.44376,95.50870699
adm4,MMR005008010,Inn Gaung,23.34491923,95.47611828
adm4,MMR005008011,Thet Kei Kyin,23.51412188,95.15267995
adm4,MMR005008012,Kone See,23.48333139,95.20344875
adm4,MMR005008013,Maw Kei,23.4710504,95.09382402
adm4,MMR005008014,Naung Kauk,23.58403858,95.09153756
adm4,MMR005008015,Tha Yet Pin,23.40029429,95.24637616
adm4,MMR005008016,Leik Sin Taung,23.42618713,95.20854827
adm4,MMR005008017,Pay Kone,23.38173485,95.26850375
adm4,MMR005008018,Yae Yein,23.301544,95.07415469
adm4,MMR005008019,Htein Taw,23.30239832,95.17076868
adm4,MMR005008020,In Hla,23.34795189,95.178044
adm4,MMR005008021,Nwar Lel Boet,23.44989372,95.27685326
adm4,MMR005008022,Ein Chay,23.61225163,95.311734
adm4,MMR005008023,Taung Yar Seik,23.41776276,95.51861274
adm4,MMR005008024,Hlut Taik,23.45928574,95.42104132
adm4,MMR005008025,Shan Kone,23.5217247,95.28666665
adm4,MMR005008026,Naung U,23.56302256,95.29677155
adm4,MMR005008027,Thit Cho,23.63294014,95.2094793
adm4,MMR005008028,Nyaung Pin Yoe,23.67114385,95.2782261
adm4,MMR005008029,Yae Shin,23.67617896,95.1096599
adm4,MMR005008030,Chaung Zauk,23.74181109,95.15861907
adm4,MMR005008031,Ma Yar Thar,23.71586744,95.24858886
adm4,MMR005008032,Shan Su,23.31875336,95.50880777
adm4,MMR005008033,Htan Pin Kone,23.30825282,95.58145474
adm4,MMR005008034,Myin Thar U,23.49090868,95.31411781
adm4,MMR005008701,Urban,23.31912764,95.53550414
adm4,MMR005008901,,23.566913,95.00592302
adm4,MMR005009001,Hnaw Kone,22.76923653,95.37078735
adm4,MMR005009002,Me Oe,22.80983544,95.35922119
adm4,MMR005009003,Myin Pauk,22.79258852,95.37414241
adm4,MMR005009004,Hpa Lan Khon,22.81044596,95.37947243
adm4,MMR005009005,Ywar Nge,22.91764604,95.09341709
adm4,MMR005009006,Yae Myet,22.87687996,95.21045505
adm4,MMR005009007,Nyaung Lel,22.85348693,95.2227192
adm4,MMR005009008,Nay Pu Kone,22.82967698,95.23509051
adm4,MMR005009009,Aung Keit Zin,22.81964837,95.21783482
adm4,MMR005009010,Ywar Meik Thar,22.7547369,95.3605359
adm4,MMR005009011,Aung Thar,22.70766184,95.37744766
adm4,MMR005009012,Moke Si,22.72968747,95.38286994
adm4,MMR005009013,Yae U Kone,22.78602554,95.42104257
adm4,MMR005009014,Than Thei,22.77747842,95.40021391
adm4,MMR005009015,Ywar Thit,22.74504975,95.3381941
adm4,MMR005009016,Chan Thar,22.77694629,95.33440554
adm4,MMR005009017,Taung Kwin,22.78388876,95.32106195
adm4,MMR005009018,Boke,22.85711689,95.31973743
adm4,MMR005009019,Chaung Son,22.80571452,95.31092418
adm4,MMR005009020,Chon,22.71572127,95.33913855
adm4,MMR005009021,In Taw,22.84272711,95.41993321
adm4,MMR005009022,Inn Gyi,22.83639264,95.02712871
adm4,MMR005009023,Kyar Pan Nyo,22.78602554,95.43626671
adm4,MMR005009024,Kyaung Pan Taw,22.71565294,95.28129945
adm4,MMR005009025,Kan Pauk,22.79838834,95.39487589
adm4,MMR005009026,Koke Ko Su,22.71601756,95.4117698
adm4,MMR005009027,Kone Thar,22.75717892,95.34399156
adm4,MMR005009028,Khin Pin,23.00061537,95.09991716
adm4,MMR005009029,Khaung Nwet,22.76771027,95.28563695
adm4,MMR005009030,Lein Taw,22.83224882,95.32782419
adm4,MMR005009031,Wet Thea,22.84760498,95.33996153
adm4,MMR005009032,Lay,22.81655498,95.45183447
adm4,MMR005009033,Mon Taing Pin,22.85593949,95.46952667
adm4,MMR005009034,In Pin,22.88503125,95.47206432
adm4,MMR005009035,Ywar Pu Gyi,22.89155714,95.45045991
adm4,MMR005009036,Pone Ta Kar,22.87081994,95.42031922
adm4,MMR005009037,Lin Hpyu,22.78592496,95.21683578
adm4,MMR005009038,Tar Taing,22.787852,95.1744181
adm4,MMR005009039,Nyaung Ni Kan,22.81836366,95.17075052
adm4,MMR005009040,Zay Ya Wa Di,22.77251168,95.23650772
adm4,MMR005009041,Ma Gyi Taw,22.74815475,95.41973574
adm4,MMR005009042,Ma Gyi Ni,22.74664766,95.29406218
adm4,MMR005009043,Si Thar Myay,22.80998808,95.33435005
adm4,MMR005009044,Meik Hti Lar,22.75580534,95.25735809
adm4,MMR005009045,Myo Gyi,22.7414583,95.31196483
adm4,MMR005009046,Kun Ohn,22.79182541,95.2846038
adm4,MMR005009047,Win Wa,22.77091544,95.30896034
adm4,MMR005009048,Nga Yoke Ton,22.75433514,95.38527555
adm4,MMR005009049,Oke Hpo,22.81007619,95.24758207
adm4,MMR005009050,Pa Lu Za Wa,22.87943357,94.84576704
adm4,MMR005009051,Hpan Khar Sin,22.87032926,95.40337186
adm4,MMR005009052,Hpein Kar,22.81370495,95.42165842
adm4,MMR005009053,Tu Maung,22.84678787,95.37669874
adm4,MMR005009054,Taung Pyin Nge,22.8380715,94.82550466
adm4,MMR005009055,Pay Gyi,22.83924681,95.29668666
adm4,MMR005009056,Ta Mar Taw,22.84331,95.26834821
adm4,MMR005009057,Tin Tein Yan,22.72858337,95.29346034
adm4,MMR005009058,Htan Gyi,22.73932152,95.27547602
adm4,MMR005009059,Htan Taw,22.75406785,95.40167056
adm4,MMR005009060,Zein Zun,22.68898988,95.41654181
adm4,MMR005009061,Shaw Hpyu,22.70851379,95.30580106
adm4,MMR005009062,Chaung Shey,22.814109,95.27925432
adm4,MMR005009701,Urban,22.76653753,95.42566227
adm4,MMR005009901,,22.89194486,94.96825041
adm4,MMR005010001,Ywar Shey,22.69166814,95.3464376
adm4,MMR005010002,Khun Taung,22.64657594,95.3485642
adm4,MMR005010003,Ta Nei,22.62499997,95.37055095
adm4,MMR005010004,Pauk Taw,22.61758424,95.35065556
adm4,MMR005010005,Bagan,22.62889499,95.32263994
adm4,MMR005010006,Let Tee,22.64321331,95.31453658
adm4,MMR005010007,Yin Dway,22.66017579,95.30922358
adm4,MMR005010008,Kyi,22.64779661,95.27261129
adm4,MMR005010009,Wa Bar,22.66851807,95.28405116
adm4,MMR005010010,Taw Kyaung,22.68435381,95.30506297
adm4,MMR005010011,In Taing Lay,22.69584297,95.2654891
adm4,MMR005010012,Sat Pyar Kyin,22.64788818,95.23798982
adm4,MMR005010013,In Boke,22.69207764,95.16030394
adm4,MMR005010014,Paung Taw Ku,22.71389774,95.19057503
adm4,MMR005010015,Na Gar Twin,22.72475541,95.24265191
adm4,MMR005010016,In Taing Gyi,22.75131354,95.20785843
adm4,MMR005010017,Tha Yet Kyin,22.76653533,95.20175668
adm4,MMR005010018,Kyauk Hpyar,22.55257889,95.2179075
adm4,MMR005010019,Kya Khat,22.58758544,95.28608461
adm4,MMR005010020,Aye Thar Yar,22.61151126,95.2877843
adm4,MMR005010021,Min Te Kone,22.59223553,95.20436434
adm4,MMR005010022,Min Swe Hnit,22.56881715,95.30738118
adm4,MMR005010023,Tha Peik Le,22.52011109,95.26851811
adm4,MMR005010024,Ma Gyi Zauk,22.60488893,95.24846188
adm4,MMR005010025,Ein Yar,22.54421997,95.27591636
adm4,MMR005010026,Thein Bar,22.62487793,95.19860123
adm4,MMR005010027,Mu Kan,22.49160768,95.50132483
adm4,MMR005010028,Su Tat,22.52909564,95.46990517
adm4,MMR005010029,Tei Taw,22.58502919,95.44431882
adm4,MMR005010030,Taik,22.49457383,95.41717381
adm4,MMR005010031,Mi Chaung Aing,22.4879041,95.46487943
adm4,MMR005010032,Let Hloke,22.47703553,95.53459962
adm4,MMR005010033,Tha Yet Kan,22.53051756,95.42231383
adm4,MMR005010034,Nyaung Hla,22.65209605,95.40070734
adm4,MMR005010035,Na Myar,22.62512734,95.43894928
adm4,MMR005010036,Ma Ya Kan,22.61560059,95.40165036
adm4,MMR005010037,Me Oe,22.68161015,95.37877479
adm4,MMR005010038,Let Yet Kone,22.66864083,95.39288963
adm4,MMR005010039,Daing Nat,22.57000736,95.39518019
adm4,MMR005010040,In Pin,22.53617677,95.37338687
adm4,MMR005010041,Kaing Kan,22.5202095,95.38595905
adm4,MMR005010042,Htone Bo,22.54342653,95.32238371
adm4,MMR005010043,Taw Tan,22.50929867,95.36120208
adm4,MMR005010044,Htan Ta Pin,22.50250245,95.40801619
adm4,MMR005010045,Na Gar Bo,22.51754934,95.32523946
adm4,MMR005010046,Ma Gyi Oke,22.50097659,95.38462755
adm4,MMR005010047,Tet Khaung,22.5749817,95.35808244
adm4,MMR005010048,Tauk Ka Shat,22.60089113,95.317864
adm4,MMR005010049,Ohn Ta Pin,22.60089113,95.34493728
adm4,MMR005010050,Thit Ya Aik,22.7626189,95.06550562
adm4,MMR005010051,Sat Lu,22.67455597,94.95287786
adm4,MMR005010052,Se Taw,22.75304873,94.94222935
adm4,MMR005010053,In Gyin Pin,22.67329327,95.10708601
adm4,MMR005010054,In Gyin Tha Poe,22.66029281,95.04451415
adm4,MMR005010055,Chon Ywar,22.65322878,95.18136074
adm4,MMR005010056,Tha Yet Taw,22.66144193,95.42023214
adm4,MMR005010701,Urban,22.68570929,95.31862333
adm4,MMR005010702,Urban,22.55091866,95.23708784
adm4,MMR005010901,,22.74881171,94.85936148
adm4,MMR005011001,Nyan Thar,22.97009277,95.42463191
adm4,MMR005011002,Aung Swar,23.18777469,95.29468489
adm4,MMR005011003,Chaung Yoe,22.8816534,95.39209735
adm4,MMR005011004,Chaung Son (South),23.00140382,95.39585874
adm4,MMR005011005,Chaung Son (North),23.14151001,95.17955637
adm4,MMR005011006,Dei Yauk,22.89442009,95.41953057
adm4,MMR005011007,Et Taw,22.9349924,95.47438604
adm4,MMR005011008,Nga Tan,22.94149779,95.44097943
adm4,MMR005011009,In Taing,22.92709352,95.35161774
adm4,MMR005011010,Daung Gyi,22.99078368,95.32338457
adm4,MMR005011011,In Koke Kar,23.00140382,95.36079402
adm4,MMR005011012,Kyun Taw Kone,22.97009277,95.393198
adm4,MMR005011013,Ka La Zin,22.91848754,95.43995308
adm4,MMR005011014,Kha Paung Kyaing,22.91848754,95.3821475
adm4,MMR005011015,Kone Yoe,22.89099123,95.36283938
adm4,MMR005011016,Kan Gyi Kone,22.89520265,95.33990217
adm4,MMR005011017,Kon Swar,22.91865521,95.29311553
adm4,MMR005011018,Kyaung Sin Aing,22.95225486,95.17249542
adm4,MMR005011019,Kan Htu Ma,22.93957521,95.2347084
adm4,MMR005011020,Kha Yan Chan,22.97061158,95.26167769
adm4,MMR005011021,Kar Paung Kya,23.11010744,95.25647612
adm4,MMR005011022,Lel Tee,22.90469703,95.20994362
adm4,MMR005011023,Mauk Tet,23.10159303,95.056526
adm4,MMR005011024,Bay Yin,23.09087328,95.40360928
adm4,MMR005011025,Kyun Lel,23.0713196,95.42416761
adm4,MMR005011026,Nga Nu Chaung,22.92739871,95.31804187
adm4,MMR005011027,Na Bet Gyi,23.02569581,95.36847406
adm4,MMR005011028,Na Nwin Taw,23.23261963,95.23035497
adm4,MMR005011029,Nyaung Zee Kone,22.86828617,95.30132031
adm4,MMR005011030,Na Bet Nge,23.06430054,95.36756939
adm4,MMR005011031,Oke Hpo Aing,23.005188,95.34500972
adm4,MMR005011032,Pa Kar,23.04296721,95.11603897
adm4,MMR005011033,Pay Kone,23.02947999,95.32827083
adm4,MMR005011034,Pu Tee,23.2338173,95.34047274
adm4,MMR005011035,Hpa Lan Chaing,22.98471071,95.39706925
adm4,MMR005011036,Shwe Ka Taw,22.94740753,95.41501154
adm4,MMR005011037,Shwe Ku,22.88246489,95.25067654
adm4,MMR005011038,San Swea,22.92398073,95.26861847
adm4,MMR005011039,Sin Nge,22.97158812,95.36584373
adm4,MMR005011040,Sein Nan,23.23068237,95.04116653
adm4,MMR005011041,Shwe Ta Kyay,22.91351315,95.4046774
adm4,MMR005011042,Toke Ta Loke,23.01344433,95.43878659
adm4,MMR005011043,Ta Poe,23.04800415,95.24603641
adm4,MMR005011044,Thit Taw Pauk,23.06521746,95.29149919
adm4,MMR005011045,Thit Say Kone,23.03601071,95.29449412
adm4,MMR005011046,Thea Sar,23.05200195,95.32723838
adm4,MMR005011047,War Ya Nge,22.96499634,95.3212809
adm4,MMR005011048,Chaung U,22.97390747,95.3003368
adm4,MMR005011049,Ywar Ma,22.89178467,95.2805067
adm4,MMR005011050,Ywar Shey (South),22.88342286,95.30750024
adm4,MMR005011051,Ywar Thar Yar,22.87530518,95.33155949
adm4,MMR005011052,Ywar Mon Taung,23.0924988,94.98378523
adm4,MMR005011053,Yae U Kone,23.03219606,95.40178773
adm4,MMR005011054,Ywar Shey (North),23.12548826,95.32735099
adm4,MMR005011055,Zee Pauk,23.00027867,95.1778296
adm4,MMR005011056,Taw Gyin,23.0320943,95.04737837
adm4,MMR005011057,Mu Gwa,23.14426479,95.38395418
adm4,MMR005011701,Urban,22.94631218,95.38757888
adm4,MMR005011901,,23.15061644,95.0570612
adm4,MMR005012001,Koe Shin Kyun,22.06560402,95.15726224
adm4,MMR005012002,Su Lay Kone,22.06158809,95.19217
adm4,MMR005012003,Ma Au,22.06635998,95.17812903
adm4,MMR005012004,Lel Zin,22.09781435,95.18446861
adm4,MMR005012005,Nyaung Hpyu Pin,21.99370821,95.19137748
adm4,MMR005012006,Bu Taung Kan,22.17760898,95.21054441
adm4,MMR005012007,Bon Ma Noe,21.95258881,95.14458202
adm4,MMR005012008,Pon Nar Maw,21.9807771,95.15146056
adm4,MMR005012009,Kyun Ywar Thit,22.02974292,95.16014296
adm4,MMR005012010,Kya Paing,22.03281455,95.20690193
adm4,MMR005012011,Taw Pu,22.02243912,95.22422601
adm4,MMR005012012,Mon Yway,22.03462923,95.2606766
adm4,MMR005012013,Kyay Mon,22.04104554,95.25610657
adm4,MMR005012014,Kyee Oke,22.06064885,95.28112172
adm4,MMR005012015,Kha Tet Kan (North),22.09678092,95.32802354
adm4,MMR005012016,Kha Tet Kan (South),22.0635556,95.34682434
adm4,MMR005012017,Thet Kei Kyin,22.09659669,95.21122111
adm4,MMR005012018,Zee Kyun,22.12104402,95.20665592
adm4,MMR005012019,Ywar Ton,22.14270729,95.22259873
adm4,MMR005012020,Hta Naung Win,22.16642114,95.24296161
adm4,MMR005012023,Thar Si,22.23965862,95.25699949
adm4,MMR005012024,Kyaung Kone,22.27764213,95.24182704
adm4,MMR005012025,Nat Gyi Kyun,22.00276481,95.16794596
adm4,MMR005012026,In Taing,22.2184755,95.25577066
adm4,MMR005012027,Yaung Taw Tone,22.20320713,95.24686862
adm4,MMR005012028,Aung Thar,22.07367963,95.20479013
adm4,MMR005012029,Ma Yoe Taw,22.25854924,95.08436282
adm4,MMR005012030,Myin Mee Laung,22.16516135,95.19060457
adm4,MMR005012031,Thit Seint,21.97851921,95.20329593
adm4,MMR005012032,Hta Naung Taw,22.04874716,95.19658599
adm4,MMR005012033,Pa Lin Kone,22.23162932,95.15946852
adm4,MMR005012034,Khoe Than,22.21164041,95.15020636
adm4,MMR005012035,Kan Pyar,22.21143093,95.19660307
adm4,MMR005012036,Kyauk Kar (North),22.18222463,95.27113847
adm4,MMR005012037,Kyauk Kar (South),22.15207072,95.27088938
adm4,MMR005012038,Gyoe Gyar Kan,22.26036408,95.21038732
adm4,MMR005012039,Kywe Ye,22.18232097,95.12971453
adm4,MMR005012040,Kaw La Pya,22.21043264,95.11455969
adm4,MMR005012041,Te Gyi Kone,22.22862728,95.20653039
adm4,MMR005012043,Hpan Khar Kyin,22.25057027,95.12662773
adm4,MMR005012044,Dan Pin Te,22.24139405,95.20055825
adm4,MMR005012045,Se Gyi Taw,22.08378452,95.2368921
adm4,MMR005012046,Pu Yit Kone,22.0499,95.24463099
adm4,MMR005012047,Min,22.05508667,95.22880678
adm4,MMR005012048,Myay Ne,22.06590458,95.21936595
adm4,MMR005012049,Kyauk Sit Pon (North),22.19274855,95.16417447
adm4,MMR005012050,Kyauk Sit Pon (South),22.18019018,95.17215605
adm4,MMR005012051,Yae Kan Su,22.19258592,95.23329994
adm4,MMR005012052,Taung Mar Taw,22.11771173,95.26476272
adm4,MMR005012053,Taung Kyar,22.12241994,95.32021797
adm4,MMR005012054,Nyaung Pin,22.13064509,95.25212934
adm4,MMR005012055,Pauk Pin,22.03309908,95.18658253
adm4,MMR005012056,Bu Ba,22.01104674,95.19064285
adm4,MMR005012057,Kyun Gyi,22.00702162,95.14843404
adm4,MMR005012701,Urban,22.16766749,95.09750706
adm4,MMR005013001,Kyee Pin Chaung,22.35889301,95.12006283
adm4,MMR005013002,Son Kone,22.33056902,95.12303639
adm4,MMR005013003,Kan Thit,22.30530588,95.12388796
adm4,MMR005013004,Aung Chan Thar,22.33628901,95.15843226
adm4,MMR005013005,Hta Naung Kone,22.29934761,95.14486243
adm4,MMR005013006,Myo Paw,22.27697702,95.16866952
adm4,MMR005013007,Taw Way,22.28322551,95.18975673
adm4,MMR005013008,Ma Gyi Oke,22.3431467,95.20888901
adm4,MMR005013009,Ma Gway Pyin,22.30953755,95.17231353
adm4,MMR005013010,Kone Thar,22.31779878,95.24329146
adm4,MMR005013011,Nay Pu Kone,22.36732884,95.1613883
adm4,MMR005013012,Hlwe Te,22.40308331,95.14314525
adm4,MMR005013013,Myo Thit Chaung,22.40312767,95.22603627
adm4,MMR005013014,Thar Hpan,22.37042143,95.23850461
adm4,MMR005013015,Tha Pyay Pin,22.39383943,95.17584924
adm4,MMR005013016,Si Par,22.43991038,95.13657422
adm4,MMR005013017,Maung Htaung,22.48184255,95.05781849
adm4,MMR005013018,Wet Lu Aing,22.44539554,94.94417933
adm4,MMR005013019,Ywar Thit Shwe Let,22.52807888,95.02022469
adm4,MMR005013020,Taung Kone,22.45198073,95.04799471
adm4,MMR005013021,Nyaung Kan,22.38847556,95.05502121
adm4,MMR005013022,Se Wa,22.44352028,95.10568792
adm4,MMR005013023,Gway Pin Kyin,22.46706594,95.01183871
adm4,MMR005013024,Khoe Chaung,22.39911365,95.00963319
adm4,MMR005013025,Tha Khut Ta Nei,22.45586441,94.9729495
adm4,MMR005013026,Ku Taw,22.53652988,95.07220304
adm4,MMR005013027,Kyaung,22.4767449,95.10148712
adm4,MMR005013028,Nga Yae Win,22.50064665,95.08696131
adm4,MMR005013029,Ka Toe,22.51822784,95.1008298
adm4,MMR005013030,Mauk Tet,22.58464455,95.02087152
adm4,MMR005013031,Chin Twin,22.57789028,95.08312232
adm4,MMR005013032,Wet Poke,22.61530832,95.11719142
adm4,MMR005013033,Sin Yan,22.52174792,95.17008884
adm4,MMR005013034,Nga Pu Yin,22.47817491,95.14936456
adm4,MMR005013035,Ye Htwet,22.52306988,95.19069703
adm4,MMR005013036,Se Gyi,22.57071819,95.17144326
adm4,MMR005013037,Kun Ohn,22.44729415,95.21929753
adm4,MMR005013038,Oke Hpo,22.50196327,95.22047379
adm4,MMR005013039,Kyo Kone,22.43596284,95.17020442
adm4,MMR005013040,Kin San,22.52629985,95.14667498
adm4,MMR005013041,Kan Swei,22.27965773,95.08745561
adm4,MMR005013042,Kun Chan,22.25552597,95.05467561
adm4,MMR005013043,Zee Taw,22.27661937,95.11582813
adm4,MMR005013044,Htan Taw,22.27718174,95.05112019
adm4,MMR005013045,Yon Hlay Kone,22.31358741,95.08590194
adm4,MMR005013046,Yae Bu Ta Lin,22.41356049,94.96835434
adm4,MMR005013047,Lay Myay,22.31449575,95.0419068
adm4,MMR005013048,Wun Bo,22.35637251,95.00020874
adm4,MMR005013049,Thee Pin Aing,22.35881961,95.08679669
adm4,MMR005013050,Twin,22.36406666,95.0373173
adm4,MMR005013051,Dan Taing,22.3941245,95.10545474
adm4,MMR005013052,Myauk Taw,22.43067449,95.06610112
adm4,MMR005013053,Ywar Thit,22.5164772,94.97399174
adm4,MMR005013054,Hnaw Pin Gyi,22.5826569,95.12377622
adm4,MMR005013701,Urban,22.38754993,95.14577035
adm4,MMR005014001,Kan Thar,22.30758666,95.49615344
adm4,MMR005014002,Kan Hpyu,22.27662456,95.38687879
adm4,MMR005014003,War Tan,22.21976601,95.32317329
adm4,MMR005014004,Kyauk Pyauk,22.24810796,95.45195036
adm4,MMR005014005,War Yaung,22.19128416,95.41787634
adm4,MMR005014006,Tha Khut Pin Lel,22.21640015,95.48011527
adm4,MMR005014007,Ma Le Thar,22.12521492,95.43712145
adm4,MMR005014008,Naung Gyi Aing,22.41180419,95.36962566
adm4,MMR005014009,War Taw Ma,22.34530643,95.36431697
adm4,MMR005014010,Hmaw Taw,22.32382203,95.35656826
adm4,MMR005014011,Thit Kyin Gyi,22.27529907,95.30553938
adm4,MMR005014012,Hnget Pyaw Chan,22.47088626,95.33852178
adm4,MMR005014013,Chin Pin,22.36446721,95.31018797
adm4,MMR005014014,Yae Yo,22.359375,95.35196098
adm4,MMR005014015,Ya Thit,22.45150377,95.28617353
adm4,MMR005014016,Aung Thar,22.37305598,95.51541899
adm4,MMR005014017,Myay Net,22.2672119,95.49708348
adm4,MMR005014018,Min,22.17510986,95.50512613
adm4,MMR005014019,Ngwe Twin,22.2420965,95.5274857
adm4,MMR005014020,Ma Gyi Sauk,22.26000552,95.57660764
adm4,MMR005014021,Nyaung Chay Htauk,22.16931156,95.58796732
adm4,MMR005014022,Za Yit,22.28880532,95.57505777
adm4,MMR005014023,Don Dit,22.30953889,95.55164776
adm4,MMR005014024,Wet Khe,22.34830102,95.54217906
adm4,MMR005014025,Tha Le Bar,22.2220764,95.57853217
adm4,MMR005014026,Sin Ta Lel,22.17734946,95.63454257
adm4,MMR005014027,Ma Gyi Kan,22.36581423,95.42956611
adm4,MMR005014028,Ye Chin,22.33618164,95.44014132
adm4,MMR005014029,Oke Shin Gyi,22.46490482,95.47970589
adm4,MMR005014030,Khin Thar,22.44180299,95.50711148
adm4,MMR005014031,Taung Hmwar,22.34548949,95.50757895
adm4,MMR005014032,Kyun Taw,22.41030884,95.46790023
adm4,MMR005014033,Baung Kya,22.39974664,95.5200954
adm4,MMR005014034,Shar Kone,22.39010618,95.48534017
adm4,MMR005014035,Oke Shit Gyi,22.45889282,95.37639501
adm4,MMR005014036,Nay Yar Khin,22.46441652,95.44267899
adm4,MMR005014037,Lein Hla,22.44189452,95.41039433
adm4,MMR005014038,Kaing,22.42498784,95.45009564
adm4,MMR005014039,Pyaw Pon,22.16109171,95.34861732
adm4,MMR005014701,Urban,22.28237919,95.44885245
adm4,MMR005015001,Aung Chan Thar,21.97714919,95.26830936
adm4,MMR005015002,Kyi Kone,21.96744336,95.22559008
adm4,MMR005015003,Ngar Shan,21.93404432,95.32236846
adm4,MMR005015004,Bu Tar,21.97743899,95.30428395
adm4,MMR005015005,Wa Yar,21.88537182,95.18076062
adm4,MMR005015006,Khin Mun,22.01010983,95.25181379
adm4,MMR005015007,Nwe Khway,22.01291519,95.32831393
adm4,MMR005015008,Nat Yae Kan,21.9337358,95.38292172
adm4,MMR005015009,Than Pin Kan,21.96992437,95.349148
adm4,MMR005015010,Ba Lway,21.88932308,95.36046201
adm4,MMR005015011,Nga Lone Tin,21.87041819,95.27601337
adm4,MMR005015012,Ma Gyi Khwa,21.84103679,95.28269708
adm4,MMR005015013,Taw Kyaung,21.81512783,95.18789516
adm4,MMR005015014,Shwe Ku,21.90579747,95.17150965
adm4,MMR005015015,Taw Kyaung Lay,21.91736259,95.18609763
adm4,MMR005015016,Kin Mun Taw,21.91559967,95.23615501
adm4,MMR005015017,Ku Lar Gyi,21.92134586,95.21197746
adm4,MMR005015018,Shwe Hlay,21.86890425,95.20127143
adm4,MMR005015019,Ah Myint,21.91962133,95.15294809
adm4,MMR005015020,Su Lay Kone,21.93630976,95.18402283
adm4,MMR005015021,Nyaung Pin Thar (Kaing Se),21.96568283,95.19382794
adm4,MMR005015022,Chaung Ma Nar (Kaing Se),21.95672545,95.17785299
adm4,MMR005015023,Htu Ni,21.91980515,95.25859738
adm4,MMR005015024,Thone Pan Hla,21.83747064,95.18897785
adm4,MMR005015025,Hman Cho,21.91926654,95.28822567
adm4,MMR005015026,Kyauk Sit Kan,21.87103415,95.33262194
adm4,MMR005015701,Urban,21.95752731,95.27579881
adm4,MMR005016001,Lel Ngauk,22.02473174,94.88563742
adm4,MMR005016002,Nyaung Pin Gyi Su,22.05462326,94.87477852
adm4,MMR005016003,Ywar Thar,22.0945581,94.93145368
adm4,MMR005016004,Myo Gyi,22.12165728,94.89230253
adm4,MMR005016005,Let Hloke,22.09020564,94.87162292
adm4,MMR005016006,Nat Taunt,22.1278113,94.84656936
adm4,MMR005016007,Si Laung,22.16422242,94.96388989
adm4,MMR005016008,Mya Yeik,22.1580684,95.000985
adm4,MMR005016009,Sone Chaung,22.20503007,95.0510285
adm4,MMR005016010,Bant Bway,22.20217209,94.99211447
adm4,MMR005016011,War Yon,22.14806819,94.76983787
adm4,MMR005016012,Tar Wa,22.20620234,94.72206824
adm4,MMR005016013,Let Ka Byar,22.17037644,94.71049241
adm4,MMR005016014,Shwe Pan Khaing,22.09886349,94.99500667
adm4,MMR005016015,Min Kan Gyi,22.03829231,94.84387128
adm4,MMR005016016,Mauk Tha Yet,22.11550326,94.96262044
adm4,MMR005016017,Lar Boet,22.10063108,94.80313093
adm4,MMR005016018,Pyan Hleit-Thee Kone,22.15209758,94.86712976
adm4,MMR005016019,Se Gyi (Htan Taw Gyi),22.16418998,95.03769216
adm4,MMR005016020,Saing Hlyar,22.17358022,94.81981767
adm4,MMR005016021,Kan Chaung (Aung Moe),22.18871617,95.06581678
adm4,MMR005016022,Zee Hpyu Pin,22.06088649,94.91612355
adm4,MMR005016023,Myo Thit,22.07011752,94.9402269
adm4,MMR005016024,Min Zu,22.04199858,94.96426266
adm4,MMR005016025,Pyan Hleit,22.11806745,94.9266153
adm4,MMR005016026,Byama Dat,22.00966276,94.90861201
adm4,MMR005016027,Kone Ywar,22.11755459,94.81731467
adm4,MMR005016028,Zee Taw,22.06951907,94.8339432
adm4,MMR005016029,Yin Paung Taing,22.0847333,94.7829227
adm4,MMR005016030,Sin Swei,22.12568411,94.7493346
adm4,MMR005016031,Sin Te,22.09473351,94.74082303
adm4,MMR005016032,Inn,22.06751564,94.71425631
adm4,MMR005016033,Sone Kyin,22.15444268,95.06631128
adm4,MMR005016034,Ka Paing,22.19560216,94.64754478
adm4,MMR005016035,Ka Paing- Thee Kone,22.22450316,94.68420427
adm4,MMR005016036,Tha Min That,22.23740807,94.7445497
adm4,MMR005016037,Nyaung Kaing,22.22547674,94.81133098
adm4,MMR005016038,Kyauk Hmaw,22.2389946,95.03365038
adm4,MMR005016039,Mauk Loke,22.11708291,94.715561
adm4,MMR005016040,Kyat,22.26935043,94.66597455
adm4,MMR005016041,Ywar Htaung,22.08447316,94.89452328
adm4,MMR005016042,Taung Pu (Kyauk Pyoke),22.1942232,94.90563804
adm4,MMR005016701,Urban,22.0793383,94.91576944
adm4,MMR005017001,Ka Ne,22.45336139,94.85120099
adm4,MMR005017002,Su Lay Kone,22.48018533,94.9097636
adm4,MMR005017003,Sa Ka Myar,22.49462979,94.93416493
adm4,MMR005017004,Nat Gyi,22.42818704,94.91705979
adm4,MMR005017005,Wa Yar,22.47934757,94.83295446
adm4,MMR005017006,Moe Kaung,22.51567953,94.87265571
adm4,MMR005017007,Ta Paung,22.5551709,94.82357614
adm4,MMR005017008,Ta Pone,22.54821251,94.88711831
adm4,MMR005017009,Htu Pauk,22.5741839,94.79343155
adm4,MMR005017010,Win Ma Nar,22.64040692,94.86292225
adm4,MMR005017011,Kyun Pin Aing,22.56679962,94.85962611
adm4,MMR005017012,Kin Taung,22.47277064,94.561413
adm4,MMR005017013,Taung Pauk,22.41720473,94.74969899
adm4,MMR005017014,Yet Kan Taing,22.32273287,94.91926248
adm4,MMR005017015,Tha Min Chan,22.35841398,94.87192525
adm4,MMR005017016,Chaing,22.36456229,94.92973082
adm4,MMR005017017,Mu Htaw,22.39537527,94.92137658
adm4,MMR005017018,Aing Taung,22.3560554,94.96463507
adm4,MMR005017019,Chaung Ma,22.29492782,94.88220278
adm4,MMR005017020,Lin Pone Yae,22.2501083,94.90894649
adm4,MMR005017021,Zee Pin Twin,22.2831249,94.82384262
adm4,MMR005017022,Twin,22.29136061,94.96889104
adm4,MMR005017023,Yin Yein,22.57707762,94.75116285
adm4,MMR005017024,Hmyaing,22.61728998,94.73177314
adm4,MMR005017025,Bon Ma Zin,22.67325725,94.74574393
adm4,MMR005017026,Ke Taung,22.69569114,94.74260182
adm4,MMR005017027,Khon Gyi,22.68015935,94.66359602
adm4,MMR005017028,Lar Poet,22.56954728,94.46280166
adm4,MMR005017029,Daing Gyi,22.60602761,94.47930829
adm4,MMR005017030,Yin Thwin,22.64163282,94.51262687
adm4,MMR005017031,Ta Zei Chaung,22.41840534,94.8727479
adm4,MMR005017032,Nat Lar Poet Myauk,22.31324516,95.00499014
adm4,MMR005017033,Nat Lar Poet Taung,22.26450905,95.01179637
adm4,MMR005017034,Lel Shey,22.28891971,94.92522605
adm4,MMR005017035,Yar Gyi,22.45664664,94.66397325
adm4,MMR005017036,Me Din,22.49070107,94.80592989
adm4,MMR005017037,Sin Oh,22.67610809,94.79101411
adm4,MMR005017038,Hta Naung Pa Kar,22.58193078,94.92195943
adm4,MMR005017039,Nat Ye Taung,22.54045098,94.93053771
adm4,MMR005017040,Kyaw Ywar,22.51504607,94.82624451
adm4,MMR005017041,Boke Kone,22.6019853,94.82555731
adm4,MMR005017042,Ohn Ma,22.73747702,94.75628636
adm4,MMR005017043,Yin,22.7889238,94.73578464
adm4,MMR005017044,Kin,22.7826909,94.68125211
adm4,MMR005017045,Ku Seik,22.50946008,94.45114019
adm4,MMR005017701,Urban,22.43444878,94.84811529
adm4,MMR005018001,Du Htauk,21.96099855,95.09108039
adm4,MMR005018002,Sar Htone,21.99443374,95.12375565
adm4,MMR005018003,Paung Wa,21.96378896,95.11801716
adm4,MMR005018004,Htan Zin,22.01496128,95.11617126
adm4,MMR005018005,Ton,22.03961184,95.1199294
adm4,MMR005018006,Let Pa Taung,22.04671035,95.13775201
adm4,MMR005018007,Ywar Shey,22.08914118,95.12000601
adm4,MMR005018008,Nyaung Pin Gyi,22.11199952,95.10118288
adm4,MMR005018009,Kyauk Myet,22.12930301,95.06782099
adm4,MMR005018010,Done Taw,22.13079063,95.03414461
adm4,MMR005018011,Taung Pa Lu,22.10508992,95.04921388
adm4,MMR005018012,Moe Gyoe Pyin,22.06219383,95.04035932
adm4,MMR005018013,Hpaung Ka Tar,22.05468752,95.09396355
adm4,MMR005018014,Nyaung Pin To,22.00869747,95.05912196
adm4,MMR005018015,Baik Tha Yet,22.0031964,94.93666852
adm4,MMR005018016,Ma Taunt Ta,22.00958253,94.96043515
adm4,MMR005018017,Shwe Tha Min,22.00048826,94.99239859
adm4,MMR005018018,Than Ma Taw,21.9664786,94.99587318
adm4,MMR005018019,Kywe Kho Taw,21.96973509,95.04145878
adm4,MMR005018020,Pan Htu,21.92681885,95.01192825
adm4,MMR005018021,Yae Mein,21.89648435,95.00937549
adm4,MMR005018022,Yone Pin Yoe,21.94277954,95.05926141
adm4,MMR005018023,Kyar Tet,21.85748289,94.94128019
adm4,MMR005018024,Zee Chaing,21.84439091,94.96116386
adm4,MMR005018025,Zee Pa Ni (South),21.86421819,94.89353906
adm4,MMR005018026,Zee Pa Ni (North),21.86080934,94.91708121
adm4,MMR005018027,Ywar Tha Min,21.89931932,94.91413965
adm4,MMR005018028,Myay Sun,21.86322021,95.00149524
adm4,MMR005018029,Son Tar,21.88479614,94.95151621
adm4,MMR005018030,Kyaing Kha Mauk,21.93331397,94.93785116
adm4,MMR005018031,Chaung Yoe,21.95890493,94.92975757
adm4,MMR005018032,Hpa Lan Kan,21.97262693,94.94013603
adm4,MMR005018033,Sar Khar,21.93671191,95.1343866
adm4,MMR005018034,Khun Thar,21.92208022,95.12049575
adm4,MMR005018035,Hnaw Ku Toet,21.88090706,95.13611056
adm4,MMR005018036,Ngar Khon,21.85147503,95.14374355
adm4,MMR005018037,Boke Su,21.89501469,95.07936926
adm4,MMR005018038,Lin Sa Kyet,21.8638382,95.08142609
adm4,MMR005018039,Ta Yar,21.840035,95.01315768
adm4,MMR005018701,Urban,21.97431381,95.08010171
adm4,MMR005019001,Ma Gyi Gwa,21.91262891,94.85198684
adm4,MMR005019002,Let Taung Gyi,21.96164228,94.89044207
adm4,MMR005019003,Gyoe Gyar U,21.9104901,94.8760185
adm4,MMR005019004,Mwayt Bon,21.86698203,94.84875644
adm4,MMR005019005,Nyaung Kone,21.8799396,94.81751238
adm4,MMR005019006,Kan Pauk,21.89062313,94.83698946
adm4,MMR005019007,Nyoet Ton,21.87915006,94.87043232
adm4,MMR005019008,Zay Di Yon,21.94797842,94.84895471
adm4,MMR005019009,Mon Kyaing,21.98391242,94.86032658
adm4,MMR005019010,Kyun Bo Kone,21.85394269,94.74574891
adm4,MMR005019011,Let Pu Kan,21.91967519,94.80210229
adm4,MMR005019012,Ah Lel Bon,21.93973283,94.8886855
adm4,MMR005019013,Koke Ko Su,21.98257736,94.89015707
adm4,MMR005019014,Kyaung Than,21.95124129,94.81416513
adm4,MMR005019015,Nwe Shauk,21.90969621,94.81893105
adm4,MMR005019016,In Gyin Su,21.91191773,94.77662673
adm4,MMR005019017,Kant Daunt,21.89931867,94.67089446
adm4,MMR005019018,Inn Kan,21.91408997,94.75019072
adm4,MMR005019019,In Ma Htee,21.89062976,94.75206861
adm4,MMR005019020,Sin Shin,21.97461875,94.76884391
adm4,MMR005019021,Chin Pyit Kyin,21.97114745,94.64854127
adm4,MMR005019022,Tone Kan,21.9362468,94.68687205
adm4,MMR005019023,Taung Ywar Thit,21.86542688,94.6927826
adm4,MMR005019024,Hlaw Kar,21.88433777,94.78220971
adm4,MMR005019025,Ta Nei,21.85519352,94.79273807
adm4,MMR005019026,Min Taing Pin,21.94863458,94.76704319
adm4,MMR005019027,Chaung U,21.97773464,94.7233853
adm4,MMR005019028,Zee Hpyu Kone,21.94733129,94.72768455
adm4,MMR005019029,Ohn Hnauk,21.90467691,94.7141955
adm4,MMR005019030,Pan,21.86410374,94.82028376
adm4,MMR005019031,Wan Be Chaing,21.87241749,94.64116924
adm4,MMR005019032,Chin Pyit,22.02376401,94.6688096
adm4,MMR005019033,Kan Gyi,22.02372176,94.77150583
adm4,MMR005019034,Pu Htoe Thar,22.06066521,94.79847674
adm4,MMR005019035,Pi Tauk Kone,21.9223364,94.60739017
adm4,MMR005019036,Kan Bar Yat,22.06193098,94.77628968
adm4,MMR005019037,Kyay Tha Hmyar,22.02154952,94.79772323
adm4,MMR005019038,Min Ma (East),22.02556815,94.8181691
adm4,MMR005019039,Pe Khin Ma,22.1211711,94.67566429
adm4,MMR005019040,Poke Par,22.05039512,94.81398537
adm4,MMR005019041,Ma Yoe Tone,22.00459095,94.68059846
adm4,MMR005019042,Ywar Naung,22.05650053,94.75293401
adm4,MMR005019043,Mon Thwin,22.039911,94.62639373
adm4,MMR005019044,Khaw Than Ti,21.990834,94.76600434
adm4,MMR005019045,Kyay Nin,21.98873057,94.82067242
adm4,MMR005019046,Le Kan,21.92384894,94.51497051
adm4,MMR005019047,Moe Kaung,21.97100264,94.58286883
adm4,MMR005019048,Let Pan,21.80914784,94.51178379
adm4,MMR005019049,Kyet Yin,21.86171375,94.54353658
adm4,MMR005019050,Khin Aye,21.85997711,94.48634924
adm4,MMR005019051,Gyat,21.94394216,94.4693987
adm4,MMR005019052,Aye Chan Thar,21.98921098,94.53545649
adm4,MMR005019053,Wet Kya,21.99434333,94.4855396
adm4,MMR005019054,Lel Dhamma,21.85965706,94.5872611
adm4,MMR005019055,Aing Ma,22.04057876,94.54995854
adm4,MMR005019056,Ma Yin,22.08604298,94.4955617
adm4,MMR005019057,Thit Gyi Taing,22.02168807,94.52562096
adm4,MMR005019058,Sit Yin,22.10486904,94.59397183
adm4,MMR005019059,Bant Bway,22.05273528,94.49239734
adm4,MMR005019701,Urban,21.93444436,94.87363453
adm4,MMR005019901,,22.03367247,94.45639972
adm4,MMR005020001,Auk Wea Gyi,24.11909875,96.27684312
adm4,MMR005020002,Tone Paw,24.14358518,96.33954598
adm4,MMR005020003,Pa Lway Shwe,24.14328003,96.40538753
adm4,MMR005020004,Kyan Taw,24.18432087,96.27952453
adm4,MMR005020005,Lan Gwa,24.22908617,96.29509057
adm4,MMR005020006,Meik Tha Lin,24.22320557,96.37042719
adm4,MMR005020007,Sa Kar Kone,24.1723776,96.58770465
adm4,MMR005020008,Kyauk Htone Gyi,24.18460083,96.46472194
adm4,MMR005020009,Done Awt,24.20173278,96.39787518
adm4,MMR005020010,Kone Thar,24.27642986,96.54753942
adm4,MMR005020011,Chaung Wa,24.408994,96.59345733
adm4,MMR005020012,Hmat Taing,24.45901493,96.46956941
adm4,MMR005020013,He Nar,24.36499022,96.42035553
adm4,MMR005020014,Ka Kar,24.31744116,96.32165746
adm4,MMR005020015,Man Lwe,24.43072208,96.34816058
adm4,MMR005020016,Moe Dar Gyi,24.34201052,96.48486479
adm4,MMR005020017,Naung Pin,24.34341429,96.52314183
adm4,MMR005020018,Mei Za Li/ Myay Nu,24.28018191,96.49074563
adm4,MMR005020019,Moe Dar (Ah Lel),24.31224747,96.5345255
adm4,MMR005020020,Toke Gyi,24.30187988,96.46291098
adm4,MMR005020021,Ah Htet Wea Gyi,24.270813,96.43966165
adm4,MMR005020022,Min Lel,24.30209354,96.40779625
adm4,MMR005020023,Inn Gyi,23.87131103,96.53141756
adm4,MMR005020024,Ngar Te,24.00461945,96.40753599
adm4,MMR005020025,Seik Thar,24.00158696,96.39494153
adm4,MMR005020026,Wet Tu,23.99450684,96.33663357
adm4,MMR005020027,Doe Pin,23.94000243,96.42621509
adm4,MMR005020028,Inn,23.93777466,96.33177537
adm4,MMR005020029,Ka Lon,23.94680497,96.22472154
adm4,MMR005020030,Than Pu Yar,24.04799408,96.24856402
adm4,MMR005020031,Bwet,24.03321567,96.35287139
adm4,MMR005020032,Ku Kar,24.07699589,96.37604719
adm4,MMR005020701,Urban,24.18442425,96.33519739
adm4,MMR005021001,Nant Khint,24.2432877,96.13659761
adm4,MMR005021002,Nat Ma Hoke,24.19841281,96.11739963
adm4,MMR005021003,Se Ywar,24.1978064,96.09385255
adm4,MMR005021004,Thet Kei Kyin,24.25464629,96.100228
adm4,MMR005021005,Lel Pyin,24.13565314,96.18848653
adm4,MMR005021006,Na Bar,24.3025201,96.21052825
adm4,MMR005021007,Seik Thar,24.26164975,96.00696654
adm4,MMR005021008,Kyan Taw,24.21487159,96.20513623
adm4,MMR005021009,Ta Khun Taing,24.20023487,96.05095579
adm4,MMR005021010,Myauk Kone,24.22709901,96.00883043
adm4,MMR005021011,Me Zar,24.13510608,96.04512887
adm4,MMR005021012,Oke Shit Kone,24.11151125,96.09029937
adm4,MMR005021013,Kha Yan Sat Kone,24.10299851,96.04607015
adm4,MMR005021014,Nat Yae Twin,24.13167818,95.98884837
adm4,MMR005021015,Ah Lel Seik,24.12960818,96.11697982
adm4,MMR005021016,Lel Naung,24.17820665,96.09396751
adm4,MMR005021017,Ma Gyi Pin,24.188982,95.98658192
adm4,MMR005021018,Gyone Gyone Kya,24.03337889,96.03593912
adm4,MMR005021019,Nyaung Kone,24.00830901,96.06491215
adm4,MMR005021020,Kyaung Kone,23.95018286,96.05337922
adm4,MMR005021021,Let Pan Tan,24.03434445,95.99745921
adm4,MMR005021022,Thaung Myin,24.07809447,96.08201477
adm4,MMR005021023,Ma Au Kone,24.05278832,96.07501191
adm4,MMR005021024,Maw Teik,24.34338054,96.00178011
adm4,MMR005021025,Nant Thar,24.30923036,96.11707227
adm4,MMR005021026,Tar Paw,24.30333176,96.02544916
adm4,MMR005021027,Thoke Khar,24.30832686,95.9775528
adm4,MMR005021028,Man Hton,24.35989379,96.03047314
adm4,MMR005021029,Ah Lel Kyun,24.42830959,96.04792933
adm4,MMR005021030,Bago,24.39822717,96.23799795
adm4,MMR005021031,See Maw,24.46136204,96.17732938
adm4,MMR005021032,Pone Hon,24.42049884,96.15939064
adm4,MMR005021033,Haung Tone,24.53093888,96.15020483
adm4,MMR005021034,Na Mee,24.59877989,96.03625217
adm4,MMR005021035,Kone Khar,24.52042815,96.03716254
adm4,MMR005021036,Gwayt Gyi,24.49246321,96.14428686
adm4,MMR005021037,Thu Yaung,24.46044138,96.14051756
adm4,MMR005021038,Man He,24.52476178,96.18758609
adm4,MMR005021039,Pin Wei,24.36603624,96.17937175
adm4,MMR005021040,Nar Khwin Kyin,24.48127395,96.25777728
adm4,MMR005021701,Urban,24.22179777,96.14640094
adm4,MMR005021702,Urban,24.47167772,96.18328205
adm4,MMR005022001,Kun Baung,24.02651958,96.12903992
adm4,MMR005022002,Kyauk Aik,23.94724064,96.11251233
adm4,MMR005022003,Ah Lel Taw,23.88885719,96.122083
adm4,MMR005022004,Lay Thar Kone,23.91057277,96.04234683
adm4,MMR005022005,Kan Pauk,23.84404344,96.1303662
adm4,MMR005022006,Zee Thaung,23.83212861,96.0404895
adm4,MMR005022007,Kwin Gyi,23.80779558,96.10647208
adm4,MMR005022008,Sin Hpyu Seik,23.78866316,96.04807567
adm4,MMR005022009,Tei Taw,23.78345477,96.13595459
adm4,MMR005022010,Me Hin,23.86404954,96.22100916
adm4,MMR005022011,Kyet Ta Kaung,23.86938452,96.27896503
adm4,MMR005022012,In Daung,23.85411308,96.30806779
adm4,MMR005022013,Kan Ni,23.8256681,96.25664143
adm4,MMR005022014,Cheik Thin,23.77930352,96.24853762
adm4,MMR005022015,Sat Kya,23.78504444,96.22448599
adm4,MMR005022016,Kyauk Hmaw,23.7885597,96.19096545
adm4,MMR005022017,Kyet Thun Khin,23.74231712,96.11276289
adm4,MMR005022018,Yae Wa,23.72467005,96.11969121
adm4,MMR005022019,Doe Pin,23.71974354,96.07717617
adm4,MMR005022020,Taw Ma,23.7490025,96.04304936
adm4,MMR005022021,Ma Ra Thein,23.72872277,96.01386776
adm4,MMR005022022,Hpet Te,23.70293834,96.02203935
adm4,MMR005022023,Chun Taung,23.60771577,96.00532605
adm4,MMR005022024,Nyaung Pin Thar,23.64765919,96.06092837
adm4,MMR005022025,Ni Tar,23.74365087,96.20095385
adm4,MMR005022026,Pauk Net,23.72780435,96.25831518
adm4,MMR005022027,Mya Taung,23.70977379,96.18756553
adm4,MMR005022028,Maung Kone,23.66688029,96.14922788
adm4,MMR005022029,Sit Tan,23.69339964,96.11469327
adm4,MMR005022701,Urban,23.76320855,96.14933802
adm4,MMR005022901,,23.87185403,96.01443137
adm4,MMR005022902,,23.97484096,96.1742296
adm4,MMR005022903,,23.73227061,96.37688487
adm4,MMR005023001,Myit Thay Chin Kywe Kaw Kone,24.39409588,95.88328615
adm4,MMR005023002,Lel Net Gyi,24.39633536,95.8347712
adm4,MMR005023003,Set Taw,24.39340209,95.80813107
adm4,MMR005023004,Kan Ywar,24.39727785,95.77963251
adm4,MMR005023005,Kho Nan,24.38980101,95.75029585
adm4,MMR005023006,Pin Hin Khar,24.43179321,95.75378747
adm4,MMR005023007,Lay Thi,24.44711306,95.87243077
adm4,MMR005023008,Kywe Kaw Gyi,24.35563936,95.93250638
adm4,MMR005023009,Lone Kin Shwe Kyaung,24.3646371,95.79529703
adm4,MMR005023010,Tone Hlaw,24.48138425,95.91773616
adm4,MMR005023011,Kaing Gyi,24.44979857,95.94176306
adm4,MMR005023012,U Hmin,24.52200314,95.90701505
adm4,MMR005023013,Pan Taw,24.55670165,95.90455623
adm4,MMR005023014,He Chein,24.6127212,95.89808226
adm4,MMR005023015,Man Hton,24.54132323,95.95902606
adm4,MMR005023016,Inn Pauk,24.65001696,95.96852719
adm4,MMR005023017,Pin Pon,24.54788205,95.78949135
adm4,MMR005023018,Man Laung Pay Pin,24.60178044,95.69909825
adm4,MMR005023019,Man Lu,24.53439393,95.61581166
adm4,MMR005023020,Naung Kan,24.52150874,95.49159726
adm4,MMR005023021,Si Ka Taung,24.42938229,95.64157259
adm4,MMR005023022,Da Yu,24.30840599,95.79785808
adm4,MMR005023023,Kyauk Tan,24.28652264,95.86382204
adm4,MMR005023024,See Maw,24.2763552,95.92644208
adm4,MMR005023025,Leik Saw Min Kone,24.18970752,95.88082765
adm4,MMR005023026,Sone Taw,24.19927454,95.9260636
adm4,MMR005023027,Pint Sin Te,24.20900446,95.7906592
adm4,MMR005023028,Kan Taw,24.22544432,95.86448586
adm4,MMR005023029,Yae Twin Kone,24.25233847,95.83430732
adm4,MMR005023030,Man Kat,24.2764588,95.79139894
adm4,MMR005023031,Sar Khan,24.39379881,95.61094114
adm4,MMR005023032,Nan Tat,24.39959715,95.52850252
adm4,MMR005023033,Yar Yu,24.36520383,95.62847404
adm4,MMR005023034,Man Yu Gyi,24.30822963,95.56481035
adm4,MMR005023035,Man Yu Pay Kone,24.33968334,95.65591579
adm4,MMR005023036,Man Si Gyi,24.69425265,95.74932936
adm4,MMR005023037,Naung Pat,24.64935543,95.81238981
adm4,MMR005023038,Nant Mar,24.80311154,95.84370662
adm4,MMR005023039,Man In,24.70289019,95.6478023
adm4,MMR005023040,Nar Nant Htun,24.83062536,95.71613842
adm4,MMR005023041,Ga Nan Shwe Kyaung,24.44720459,95.50109762
adm4,MMR005023042,Ga Nan Nan Zar,24.44317623,95.44475497
adm4,MMR005023043,Ga Nan He Kwee,24.36960972,95.47120586
adm4,MMR005023044,Ga Nan Leik Saw,24.39419558,95.42700997
adm4,MMR005023045,Ga Nan Nan Hnyin,24.43708214,95.39882621
adm4,MMR005023046,Ga Nan Ma Gyi Kone,24.37877618,95.35552192
adm4,MMR005023047,Ga Nan Nan Mu Thar,24.32727028,95.38355412
adm4,MMR005023701,Urban,24.40562762,95.86073255
adm4,MMR005024001,Lar Kar,23.78062864,95.43820177
adm4,MMR005024002,Aing Gyi,23.70770262,95.40489309
adm4,MMR005024003,Kyoet Pin,23.68222542,95.34215805
adm4,MMR005024004,Ta Gaung Aing,23.66870117,95.39786192
adm4,MMR005024005,Moe Hnan,23.64450075,95.43600657
adm4,MMR005024006,Tha Yet Chin,23.62337756,95.38010719
adm4,MMR005024007,Yin Taik,23.58105981,95.38063777
adm4,MMR005024008,Pan Ma Ye,23.5259156,95.42555741
adm4,MMR005024009,Taung Kyar,23.59381104,95.49258819
adm4,MMR005024010,Oke Kan,23.68560789,95.46485769
adm4,MMR005024011,Shwe Twin,23.69650266,95.49173282
adm4,MMR005024012,Shan Ka Lone,23.75268552,95.51226819
adm4,MMR005024013,Gway Tauk Taw,23.71420287,95.57048586
adm4,MMR005024014,Sin Gaung,23.6264286,95.57977758
adm4,MMR005024015,Yar Taung,23.70773649,95.62125766
adm4,MMR005024016,Kyun Taw,23.7661133,95.5750187
adm4,MMR005024017,Yae Kan Thar,23.76638971,95.62125298
adm4,MMR005024018,Kyar Inn,23.8011375,95.63041994
adm4,MMR005024019,Ka Yar Kone,23.79071096,95.64906268
adm4,MMR005024020,Na Nwin Taw,23.77178983,95.66469783
adm4,MMR005024022,Tha Yet Khon,23.7543042,95.67931526
adm4,MMR005024023,Nyaung Wun,23.7311119,95.67746399
adm4,MMR005024024,War Yon Khon,23.75289918,95.71507057
adm4,MMR005024025,Hnaw Khon,23.77520753,95.72840771
adm4,MMR005024026,Khwin Taung,23.80015007,95.7077002
adm4,MMR005024027,Kyu Taw,23.78970333,95.73224306
adm4,MMR005024028,Myay Ni,23.81479146,95.73203791
adm4,MMR005024029,Taung Maw,23.8031006,95.80129363
adm4,MMR005024030,Se To,23.7831116,95.77065364
adm4,MMR005024031,Ohn Hmin Kone,23.73327639,95.7782613
adm4,MMR005024032,In Pin Thar,23.68436374,95.74526953
adm4,MMR005024033,Tha Pyay Aing,23.6903076,95.80800854
adm4,MMR005024034,Kyauk Pyin Thar,23.72338868,95.84533789
adm4,MMR005024035,In Pin Hla,23.74899291,95.81805414
adm4,MMR005024036,Kyauk Tan,23.76660155,95.86378185
adm4,MMR005024037,Nyaung Pin Thar,23.81689454,95.86590193
adm4,MMR005024038,Yun Oe,23.87980508,95.92283849
adm4,MMR005024039,Pa Don Mar,23.83956787,95.90047218
adm4,MMR005024040,Swei Ya,23.79376548,95.90889259
adm4,MMR005024041,Khan Thar (Min Kone),23.77282482,95.89998167
adm4,MMR005024042,Sin Kone,23.77253721,95.95720877
adm4,MMR005024043,Hpa Le,23.71660684,95.92800796
adm4,MMR005024044,War Thee Kone,23.67660524,95.91518355
adm4,MMR005024045,Koke Ko Kone,23.65130615,95.86332244
adm4,MMR005024046,Taung Pon,23.5628585,95.86618986
adm4,MMR005024047,Taung Boet Hla,23.65438842,95.78802881
adm4,MMR005024701,Urban,23.78868697,95.68205934
adm4,MMR005025001,Met Ka Let,23.89207348,95.70889937
adm4,MMR005025002,Pan Tein Kone,23.90716679,95.71882968
adm4,MMR005025003,Na Maw Gyi,23.97310857,95.67764124
adm4,MMR005025004,Myauk Lel,23.92246899,95.70341348
adm4,MMR005025005,Yae Wai Myin Thar,23.85865854,95.6919669
adm4,MMR005025006,Tat Kone,23.84493395,95.80305253
adm4,MMR005025007,Kyauk Ma Sin,23.87776775,95.81018176
adm4,MMR005025008,Kyaing Khwin,23.84269223,95.66985327
adm4,MMR005025009,Win Gyi,23.84891411,95.61875079
adm4,MMR005025010,Ma Gyi Kone,23.87744006,95.6696351
adm4,MMR005025011,Ahr Ma Khan,23.88003899,95.71967129
adm4,MMR005025012,Kyauk Pauk Khon,23.81631157,95.69405909
adm4,MMR005025013,Let Pan Gyi Taw,23.82838205,95.67869502
adm4,MMR005025014,Lwin Gyi,23.84031483,95.70408457
adm4,MMR005025015,Aung Kone,23.93012885,95.67430076
adm4,MMR005025016,Mei Za Li,23.84889903,95.72359534
adm4,MMR005025017,Inn Poke Pay Kone,23.81757253,95.65941015
adm4,MMR005025018,Tin War Chaung,23.91605304,95.62757732
adm4,MMR005025019,Nyaung Pin Thar,23.84330238,95.75298901
adm4,MMR005025020,Kin Myin Thar,23.89282367,95.75748609
adm4,MMR005025021,Kyein Bu Kone,23.94876066,95.72966407
adm4,MMR005025022,Kyein Chaung,23.91910929,95.76974087
adm4,MMR005025023,Taung Boet Hla,23.90400972,95.8081376
adm4,MMR005025024,Say Khin Khon,23.96033336,95.75975555
adm4,MMR005025025,Maw Naing,23.97921633,95.78773417
adm4,MMR005025026,Nan Khan,24.00671743,95.91415982
adm4,MMR005025027,Nyaung Chay Htauk,24.0202593,95.74572705
adm4,MMR005025028,Tat Lwin,24.1304231,95.92361521
adm4,MMR005025029,Taung Kone,24.11941266,95.87329574
adm4,MMR005025030,Ma Gyi Pin,24.08532476,95.81650839
adm4,MMR005025031,Hpi Lay,23.94139464,95.92377739
adm4,MMR005025032,Chaung Hpyar,24.1052301,95.75040377
adm4,MMR005025033,Maing Thon,24.10769235,95.67798613
adm4,MMR005025034,Aung Pin,24.01554154,95.64676266
adm4,MMR005025035,Kyin Gyi,24.15175776,95.83194985
adm4,MMR005025036,Thet Kei Kyin,24.07502099,95.90727214
adm4,MMR005025037,Maw Khar,24.00229782,95.81618385
adm4,MMR005025038,Gyoe Taung,23.95982799,95.83487435
adm4,MMR005025701,Urban,23.89873799,95.686965
adm4,MMR005026001,Ka Thaw,24.11059572,95.39475582
adm4,MMR005026002,Pin Kyaing,24.13351445,95.34156908
adm4,MMR005026003,Sin Laung,24.07629398,95.47398583
adm4,MMR005026004,Kan Kone,24.11129763,95.47318342
adm4,MMR005026005,Kat Pan Tar,24.18437808,95.44132171
adm4,MMR005026006,Maw Lin,24.29366397,95.68963637
adm4,MMR005026007,Maw Khar,24.21972843,95.68170821
adm4,MMR005026008,Kyun Taw,23.97409056,95.20070151
adm4,MMR005026009,Nan Tat,23.83691405,95.21152677
adm4,MMR005026010,Naung Pu Inn,23.78603331,95.18505767
adm4,MMR005026011,Pin Maung,24.29048834,95.23236913
adm4,MMR005026012,Yin Thar,24.28109744,95.29347845
adm4,MMR005026013,Man Si Lay,24.25140383,95.41586164
adm4,MMR005026014,Oe Myay Kone,24.03939474,95.29001098
adm4,MMR005026015,Ka Nyin Kone,24.00430298,95.27701753
adm4,MMR005026016,Ma Gyi Pin,24.07800294,95.57265458
adm4,MMR005026017,Ta Maw Thar,24.19500731,95.34159414
adm4,MMR005026018,Naung Kin,24.17440797,95.2646013
adm4,MMR005026019,Naung Taw,24.13299564,95.23240856
adm4,MMR005026020,He That,24.04071045,95.4985133
adm4,MMR005026021,Taung Dun,24.10123407,95.3135718
adm4,MMR005026022,Khauk Sin,24.06958007,95.29420872
adm4,MMR005026023,Myay Thar,24.06890962,95.33245097
adm4,MMR005026024,Hman Tan,24.02218629,95.32774347
adm4,MMR005026025,Bant Bway Kone,24.02117919,95.39193901
adm4,MMR005026026,Kyu Taw Kaing,23.95629882,95.45735829
adm4,MMR005026027,Ka Ni,23.80151124,95.3489539
adm4,MMR005026028,Leik Poke,23.91290285,95.33617561
adm4,MMR005026029,Kin Pan,23.934906,95.30278014
adm4,MMR005026030,Naung Mu,23.80941774,95.26307136
adm4,MMR005026031,War Yu Thar,23.91567993,95.23207605
adm4,MMR005026032,Tha Dut Kone,23.93688965,95.27230567
adm4,MMR005026033,Nan Mar,23.90628051,95.45710548
adm4,MMR005026034,Taung Ta Lone,23.94270698,95.39678943
adm4,MMR005026035,Kyoet Pin Seik,23.86190795,95.44920737
adm4,MMR005026036,Ywar Thar Yar,23.85918978,95.52834187
adm4,MMR005026037,Ta Dar Kaing,23.97377885,95.53262443
adm4,MMR005026038,Kar Me,24.1279907,95.53381715
adm4,MMR005026039,Pay Tar,24.17910764,95.50456111
adm4,MMR005026040,Kyay Thee,24.16308593,95.56207308
adm4,MMR005026041,Maw Khwin,24.15698244,95.59356639
adm4,MMR005026042,Ka Bar,24.13655466,95.63012368
adm4,MMR005026043,Dee Dauk,24.21908573,95.55036234
adm4,MMR005026044,Maing Tone Tar,24.20847626,95.59158396
adm4,MMR005026045,Taung Kone,24.25720217,95.59350135
adm4,MMR005026046,Pin Mu,24.2827771,95.56524835
adm4,MMR005026047,Nar Lon,24.32775245,95.48878853
adm4,MMR005026048,Taik Mun,24.26339723,95.49137698
adm4,MMR005026049,Ka Ket,24.21508788,95.21395634
adm4,MMR005026050,Pyit Saing,24.25900271,95.34801635
adm4,MMR005026051,Nyaung Kone,23.93335662,95.09145111
adm4,MMR005026052,War Yon Kone,24.07351685,95.16092078
adm4,MMR005026701,Urban,24.07709962,95.37155692
adm4,MMR005027001,Thar Si,23.13530805,94.01489033
adm4,MMR005027002,Kan Pale,23.13617733,94.08185924
adm4,MMR005027003,Kan Gyi,23.37423017,94.09012223
adm4,MMR005027004,Nan Saung Pu,23.34149955,94.07890629
adm4,MMR005027005,Sa Khan Gyi,23.32919538,94.11727882
adm4,MMR005027006,Pyin Taw U,23.36919053,94.03589492
adm4,MMR005027007,Maw Laik Ka Lay,23.30223935,94.11109927
adm4,MMR005027008,Pyin Khon Gyi,23.26917859,94.0342056
adm4,MMR005027009,Yar Za Gyo,23.52072661,94.11627278
adm4,MMR005027010,Saw Bwar Yae Shin,23.60101994,94.14894573
adm4,MMR005027011,Mauk Lin,23.30592741,94.03464371
adm4,MMR005027012,Nat Gyi Kone (Kyauk Kar),23.25402158,94.18438181
adm4,MMR005027013,Kyaung Taik,23.25864087,94.05968587
adm4,MMR005027014,Nat Gyi Kone (Pyin Khon Lay),23.21832807,94.04688313
adm4,MMR005027015,Ngar Hpar,22.94289492,94.04564515
adm4,MMR005027016,Yae Shin,22.7160823,94.15233779
adm4,MMR005027017,Kyauk Pyoke,22.69060942,94.18094353
adm4,MMR005027018,Sin,23.21846815,93.98058112
adm4,MMR005027019,Set Kant,23.18904577,93.98381386
adm4,MMR005027021,Khon Thar,23.45604332,94.1015519
adm4,MMR005027022,Kyet Hpa Net,23.41892655,94.08256254
adm4,MMR005027023,Nan Kyin Saung,23.47955995,94.04912321
adm4,MMR005027024,In Daing Gyi,23.25994542,94.08626459
adm4,MMR005027025,U Yin,23.16452771,94.12736878
adm4,MMR005027026,Kyi Kone,23.24088608,94.13137014
adm4,MMR005027027,Hto Mar,23.07697209,94.06497571
adm4,MMR005027028,Htauk Kyant,23.0592311,94.03302102
adm4,MMR005027029,Kin Pun Chon,23.09005859,94.13232375
adm4,MMR005027030,Pauk Taw,23.05315755,94.12823314
adm4,MMR005027031,Inn Din,23.01281275,94.11218625
adm4,MMR005027032,Nat Myaung,23.00848731,94.0585034
adm4,MMR005027033,Nat Chaung,22.99751349,94.01747684
adm4,MMR005027034,Ah Shey See,22.85522613,94.09331012
adm4,MMR005027035,Khon Doe Myo Thar,22.89375952,94.04826444
adm4,MMR005027036,Myauk See,22.85937216,94.06491934
adm4,MMR005027037,Taung See,22.84792213,94.03825105
adm4,MMR005027038,Ywar Thar,22.7837873,94.04027843
adm4,MMR005027039,Kyaw,22.86350696,94.02756909
adm4,MMR005027040,Tin Thar,22.79332112,94.08971725
adm4,MMR005027041,Koke Ko,22.80690306,94.13461614
adm4,MMR005027042,Let Pan Chaung,23.32900629,94.02678678
adm4,MMR005027701,Urban,23.19067073,94.06397209
adm4,MMR005027901,,23.54745441,94.0385419
adm4,MMR005027902,,22.91844157,94.15823191
adm4,MMR005027903,,23.4417307,94.19552665
adm4,MMR005028001,Kyaw Zin,23.14398195,94.29370458
adm4,MMR005028002,Kya Khat Taw,23.40679932,94.40276807
adm4,MMR005028003,Auk Taw Gyi,23.36190795,94.37646659
adm4,MMR005028004,Se Gyi,23.38961792,94.39444948
adm4,MMR005028005,Kaing,23.22579956,94.34779572
adm4,MMR005028006,Thit Chauk,23.17316842,94.23895906
adm4,MMR005028007,Thet Kei Kyin,23.17169302,94.57353332
adm4,MMR005028008,Khaung Tee,23.1384888,94.33191086
adm4,MMR005028009,Sin Gaung,23.28271484,94.37073205
adm4,MMR005028010,Kywe Ku,23.28640745,94.34654038
adm4,MMR005028011,Thin Gan,23.25830373,94.42355507
adm4,MMR005028012,Ga Zet,23.32299803,94.35705523
adm4,MMR005028013,Naung Hpa Nan,23.31969566,94.39497118
adm4,MMR005028014,He Daung,23.42440796,94.40335359
adm4,MMR005028015,Shan Su,23.45569007,94.41130558
adm4,MMR005028016,Tun Hlaw,23.44268799,94.38758097
adm4,MMR005028017,Man Hpar Gyi,23.5419858,94.39574877
adm4,MMR005028018,Kywe Tat,23.29428101,94.47836859
adm4,MMR005028019,Myo Ma,23.28708452,94.42879532
adm4,MMR005028020,Tha Yet Taw,23.35079957,94.46642334
adm4,MMR005028021,In Daing,23.32278441,94.46145921
adm4,MMR005028022,Maung Khar,23.34799193,94.4002363
adm4,MMR005028023,In Doke,23.38299563,94.41200902
adm4,MMR005028024,Moe Kaung,23.37219239,94.4825817
adm4,MMR005028025,Shea Gan,23.44540406,94.43558964
adm4,MMR005028026,Nan Pin,23.44130776,94.49047826
adm4,MMR005028027,Ywar Thar,23.42968754,94.33113332
adm4,MMR005028028,Nan Za Lein,23.48778383,94.35824767
adm4,MMR005028029,Myay Thar,23.28671264,94.30157986
adm4,MMR005028030,Yaw Su,23.31411741,94.28906002
adm4,MMR005028031,Ma Htu,23.35519409,94.31105574
adm4,MMR005028032,Ma Sein,23.37258911,94.34289668
adm4,MMR005028033,Ba Let Thar,23.39559936,94.35895917
adm4,MMR005028034,Ton Nan,23.23422243,94.30641401
adm4,MMR005028035,Chin Chaung,23.42637025,94.83539252
adm4,MMR005028036,Khon Gyi,23.17498776,94.38433864
adm4,MMR005028701,Urban,23.20414881,94.29861395
adm4,MMR005028901,,23.39260862,94.27406603
adm4,MMR005028902,,23.3125988,94.71525042
adm4,MMR005028903,,23.04149927,94.21492369
adm4,MMR005029001,Au,23.0039393,94.38149209
adm4,MMR005029002,Chaung Wa,22.99360037,94.2958441
adm4,MMR005029003,Tein,22.95784672,94.25139711
adm4,MMR005029004,Myin U,22.90277076,94.2665989
adm4,MMR005029005,Myo Ma,22.87969214,94.27252497
adm4,MMR005029006,Myay Ni,22.85952264,94.29297112
adm4,MMR005029007,Peik Ka Yar,22.84113407,94.30898632
adm4,MMR005029008,Yin Mar,22.81723011,94.2959164
adm4,MMR005029009,Kyar Pin,22.79429523,94.30133807
adm4,MMR005029010,Ah Nauk Taing,22.78266629,94.31744171
adm4,MMR005029011,Mei Me,22.75919726,94.31384198
adm4,MMR005029012,Pyar Thone,22.73098208,94.30574538
adm4,MMR005029013,Kone Maw,22.70126367,94.31583085
adm4,MMR005029014,Kyaw,22.72775184,94.32933242
adm4,MMR005029015,Win Wa,22.49881003,94.33927303
adm4,MMR005029016,Htone Gyi,22.66476174,94.37354282
adm4,MMR005029017,Tat Chaung,22.60634358,94.39141334
adm4,MMR005029018,Htone Pan,22.75693187,94.44901648
adm4,MMR005029019,Lin Lu,22.69520544,94.49555935
adm4,MMR005029020,Pa Thay,22.77301207,94.59497685
adm4,MMR005029021,Ku Le,22.80043026,94.44498571
adm4,MMR005029022,Sa Thar,22.8185222,94.4961507
adm4,MMR005029023,Laung Tei,22.81276157,94.56456496
adm4,MMR005029024,Pauk Aing,22.88087892,94.54141331
adm4,MMR005029025,Pwint Hlet,22.85337447,94.50728698
adm4,MMR005029026,Taung Auk,22.84934081,94.44824326
adm4,MMR005029027,Tin Bet,22.83416627,94.42214184
adm4,MMR005029028,Kyauk Oe,22.85039129,94.40325797
adm4,MMR005029029,In Kyin Taung,22.87402889,94.39586909
adm4,MMR005029030,Min Sar,22.88928384,94.46012761
adm4,MMR005029031,Kyay Nin,22.86922091,94.45859349
adm4,MMR005029032,Kyun Taw,22.87782416,94.50958902
adm4,MMR005029033,Kyay Taung U,22.92447484,94.52395536
adm4,MMR005029034,Kan,22.90955848,94.46033669
adm4,MMR005029035,Thin Baw,22.92641303,94.38491305
adm4,MMR005029036,Ba Yon Kar,22.97938928,94.42609887
adm4,MMR005029037,Shan Taw,22.9426101,94.46052973
adm4,MMR005029038,Ma Taw,22.89305127,94.50764529
adm4,MMR005029039,Na Nwin Chaung,22.88215841,94.57078833
adm4,MMR005029040,Pin Tin,22.93168122,94.65894309
adm4,MMR005029041,Let Cheik,22.93192405,94.59448508
adm4,MMR005029042,In Pin Hla,23.01094314,94.55328118
adm4,MMR005029043,Mauk Ka Taw,23.00812938,94.65227636
adm4,MMR005029044,Mu Thar,23.053496,94.64214525
adm4,MMR005029045,Peik Chin Taw,23.13790961,94.62836239
adm4,MMR005029046,Sa Myin,23.15350049,94.72704283
adm4,MMR005029047,Pyin Kaing,23.174118,94.8430935
adm4,MMR005029048,Moe Kaung,23.0000073,94.84657824
adm4,MMR005029049,Than Pauk,22.92770511,94.74453911
adm4,MMR005029050,Pan Set,23.0236439,94.70719461
adm4,MMR005029051,Baing,22.99266032,94.73911636
adm4,MMR005029052,Ton,22.92350576,94.69589281
adm4,MMR005029053,Zin Ka Le,22.85892223,94.74010273
adm4,MMR005029054,Thin Taw,22.8721446,94.67511627
adm4,MMR005029055,Bin,22.82283844,94.70791581
adm4,MMR005029056,Shar Taw,23.01363009,94.41340228
adm4,MMR005029057,Kyway,23.06660639,94.48745688
adm4,MMR005029058,Myauk Chun,23.07136523,94.42957734
adm4,MMR005029059,Than Pu Yar,23.12507417,94.45961954
adm4,MMR005029060,Ywar Ba,23.07412733,94.35219031
adm4,MMR005029061,Kyauk Tan,23.11351565,94.39241814
adm4,MMR005029701,Urban,22.87408174,94.49518717
adm4,MMR005030001,Kun Taung,24.2805397,94.44260402
adm4,MMR005030002,He Zin,24.1900759,94.39314549
adm4,MMR005030003,In Daing,24.15737916,94.2827595
adm4,MMR005030004,Ah Hlaw,24.10211183,94.42306268
adm4,MMR005030005,Kha Meik,24.04510497,94.26877046
adm4,MMR005030006,Wi Toke,23.98800659,94.25667398
adm4,MMR005030007,Put Thar,24.01116065,94.45898339
adm4,MMR005030008,Hpai Lin,24.66302376,94.57989947
adm4,MMR005030009,Tha Nan,24.58025361,94.54106417
adm4,MMR005030010,Ban Du La,24.51677339,94.47570884
adm4,MMR005030011,Min Thar,24.43177976,94.45010912
adm4,MMR005030012,Hle Seik,24.39465228,94.44548802
adm4,MMR005030013,Htone Ka Tin,24.37099954,94.48794373
adm4,MMR005030014,Auk Taung,23.92828371,94.20506992
adm4,MMR005030015,Sun Lel,23.94522095,94.24685966
adm4,MMR005030016,Ywar Thar,23.89691165,94.25835388
adm4,MMR005030017,Min Tha Mee,23.95669559,94.32701364
adm4,MMR005030018,Ma Lu,23.89120484,94.20742436
adm4,MMR005030019,Htin Zin,23.84732971,94.18517455
adm4,MMR005030020,Ka Nan,23.75254129,94.19118645
adm4,MMR005030021,Kyun Taw Yae Shin,23.68589209,94.17844638
adm4,MMR005030022,Tein Ka Yar,23.84141885,94.24902849
adm4,MMR005030701,Urban,24.21373121,94.30630395
adm4,MMR005030702,Urban,24.51480467,94.51464186
adm4,MMR005030703,Urban,23.77030283,94.14877984
adm4,MMR005031001,Yu Wa,23.93894246,94.43135809
adm4,MMR005031002,Khar Wea,23.92310237,94.60148621
adm4,MMR005031003,Khar Tun,23.89171154,94.6546774
adm4,MMR005031004,War Yon Thar,23.82039716,94.68048802
adm4,MMR005031005,Pan Thar,23.78150735,94.61180686
adm4,MMR005031006,Tat Kone,23.84323875,94.44185564
adm4,MMR005031007,Hpe Ka Zet,23.75078927,94.55277897
adm4,MMR005031008,Tein Thar,23.72076041,94.55392657
adm4,MMR005031009,Nar Pin,23.68827018,94.56733453
adm4,MMR005031010,Kin Tat,23.70520449,94.43248937
adm4,MMR005031011,Hmaw Ku,23.80482841,94.32392886
adm4,MMR005031012,Tun Pin,23.68339083,94.31663362
adm4,MMR005031013,Aw Zee Khon,23.66690535,94.48947576
adm4,MMR005031014,Laung Kaung,23.63283986,94.44810936
adm4,MMR005031015,Kyar Inn,23.57889239,94.44216987
adm4,MMR005031016,Zee Khon,23.54044554,94.44771046
adm4,MMR005031017,Nan Sauk Sauk,23.57947715,94.46316308
adm4,MMR005031018,Hman Pin,23.58558135,94.4803624
adm4,MMR005031019,Htan Pin Kone,23.50052883,94.43560775
adm4,MMR005031020,Hpar Tin,23.4739594,94.38868558
adm4,MMR005031021,Oke Hpo,23.50497069,94.49052083
adm4,MMR005031022,Taung Kone,23.52309404,94.48992265
adm4,MMR005031023,Htaw Thar,23.43497657,94.57569336
adm4,MMR005031024,Nan Thi,23.580675,94.50783697
adm4,MMR005031025,Taung In,23.6182685,94.48321596
adm4,MMR005031026,Kaung Kway,23.51016464,94.62795627
adm4,MMR005031027,Kyoke Thar,23.58636899,94.67028735
adm4,MMR005031028,Law Thar,23.68786878,94.80290494
adm4,MMR005031701,Urban,23.61172599,94.3273023
adm4,MMR005032001,Pin Thar,24.2842508,94.86467834
adm4,MMR005032002,He Hlaw,24.21774527,94.60754938
adm4,MMR005032003,Tha Yaung,24.35010561,94.82533148
adm4,MMR005032004,Kha Maing,24.43769204,94.9366168
adm4,MMR005032005,Ywar Tan Shey,24.53159316,94.90609451
adm4,MMR005032006,Shwe Nyaung Pin,24.2389475,94.79482262
adm4,MMR005032007,Mong Nwe,24.2298743,94.7185246
adm4,MMR005032008,Nan Bone,24.05314854,94.73602761
adm4,MMR005032009,Par He,24.00527079,94.89453171
adm4,MMR005032010,Mauk Sa Hpar,24.17182826,94.72102565
adm4,MMR005032011,Mauk Pa Lin,24.0445818,94.63840661
adm4,MMR005032012,Yae Auk Taung,24.04914163,94.54386204
adm4,MMR005032013,Shwe Htee Kone,24.36979118,95.03472199
adm4,MMR005032014,Tha Nyit,24.39513221,94.93976519
adm4,MMR005032015,Htaw Ma,24.41853018,94.87430712
adm4,MMR005032016,Wet Khaung (Lwin Gyi),24.49942007,94.99426186
adm4,MMR005032017,Naung Ma Nar,24.4568699,95.06914098
adm4,MMR005032018,Kauk Sar,24.28965302,94.99677361
adm4,MMR005032019,Kyaw Ywar,24.18103328,94.91162496
adm4,MMR005032020,Maing Chaung,23.94451742,94.75398867
adm4,MMR005032021,Ohn Doke,24.18200793,94.87569039
adm4,MMR005032022,Se Chaung,24.29483,94.71056205
adm4,MMR005032023,Tha Yaung Ohn Doke,24.34950999,94.88441555
adm4,MMR005032024,Man Thea,24.04230759,94.80651236
adm4,MMR005032025,Nan Pan,24.22900791,94.76150345
adm4,MMR005032026,Poe Sar Kone,24.29398481,94.79391832
adm4,MMR005032027,Mar Thee,24.10594601,94.75711429
adm4,MMR005032028,Hman Pin,24.14968191,95.01263505
adm4,MMR005032029,Sit Thaung,24.16070592,94.54760198
adm4,MMR005032030,Nan Maw Laik,24.27306896,94.62523128
adm4,MMR005032031,San Dar,24.41420712,94.7938386
adm4,MMR005032032,Man Maw,24.34122882,94.71657675
adm4,MMR005032033,Inn Thar Nat Set,24.51419338,94.7691451
adm4,MMR005032034,Ka Yar,24.13544121,94.63441933
adm4,MMR005032035,Tha Ngar,23.96145578,94.56465662
adm4,MMR005032036,Ohn Thar,24.21352175,94.83687657
adm4,MMR005032037,Min Yar,24.34899857,94.7709647
adm4,MMR005032038,Kauk Kwayt,24.38567388,94.88058561
adm4,MMR005032039,Lel U,24.47434985,94.8811628
adm4,MMR005032040,Myin Thar,24.37466445,94.9692005
adm4,MMR005032701,Urban,24.25649156,94.8161647
adm4,MMR005032901,,24.09080933,94.92352808
adm4,MMR005033001,Taik Tee,26.32540505,95.92678238
adm4,MMR005033002,Hpaung Saing,26.1696276,95.73835266
adm4,MMR005033003,Pa Du Mone,26.01447455,96.00278996
adm4,MMR005033004,Nant Hpar,26.1044006,95.84854968
adm4,MMR005033005,Hman Pin,25.97116514,95.78752416
adm4,MMR005033006,Aung Myay,25.92282362,95.78197506
adm4,MMR005033007,Kin Taw,26.02438358,95.73334257
adm4,MMR005033008,Sin Thay,26.03771973,95.65825936
adm4,MMR005033009,Laung Sauk,26.05483069,95.60405431
adm4,MMR005033010,Hat Ti,26.07773479,95.56753095
adm4,MMR005033011,Par Saung,25.98379137,95.54226398
adm4,MMR005033012,Kyauk Ywet,25.94866302,95.49341062
adm4,MMR005033013,Par Yoe,25.94866302,95.41113315
adm4,MMR005033014,Maw Law,25.89743826,95.39821401
adm4,MMR005033015,Kha Maung,25.8460083,95.29646852
adm4,MMR005033016,Saung Lin,25.86901856,95.47647953
adm4,MMR005033017,Sein Nan,25.9330664,95.64400405
adm4,MMR005033018,Hein Sun,25.83569336,95.66646951
adm4,MMR005033019,Mei Poke,25.84017945,95.55544991
adm4,MMR005033020,Sar Lin,25.76064113,95.15436586
adm4,MMR005033021,Lin Hpar,25.69100954,95.85012671
adm4,MMR005033022,Ah Shey Kauk Taung,25.70370485,95.58072341
adm4,MMR005033023,Ah Nauk Kauk Taung,25.73757936,95.4731658
adm4,MMR005033024,Laik Khaw,25.71640016,95.35351707
adm4,MMR005033025,Kaung Hein,25.59368898,95.7403551
adm4,MMR005033026,Hpai Lin,25.56461869,95.28214809
adm4,MMR005033027,Yat Nar,25.57910156,95.45578222
adm4,MMR005033028,Min Sin,25.44988097,95.63284489
adm4,MMR005033029,Shwe Pyi Thar,25.7368212,96.05132086
adm4,MMR005033701,Urban,25.99284354,95.67938403
adm4,MMR005034001,Khaung Khan,24.96202568,95.03574466
adm4,MMR005034002,Nyaung Pin Thar,24.88719163,95.02117902
adm4,MMR005034003,Ket Thar,24.90551348,94.93237955
adm4,MMR005034004,Laung Min,24.68398566,94.81215502
adm4,MMR005034005,Nan Khan,24.61165005,94.85179875
adm4,MMR005034006,Naung San Kyin,24.74394808,94.84806986
adm4,MMR005034007,Kho Taung,24.70877159,94.93169302
adm4,MMR005034008,Myin Thar,24.79260806,94.90928457
adm4,MMR005034009,Auk Hman Kin,24.68113031,94.98651534
adm4,MMR005034010,Naung Po Aung,24.82711024,95.11066926
adm4,MMR005034011,Hlwa Sin Kone,24.7610802,95.12800856
adm4,MMR005034012,Sat Ka Yar,24.84287417,95.05542948
adm4,MMR005034013,Aw Thaw,24.7535849,95.00791548
adm4,MMR005034014,Naung Hpar Mu,24.61498129,95.13388976
adm4,MMR005034015,Nat Nan,24.55578121,95.03408744
adm4,MMR005034016,Hta Man Thi,25.34238252,95.24612818
adm4,MMR005034017,Htwet Wa,25.43925117,95.25554169
adm4,MMR005034018,Naung Pin,25.32002518,95.09629432
adm4,MMR005034019,Hmaing Wei,25.20770503,95.20393346
adm4,MMR005034020,Ohn Bet,25.2444677,95.14069893
adm4,MMR005034021,Thaung Thut,24.42631035,94.71238994
adm4,MMR005034022,Naung Sut Khar,24.41172983,94.75153372
adm4,MMR005034023,Kyun Kone,24.38399746,94.71943317
adm4,MMR005034024,Ton He,24.61552562,94.66197155
adm4,MMR005034025,Wea Het,24.42337712,94.61824702
adm4,MMR005034026,Taung Paw,24.48463771,94.60717951
adm4,MMR005034027,Taung Boet Hla,24.49572364,94.67915684
adm4,MMR005034028,Htein Ku,24.347496,94.62344677
adm4,MMR005034029,Nyaung Kone,24.8096212,95.47158057
adm4,MMR005034030,Bo Kone,24.76730978,95.55407083
adm4,MMR005034031,Kyaung Kone,24.6474358,95.46453249
adm4,MMR005034032,Hin Naung,24.95696933,94.92178748
adm4,MMR005034033,Naung Lun,24.93049782,95.04477503
adm4,MMR005034034,Tha Wun-Hpar Naing,24.84620732,94.8719159
adm4,MMR005034035,Gway Tauk Kone,24.77847524,94.74251222
adm4,MMR005034036,Pa Yit-Hpar Naing,24.80539766,94.97358289
adm4,MMR005034037,Kha Taung Pwint,24.90238228,94.81408939
adm4,MMR005034038,Hton Mar Be,24.85149972,94.94721113
adm4,MMR005034039,Taung Kin,24.746506,95.07425721
adm4,MMR005034040,Man Hon,24.76464939,95.19875279
adm4,MMR005034041,Khon Tan Gyi,24.64734196,95.32524811
adm4,MMR005034042,Kun Taung,24.93272777,95.14255269
adm4,MMR005034043,Yae Kyaw,24.82354105,95.00526607
adm4,MMR005034044,Zay Di Seik,24.95809957,95.41566734
adm4,MMR005034045,Maing Kaing,24.79944901,95.31617682
adm4,MMR005034046,Nant Thar,25.04851909,95.52943831
adm4,MMR005034047,Shwe Twin,25.38784351,95.86585033
adm4,MMR005034048,Tar Mei Poke,25.28029259,95.83236716
adm4,MMR005034049,Yae Paw Mee,25.16654036,95.70375197
adm4,MMR005034050,Man Sein,25.12199432,95.96848697
adm4,MMR005034051,He Bet,24.85530686,95.39196706
adm4,MMR005034052,Naung Moe,24.97190045,95.30469573
adm4,MMR005034053,Man Thet,24.50415788,95.29293221
adm4,MMR005034054,Laung Hpaung,24.92032563,95.2579291
adm4,MMR005034055,Naung Khan,24.80599253,95.2355517
adm4,MMR005034056,Pon Nwe,24.72586418,95.38090597
adm4,MMR005034057,Htein Kone,24.85402355,95.29471983
adm4,MMR005034058,Mar Lon,24.92648169,95.20485867
adm4,MMR005034059,Naung Taw,24.83186916,95.1845885
adm4,MMR005034060,Nant Chaw,24.63639644,95.26060975
adm4,MMR005034061,Maung Khan,25.0740983,95.18448725
adm4,MMR005034062,Nan Sa Hpi,25.30454909,95.49259266
adm4,MMR005034063,He Khan,24.86984415,95.12518283
adm4,MMR005034064,Ma Lin,25.45164181,95.37963834
adm4,MMR005034065,Yet Hpa,25.20889476,95.31654345
adm4,MMR005034066,Pint Mar,25.26505004,95.38232652
adm4,MMR005034067,Nan Tha Nyit,24.47662288,94.71217143
adm4,MMR005034068,Oe Bo Ka Tauk,24.53665295,94.66911225
adm4,MMR005034069,Naung Kin Nar,24.53652851,94.6100469
adm4,MMR005034070,Htein Kin,25.02297348,94.94286327
adm4,MMR005034071,Pay Pin,25.11803681,94.9878822
adm4,MMR005034072,Kaw Yar,25.0210958,95.105923
adm4,MMR005034073,Hin Naung,25.15413305,95.06723095
adm4,MMR005034074,Poke Tho,25.0570336,94.98228738
adm4,MMR005034075,Naung Yin,25.1884314,95.13554854
adm4,MMR005034076,Maing Taung,25.22650753,95.04130827
adm4,MMR005034701,Urban,24.87292712,94.91552283
adm4,MMR005034703,Urban,24.68138716,94.73199128
adm4,MMR005035001,Ma Thaw Ri,25.6428814,94.96953209
adm4,MMR005035002,Raw Par Mee,25.605896,95.05313422
adm4,MMR005035003,Wan Be,25.6161534,95.15170118
adm4,MMR005035004,Htaing Hpai Yan,25.47170799,95.15726262
adm4,MMR005035005,Hlan Hlaing Hla,25.46438599,95.02987065
adm4,MMR005035006,Dein Ka Lein,25.48137666,94.94609465
adm4,MMR005035007,Chei Yar,25.52974296,94.9026597
adm4,MMR005035008,Yan Nway,25.44958496,95.13811241
adm4,MMR005035009,Lay Tein,25.36512175,94.9676859
adm4,MMR005035010,Ku Kee,25.33648682,94.82987399
adm4,MMR005035011,Na Mi Yu Pi,25.43718366,94.89232761
adm4,MMR005035012,Pan Set (Pan Sat),25.43997192,94.75499782
adm4,MMR005035013,Hpun Tha Yet,25.33814025,94.72782324
adm4,MMR005035014,Kon Kaing Lon,25.36630249,94.76325335
adm4,MMR005035016,Hein Kwet,25.26956002,94.64539522
adm4,MMR005035017,Bon Bar,25.22479248,94.8419765
adm4,MMR005035018,Hpway Lin,25.34381104,94.89024745
adm4,MMR005035020,Hpai Lin Kut,25.16988873,94.72372292
adm4,MMR005035021,Sa Yar Hpawt,25.04088142,94.83197374
adm4,MMR005035022,Dan Sa Ku,24.95102179,94.77384755
adm4,MMR005035023,Maw Nwan,25.13023744,94.87195741
adm4,MMR005035701,Urban,25.44713854,94.95735108
adm4,MMR005035703,Urban,25.36385563,94.68736819
adm4,MMR005036001,Kar Mway Law Ri,26.645044,95.2482823
adm4,MMR005036002,Yan Kyone,26.57021399,95.21197453
adm4,MMR005036003,Nauk Nyu Khar San,26.54700885,95.31859387
adm4,MMR005036004,Kar Yaw Nauk Nyo,26.64574278,95.3677078
adm4,MMR005036005,Htan Khaw Nauk Kone,26.57093235,95.41256932
adm4,MMR005036006,Khan Ma Lar,26.5060966,95.40253809
adm4,MMR005036007,Maw Hpun,26.46125015,95.31217602
adm4,MMR005036008,Ant Paw,26.36383338,95.41069532
adm4,MMR005036009,Yan Kyein,26.50109864,95.17245489
adm4,MMR005036010,Law Nauk Kone,26.40575118,95.15565168
adm4,MMR005036011,Tway Htway Nauk Kone,26.4165039,95.27567678
adm4,MMR005036012,La Kyan,26.36348441,95.31804875
adm4,MMR005036013,Saw Law,26.3317449,95.21517796
adm4,MMR005036014,Hway Htaik,26.28778077,95.33645172
adm4,MMR005036015,Laung Kyan Nauk Kone,26.41954545,95.41703517
adm4,MMR005036016,Ma Kyan,26.37820436,95.51660823
adm4,MMR005036017,Nyin Shaung,26.41337055,95.6072828
adm4,MMR005036018,Kat Pa Lan Day Waw,26.44897464,95.70275803
adm4,MMR005036019,Han Sin,26.47846943,95.7804868
adm4,MMR005036020,Ku Ku Nauk Kone,26.38403457,95.73134533
adm4,MMR005036021,Lun Htaung,26.28438081,95.60339521
adm4,MMR005036022,Lon Khin,26.2713681,95.54493902
adm4,MMR005036023,Kone Khar Lel,26.28343715,95.49404866
adm4,MMR005036024,Ga Hone,26.23291016,95.48790216
adm4,MMR005036025,Kone Lan,26.22830202,95.37510237
adm4,MMR005036026,Hton San,26.14611515,95.34104155
adm4,MMR005036027,Kyun Khaung,26.13654104,95.20939112
adm4,MMR005036028,Pon Nyo,26.23777306,95.19783619
adm4,MMR005036029,Htan Khaw,26.17913617,95.60205431
adm4,MMR005036030,Laung Ngauk,26.13191157,95.55188823
adm4,MMR005036031,Saw Law Nauk Inn,26.18291079,95.50369223
adm4,MMR005036032,Lan Khin,26.11174545,95.43128217
adm4,MMR005036033,Kyauk Kei,26.02829601,95.38237872
adm4,MMR005036034,Lan Nauk,25.9972718,95.22975727
adm4,MMR005036035,Tar Maung,25.88451416,95.07974628
adm4,MMR005036701,Urban,26.30668365,95.43122793
adm4,MMR005036702,Urban,25.9676126,95.23926766
adm4,MMR005037001,Pi Naung Sut,27.17648007,96.71670328
adm4,MMR005037002,Kye Tha Yauk (Sun Par),27.2015991,96.46034092
adm4,MMR005037003,Tha Man Chaung Son,27.01528934,96.06499304
adm4,MMR005037004,Kyaing Raing,27.00729374,96.15323937
adm4,MMR005037005,Yaung Ngway,26.99439365,96.21747733
adm4,MMR005037006,Har War,26.85236314,96.13219966
adm4,MMR005037009,Lar Khu (1),26.77092737,96.00929183
adm4,MMR005037013,Ga Gaw Ka Bar,26.54998956,96.13262811
adm4,MMR005037014,Thar Man,26.54418947,96.05689447
adm4,MMR005037015,Lein Hnoke (1),26.55297851,95.91372255
adm4,MMR005037016,Ah Htet Lu Lun,26.52249146,95.81687794
adm4,MMR005037018,Hpar Kyet,26.94308472,95.95092486
adm4,MMR005037020,Chein Kauk,26.87139891,95.95390123
adm4,MMR005037021,Taw Lun,26.80340576,95.93828631
adm4,MMR005037022,Lat Kee Lon Yar,26.74151613,95.91726755
adm4,MMR005037023,San Tee,26.74038699,95.84645195
adm4,MMR005037024,Rein Khu,26.64322718,95.9777098
adm4,MMR005037025,Kar Lun,26.60451615,95.78404677
adm4,MMR005037026,Mi Ku Nauk Kone,26.53124895,95.68562904
adm4,MMR005037027,Kyar Wan Nauk Pauk,26.53909299,95.61738673
adm4,MMR005037028,Taw Kye,26.58236015,95.65356444
adm4,MMR005037029,Yan Si,26.58419827,95.68723767
adm4,MMR005037030,Lun Nu,26.63591286,95.68098703
adm4,MMR005037031,Chan Ban,26.65969848,95.74452584
adm4,MMR005037032,Ka Gyi Chan My,26.71691895,95.76337138
adm4,MMR005037034,Ha Khee,26.77205547,95.74614472
adm4,MMR005037035,Lar Mar,26.83108145,95.74614321
adm4,MMR005037036,Ngaing Maung,26.87939451,95.80330869
adm4,MMR005037037,Lar Haung,26.94848083,95.81729973
adm4,MMR005037038,Ha San Kaing,26.97598269,95.88346932
adm4,MMR005037039,Leik Lin Kan,26.98840332,95.97894431
adm4,MMR005037040,Hnoke Par,26.85064662,95.67878974
adm4,MMR005037041,Bo Te Lar Nu,26.79682364,95.70090832
adm4,MMR005037042,Ha Khun,26.75228882,95.71822154
adm4,MMR005037043,Ha Haung,26.78671265,95.63541231
adm4,MMR005037044,Kaw Lan,26.80326178,95.54502087
adm4,MMR005037045,Ha Chun Sar,26.73419189,95.67096036
adm4,MMR005037046,Ha Sheik Nauk Nyu,26.72329712,95.57592403
adm4,MMR005037047,Ke San Bauk Lun,26.70262871,95.72125096
adm4,MMR005037048,Ke San Sar Lin,26.67019797,95.64491836
adm4,MMR005037049,Yan Naw San Ri,26.7200805,95.63683901
adm4,MMR005037050,Chan Ma Kauk San Ri,26.69528996,95.68235052
adm4,MMR005037051,Wan Ka Sun Khaw,26.74488429,95.51207893
adm4,MMR005037052,Kyu Yan,26.69406616,95.50522275
adm4,MMR005037053,Ke San Laung Kyan,26.65380857,95.56098822
adm4,MMR005037054,Kar Yaw Kon Shwe,26.6134411,95.50502147
adm4,MMR005037055,Pun Shein,26.59697046,95.58087971
adm4,MMR005037056,Sheik Nyu,26.55824619,95.55042821
adm4,MMR005037057,Yaw Kun,26.50189041,95.54603941
adm4,MMR005037058,Shan He,26.63591286,95.6309877
adm4,MMR005037059,Ta Kaing,27.23577885,96.27075684
adm4,MMR005037060,Naung Yan,27.21153899,96.21844665
adm4,MMR005037061,Ta Kone (1),27.17669678,96.29725796
adm4,MMR005037062,Naung Ka Lu,27.10681155,96.2932938
adm4,MMR005037063,Nan Lit,27.06481935,96.20774325
adm4,MMR005037064,Hta Haw (1),27.19769288,96.11857824
adm4,MMR005037065,Hu Laung,27.14387055,96.04292058
adm4,MMR005037066,Lon Laung,27.07121715,95.99514835
adm4,MMR005037067,Wut Htan,27.10720827,96.14517573
adm4,MMR005037701,Urban,26.98004394,96.16756317
adm4,MMR005037702,Urban,27.23584691,96.16799002
adm4,MMR005037703,Urban,26.77151489,95.7965779
adm4,MMR006001001,Za Har,14.12646089,98.21803994
adm4,MMR006001002,Tha Pyay Chaung,14.11089936,98.22774982
adm4,MMR006001003,Maung Mei Shaung,14.16645688,98.22470234
adm4,MMR006001004,Za Lun,14.10022989,98.24299764
adm4,MMR006001005,Ta Laing Taung,14.09340753,98.25045774
adm4,MMR006001006,Tha Byar,14.11177421,98.26699763
adm4,MMR006001007,Pa Kar Ri,14.14645889,98.29080572
adm4,MMR006001008,Ah Nyar Hpyar,14.06141375,98.35484413
adm4,MMR006001009,Har Myin Gyi,14.22528579,98.33837382
adm4,MMR006001010,Wa Kone,14.15336063,98.35383141
adm4,MMR006001011,Pyar Thar Chaung,13.7059788,98.69181614
adm4,MMR006001012,Kyauk Yat,14.06206049,98.23087918
adm4,MMR006001013,Shan Ma Twin,14.04992403,98.2655599
adm4,MMR006001014,Ku Toet,14.04676869,98.20485759
adm4,MMR006001015,Ka Naing Dar,14.04541449,98.23496961
adm4,MMR006001016,Shin Moke Tee,14.01467223,98.22052631
adm4,MMR006001017,Yaung Maw,14.01318015,98.24120003
adm4,MMR006001018,Ah Myar,13.64981003,98.99437105
adm4,MMR006001019,Taung Thone Lone,14.19125706,98.47612061
adm4,MMR006001020,Kyauk Me Taung,14.16491811,98.43775142
adm4,MMR006001021,Myay Khan Baw,14.38739807,98.45004791
adm4,MMR006001022,Hein Dar,14.08650872,98.45957157
adm4,MMR006001023,Hpaung Taw Gyi,14.06842038,98.57703739
adm4,MMR006001024,Ka Lit Gyi,14.2262325,98.58182362
adm4,MMR006001025,Sin Hpyu Taing,14.12694394,98.73970686
adm4,MMR006001701,Urban,14.08357667,98.19806943
adm4,MMR006001702,Urban,14.16250262,98.52028282
adm4,MMR006002001,Pyin Htein,13.97350474,98.14383709
adm4,MMR006002002,Way Di,13.98732154,98.17588143
adm4,MMR006002003,Ka Nyon Kyun,13.95019422,98.21566561
adm4,MMR006002004,Tha Byar,14.00712152,98.12146966
adm4,MMR006002005,Inn Zauk,14.01742391,98.16437552
adm4,MMR006002006,Pan Da Le,14.02805475,98.14074576
adm4,MMR006002007,Ywar Haung Wa,14.04821081,98.16989084
adm4,MMR006002008,Min Yat,14.05874671,98.13372746
adm4,MMR006002009,Lay Thun Khan,13.92459561,98.11930203
adm4,MMR006002010,Sit Pyea,13.9550291,98.1654884
adm4,MMR006002011,Nyin Maw,13.95577586,98.10879723
adm4,MMR006002012,Ti Zit,13.88070286,98.10739627
adm4,MMR006002013,San Hlan,13.95639298,98.0795311
adm4,MMR006002014,Pa Nyit,14.0065731,98.07247583
adm4,MMR006002015,Auk Yae Hpyu,13.89222769,98.14825639
adm4,MMR006002016,Ka Htaung Ni,13.92569208,98.17531415
adm4,MMR006002017,Ka Det Gyi (Khun Hnit Thein),13.85313914,98.14344869
adm4,MMR006002018,Pyin Kyaung,13.87692189,98.18351452
adm4,MMR006002019,Kyet Yet Twin,13.84708614,98.17865227
adm4,MMR006002020,Maung Ma Kan,14.15365137,98.10422674
adm4,MMR006002021,Ka Det Nge Seik,13.90308428,98.19345279
adm4,MMR006002022,Kyauk Sin,14.08296713,98.1004563
adm4,MMR006002023,Pan Det Inn,14.19037617,98.12003765
adm4,MMR006002024,Thar Yar Kone,14.07603427,98.1644113
adm4,MMR006002025,Ka Myaw Gyi,14.10122385,98.13597453
adm4,MMR006002026,Myo Haung,14.18257609,98.17130245
adm4,MMR006002027,Taung Min Pyaung,14.14839132,98.17589069
adm4,MMR006002028,Kha Maung Taung,14.12818397,98.17470734
adm4,MMR006002029,Sa Khan Gyi,14.15080215,98.14111198
adm4,MMR006002030,Na Khan Taw,14.11499623,98.17573887
adm4,MMR006002031,Ka Myaw Kin,14.10070125,98.16467687
adm4,MMR006002032,Tha Kyet Taw,13.75553965,98.14490986
adm4,MMR006002033,Taw Kye,13.80389448,98.12373239
adm4,MMR006002034,Tha Pyay Shaung,13.82911572,98.11618262
adm4,MMR006002035,Pyin Gyi Kyun,13.81173377,98.20759821
adm4,MMR006002036,Za Lut,13.69533603,98.15144656
adm4,MMR006002037,Kyauk Twin,13.74144043,98.10581352
adm4,MMR006002038,Kyauk Mat Tat,13.57099222,98.1450573
adm4,MMR006002039,Kyauk Wut Pyin,13.65192131,98.16030971
adm4,MMR006002040,Kyauk Ni Maw,13.66493547,98.16651177
adm4,MMR006002041,Auk Kyauk Wut,13.61682248,98.14715957
adm4,MMR006002701,Urban,13.97382012,98.12092495
adm4,MMR006003001,Ka Zi Ta Dar U,13.8797998,98.27199251
adm4,MMR006003002,Pein Taw,13.92801257,98.2627751
adm4,MMR006003003,Pan Chi Shaung,13.8899789,98.24691483
adm4,MMR006003004,Oke Tu,13.90857489,98.28820971
adm4,MMR006003005,Tha Yet Hnit Khwa,13.94488481,98.2520342
adm4,MMR006003006,Thin Kyun,13.94956084,98.23746529
adm4,MMR006003007,Yan Taung,13.97134794,98.24522872
adm4,MMR006003008,Nyaung Zin,13.98669327,98.23133002
adm4,MMR006003009,Kyar Inn,13.98947275,98.26640136
adm4,MMR006003010,Kin Shey,14.02303383,98.27819091
adm4,MMR006003011,Saw Hpyar,13.9957339,98.32669386
adm4,MMR006003012,Pa Dat Chaung,13.878387,98.34447425
adm4,MMR006003013,Ti Tut Pyin,13.83417377,98.25941461
adm4,MMR006003014,Ein Shey Pyin,13.80797869,98.26142319
adm4,MMR006003015,Sin Ku,13.83145121,98.29882732
adm4,MMR006003016,La Ba,13.78775673,98.28943247
adm4,MMR006003017,Pyin Hpyu Gyi,13.74069094,98.25472655
adm4,MMR006003018,Son Sin,13.71674034,98.36135193
adm4,MMR006003019,Pyin Hpyu Thar,13.74705017,98.33893294
adm4,MMR006003020,Chaung Wa Pyin,13.67222436,98.35158911
adm4,MMR006003021,Yae Cho Chaung,13.70967132,98.39035437
adm4,MMR006003022,Gon Hnyin Seik,13.70448383,98.31212399
adm4,MMR006003023,Ya Nge,13.61976057,98.42189182
adm4,MMR006003024,Ka Myaing,13.65366497,98.39659719
adm4,MMR006003025,Min Dat,13.68029333,98.40816237
adm4,MMR006003026,Kywe Min Kone,13.62468404,98.35499065
adm4,MMR006003027,Ka Net Thi Ri,13.66674816,98.32085668
adm4,MMR006003028,Mei Ke,13.87513164,98.44663432
adm4,MMR006003029,Thea Chaung Gyi,13.73965016,98.41417262
adm4,MMR006003030,Kayin Taung Pyauk,13.75962617,98.52868616
adm4,MMR006003031,Yae Pu,13.64833276,98.53704434
adm4,MMR006003032,Ka Twe,13.57014031,98.43827505
adm4,MMR006003033,Ka Nyin Chaung,13.54324568,98.4317171
adm4,MMR006003034,Auk Tha Yet Chaung,13.52491862,98.45080309
adm4,MMR006003035,Pa Dauk,13.51710584,98.57083434
adm4,MMR006003036,Kyauk Se,13.40755124,98.51362057
adm4,MMR006003037,Myanmar Pa Awt,13.34501849,98.47725221
adm4,MMR006003038,Ait Ait (Kayin Pa Awt),13.38244552,98.54164189
adm4,MMR006003039,Pe Det,13.45565471,98.49201411
adm4,MMR006003701,Urban,13.86724931,98.26294221
adm4,MMR006004001,Pale Ku,14.28376177,98.18477235
adm4,MMR006004002,Ya Laing,14.26374636,98.14275832
adm4,MMR006004003,Pu Gaw Zun,14.2848327,98.14552447
adm4,MMR006004004,Nat Twin,14.19592856,98.16719299
adm4,MMR006004005,Thit To Htaunt,14.23788068,98.14494603
adm4,MMR006004006,Kyauk Ka Nyar,14.22792569,98.24393594
adm4,MMR006004007,Ta Laing Yar,14.29625062,98.28868863
adm4,MMR006004008,Nyin Htwe,14.19191036,98.21668883
adm4,MMR006004009,Pein Shaung,14.20995167,98.14710386
adm4,MMR006004010,U Tha Ran,14.33504295,98.25637038
adm4,MMR006004011,Kyauk Htaunt,14.21154801,98.18233723
adm4,MMR006004012,Wun Hpoet,14.41006637,98.12252297
adm4,MMR006004013,Na Bu Lel,14.2319175,98.06091704
adm4,MMR006004014,Le Shaung,14.32912772,98.08075505
adm4,MMR006004015,Aye Ka Ni,14.36867863,98.10527971
adm4,MMR006004016,Pa Ra Dat,14.34371469,98.01258448
adm4,MMR006004017,Mu Du,14.23237576,98.10203585
adm4,MMR006004018,Zar Di,14.45855277,98.01172275
adm4,MMR006004019,Hpaung Taw,14.55115601,97.94707075
adm4,MMR006004020,Thea Chaung,14.64925198,97.94096381
adm4,MMR006004021,Ohn Pin Kwin,14.59211787,98.00490969
adm4,MMR006004022,Kywe Thone Nyi Ma,14.79861888,97.85737832
adm4,MMR006004023,Ein Da Rar Zar,14.6668894,98.06197986
adm4,MMR006004024,Nat Gyi Sin,14.96099815,97.93175277
adm4,MMR006004025,Min Thar,14.76883002,97.99357394
adm4,MMR006004026,Kan Pauk,14.56541224,98.04909405
adm4,MMR006004027,Hpar Chaung,14.51362946,98.09263231
adm4,MMR006004028,Hnan Kye,14.44368742,98.27223559
adm4,MMR006004029,Kayin Shin Ta Bi,14.51614302,98.15384238
adm4,MMR006004030,Kyauk Shat,14.54120517,98.25766732
adm4,MMR006004031,Zin Bar,14.67140739,98.30057832
adm4,MMR006004032,Rar Hpu,14.84531303,98.14067419
adm4,MMR006004033,Mi Kyaung Hlaung,14.72980005,98.17721997
adm4,MMR006004034,Lawt Thaing,14.99800416,98.03835146
adm4,MMR006004701,Urban,14.24800148,98.19865444
adm4,MMR006004702,Urban,14.62597787,98.14544393
adm4,MMR006005001,Myeik Taung,12.41977838,98.67401642
adm4,MMR006005002,Ka Lwin,12.47471234,98.65547282
adm4,MMR006005003,In Ga Maw,12.41277944,98.75452568
adm4,MMR006005004,San Da Wut,12.45705609,98.74711515
adm4,MMR006005005,Pyin Nge,12.38305695,98.68980183
adm4,MMR006005006,Ka Han,12.36503312,98.73429124
adm4,MMR006005007,Sa Lun,12.34876991,98.76747725
adm4,MMR006005008,Min Than,12.32016323,98.80370452
adm4,MMR006005009,Pa Thaung,12.37681823,98.7705007
adm4,MMR006005010,Ma Zaw,12.31516517,98.85611788
adm4,MMR006005011,Tone Byaw,12.29563611,98.89331655
adm4,MMR006005012,Taung Shey,12.37904865,98.80164648
adm4,MMR006005013,Ta Nyet (Ku Lar),12.44970824,98.80422063
adm4,MMR006005014,Ta Nyet (Kayin),12.45864597,98.85385326
adm4,MMR006005015,Ah Lel Chaung,12.59034591,98.8462375
adm4,MMR006005016,Pin Oh,12.55040366,98.79333378
adm4,MMR006005017,Tha But,12.52298466,98.75813972
adm4,MMR006005018,Tha Moke,12.59965886,98.76830196
adm4,MMR006005019,Thit Yar Wa,12.58161739,98.66692381
adm4,MMR006005020,Pa Sut,12.65754953,98.70809384
adm4,MMR006005021,Pa Pyin,12.67737553,98.82220715
adm4,MMR006005022,Kyauk Hpyar,12.5414799,98.72921131
adm4,MMR006005701,Urban,12.44837137,98.60620608
adm4,MMR006006001,Kywe Kha Yan,12.22797544,98.73572863
adm4,MMR006006002,Ka Bin,11.90371895,98.657386
adm4,MMR006006003,Kaw Zar Yar,11.79285792,98.75540231
adm4,MMR006006004,Taw Pyar,12.2533827,98.60724943
adm4,MMR006006005,War Yit,12.24041331,98.82874612
adm4,MMR006006006,Sa Khan Thit,11.99367096,98.48741083
adm4,MMR006006007,Me Taw,11.7802764,98.67807028
adm4,MMR006006008,Ban Da Ne,11.96486378,98.79748049
adm4,MMR006006009,Kan Maw,11.69757932,98.49858493
adm4,MMR006006010,Yae Kan Taung,11.61947813,98.4529046
adm4,MMR006006011,Nyaung Bee,12.32456739,98.69135975
adm4,MMR006006012,Min Goke,12.23466959,98.78543793
adm4,MMR006006013,Than Toke,12.37421104,98.59444533
adm4,MMR006006014,Kat Ta Lu,12.47532736,98.4003318
adm4,MMR006006015,Ma Aing,12.35942201,98.46651602
adm4,MMR006006016,Maung Hlaw,12.29903838,98.76867234
adm4,MMR006006017,Zay Ka Mi,12.31989586,98.72403354
adm4,MMR006006018,Yae Myit Gyi,12.52729094,98.25431868
adm4,MMR006006019,Kan Gyi,12.57707886,98.36298327
adm4,MMR006006020,Ka Pa,12.384848,98.38342239
adm4,MMR006006021,Thea Chaung,11.61784731,98.2432497
adm4,MMR006006022,Done Pale Aw,12.22157834,98.08560204
adm4,MMR006006023,Tar La Paing,12.3684576,98.22230873
adm4,MMR006006701,Urban,12.48098506,98.46041236
adm4,MMR006006800,,11.78487433,97.46263861
adm4,MMR006007001,Mee Kyaung Thaik,13.05467928,98.80806044
adm4,MMR006007002,Pu Law Kone,13.00752131,98.74848816
adm4,MMR006007003,Za Yat Seik,12.80071998,98.7336929
adm4,MMR006007004,Taung Yar Kan,13.03277245,98.6498728
adm4,MMR006007005,Let Ku,12.88828038,98.66504741
adm4,MMR006007006,Nan Taung,12.9521511,98.70646136
adm4,MMR006007007,Ka De,12.89484317,98.78361803
adm4,MMR006007008,Hta Min Ma Sar,13.15081999,98.8097051
adm4,MMR006007009,Kye,12.78772667,98.77568563
adm4,MMR006007010,To,12.86368292,98.70375976
adm4,MMR006007011,Pu Law Hpyar,12.9840783,98.82385813
adm4,MMR006007012,Pa La,12.81379326,98.67572231
adm4,MMR006007013,Min Htein,12.91209208,98.71076601
adm4,MMR006007014,Ma Li,13.06564795,98.29070452
adm4,MMR006007015,Shan Dut,13.0645688,98.7475013
adm4,MMR006007016,Shat Pon,12.99261986,98.63694912
adm4,MMR006007017,Kyauk Kar,12.73826783,98.65621961
adm4,MMR006007018,Leik Thaung,13.1040174,98.61941002
adm4,MMR006007019,Du Yin Pin Shaung,12.95257122,98.75600994
adm4,MMR006007020,Ma Gyi Kone,12.94247351,98.63546359
adm4,MMR006007021,Pyin Bu Gyi,13.20833163,98.51487311
adm4,MMR006007022,Pyi Char,13.23614957,98.75312566
adm4,MMR006007023,Khan Ti,13.14899655,98.60222954
adm4,MMR006007024,Sin Htoe Gyi,13.36267662,98.61182861
adm4,MMR006007025,Kyauk Lone Gyi,13.26754431,98.55193483
adm4,MMR006007026,Nan Thi Lar,13.37752446,98.72903895
adm4,MMR006007027,Pyin Bu Nge,13.18960402,98.56656893
adm4,MMR006007701,Urban,12.97032399,98.64442304
adm4,MMR006007702,Urban,13.26358004,98.63065232
adm4,MMR006007703,Urban,12.85263915,98.66279874
adm4,MMR006008001,Tanintharyi Sin Chay Hpone,12.08174298,99.13764399
adm4,MMR006008002,Pa Wa,12.02723123,98.92406807
adm4,MMR006008003,Maw Tone (East),12.17907461,99.02826041
adm4,MMR006008004,Maw Tone (West),12.14990152,98.97918082
adm4,MMR006008005,Lel Thit,12.22022138,98.89181238
adm4,MMR006008006,Ta Moke Chone,11.98781802,99.03914887
adm4,MMR006008007,Ban La Mut,12.25335446,98.97717955
adm4,MMR006008008,Thein Khun,11.7705974,99.17090454
adm4,MMR006008009,Kyauk Ta Lone,11.96819022,99.34346398
adm4,MMR006008010,Thar Ra Hpon,12.0999572,98.80816956
adm4,MMR006008011,Thein Daw,12.42099228,99.24400457
adm4,MMR006008012,Ban Law,12.21149476,99.14183144
adm4,MMR006008013,Ta Ku,12.34194212,99.01363899
adm4,MMR006008014,Nyaung Pin Kwin,12.09541106,99.37511716
adm4,MMR006008015,Tha Kyet,12.24681407,99.33133831
adm4,MMR006008016,Kawt Ma Pyin,12.67178092,99.08786058
adm4,MMR006008017,Thin Baw U,13.10320615,98.99198704
adm4,MMR006008018,Za Wea,12.36430623,98.94401848
adm4,MMR006008019,Thar Ra Bwin,12.51652843,98.9620776
adm4,MMR006008020,Chaung La Mu,11.49462813,99.28354838
adm4,MMR006008021,Ah Hmat (9),11.77548941,99.46257828
adm4,MMR006008701,Urban,12.08514553,99.01170675
adm4,MMR006008702,Urban,11.7953357,99.62903957
adm4,MMR006009001,Pu Lo Ton Tone,10.02116522,98.50946534
adm4,MMR006009002,Zar Det Gyi Kyun,9.95334446,98.18720967
adm4,MMR006009003,Se Maing,10.04865454,98.53332132
adm4,MMR006009004,Khun Hnit Maing/Shwe Pyi Soe,10.04669455,98.56768863
adm4,MMR006009005,Ban Ka Chun,10.13927296,98.57742298
adm4,MMR006009006,Ma Li Wan,10.26277722,98.62286794
adm4,MMR006009007,Chan Hpan,10.24985343,98.52701882
adm4,MMR006009008,Aw Gyi,10.36375328,98.57482139
adm4,MMR006009009,Su Nge Bar Laing,10.52938605,98.52822979
adm4,MMR006009010,Mar Ran,10.44291956,98.76252641
adm4,MMR006009011,Hton Pa Ri,10.46132359,98.78007977
adm4,MMR006009012,Hpawt Thoke,10.48716064,98.78069628
adm4,MMR006009013,Nar Li Chan,10.50047394,98.80449153
adm4,MMR006009014,Par San,10.52103983,98.79541031
adm4,MMR006009015,Lone Hpaw,10.55010559,98.79178982
adm4,MMR006009016,Khi Ka Hpwaing,10.4339246,98.72831929
adm4,MMR006009017,Pa Ret Khwa,10.41353379,98.72053259
adm4,MMR006009018,Pa Ret Saing,10.34586962,98.72463392
adm4,MMR006009701,Urban,10.00555968,98.55009197
adm4,MMR006009702,Urban,10.34338692,98.62082471
adm4,MMR006009800,,10.44908509,97.92259708
adm4,MMR006009901,,10.60197702,98.70799257
adm4,MMR006010001,Ohn Taw Kan,11.32295204,98.77558978
adm4,MMR006010002,Ka Mar Chaung,11.20118947,98.75407671
adm4,MMR006010003,Ah Twin Boke Pyin,11.19709512,98.82462925
adm4,MMR006010004,Chaung Ka Shet (a) Htaung Kha Met,11.12353619,98.7695695
adm4,MMR006010005,Noet Ngwar,11.11555371,98.70240789
adm4,MMR006010006,Ah Lel Man,11.29281032,98.54153413
adm4,MMR006010007,Sa Tein,11.39372484,98.75724735
adm4,MMR006010008,Yae Ngan Gyi,11.45928962,98.8349199
adm4,MMR006010009,Bon Khun,11.24211623,98.90185539
adm4,MMR006010010,Htuang Son Ma Het (a) Chaung Ka Ton,11.29048925,98.83006713
adm4,MMR006010011,Shwe Ge Nyo,11.61318815,98.82271287
adm4,MMR006010012,Ma Noe Yone,11.70909116,98.98849434
adm4,MMR006010013,Kawt But,11.53483435,98.9614239
adm4,MMR006010014,Htaung Yaik,11.41376522,98.92899088
adm4,MMR006010015,Chaung Ka Hpet,11.46504736,99.06706869
adm4,MMR006010016,Htaung Ngar Thaing (a) Kyauk Tan,11.34568526,98.92623978
adm4,MMR006010017,Ban Ga Lar,11.26987425,99.12910768
adm4,MMR006010018,Ma Thay,10.66923264,98.59159613
adm4,MMR006010019,Han Ka Pyu,10.97787747,98.80000569
adm4,MMR006010020,Kawt Ba Mar,10.83329572,98.68173445
adm4,MMR006010701,Urban,11.2557115,98.78137655
adm4,MMR006010702,Urban,11.47079219,99.00674906
adm4,MMR006010703,Urban,10.92896517,98.75672314
adm4,MMR006010800,,10.88890447,97.91057603
adm4,MMR006010901,,11.00651251,98.96368355
adm4,MMR007001001,Me Khon,17.38245646,96.42779526
adm4,MMR007001002,Ka Twin Chan,17.31619118,96.50897066
adm4,MMR007001003,Hmon Taing,17.30754996,96.49165058
adm4,MMR007001004,Ka Mar Nat,17.33458414,96.52146398
adm4,MMR007001005,Zay Nyaung Pin,17.25252908,96.50234677
adm4,MMR007001006,Ah Htet Si Dee (West),17.29271165,96.45944925
adm4,MMR007001007,Ah Htet Si Dee (East),17.29367752,96.48527124
adm4,MMR007001008,Auk Si Dee (West),17.27563732,96.49666586
adm4,MMR007001009,Auk Si Dee (East),17.26677922,96.5266624
adm4,MMR007001010,Oe Bo,17.29279514,96.52777231
adm4,MMR007001011,Saing Di,17.29367752,96.50439592
adm4,MMR007001012,Moke Ka La,17.27776399,96.53978098
adm4,MMR007001013,Hpa Yar Ka Lay,17.52180179,96.53413088
adm4,MMR007001015,Tat Ka Lay,17.39314009,96.52695856
adm4,MMR007001016,Ma Yin,17.43419801,96.55019464
adm4,MMR007001017,Ah Waing,17.39707697,96.49561374
adm4,MMR007001018,Wan Be Inn,17.56650938,96.53286053
adm4,MMR007001019,Ywar Thit,17.59273369,96.51604656
adm4,MMR007001020,Pyin Pon Gyi,17.59625742,96.53608708
adm4,MMR007001021,Tha Pyay Yoe,17.55213304,96.48343283
adm4,MMR007001022,Win Ga Baw,17.5111031,96.46316334
adm4,MMR007001023,Shwe Tan,17.45784891,96.50364493
adm4,MMR007001024,Let Pan Khon,17.47130918,96.39605725
adm4,MMR007001025,Khon Taing,17.43419801,96.49234542
adm4,MMR007001026,Pay Pin Chaung,17.38234625,96.56890007
adm4,MMR007001027,Shan Ywar Gyi,17.38234625,96.54609253
adm4,MMR007001028,Oke Hpo,17.36337923,96.49803045
adm4,MMR007001029,Ah Htet Zaing Ga Naing Gyi,17.38257557,96.46333297
adm4,MMR007001030,Baw Nat Gyi,17.52142586,96.4170272
adm4,MMR007001031,Sit Pin Seik,17.40450013,96.44837631
adm4,MMR007001032,Kyaik Day Yon,17.41000203,96.46615549
adm4,MMR007001033,Pauk Taw,17.48813968,96.56099066
adm4,MMR007001035,Kyauk Tan,17.16379709,96.46618169
adm4,MMR007001036,Tar Wa Bu Tar,17.22792092,96.48075618
adm4,MMR007001037,Kin Paing Chon,17.12955055,96.46304495
adm4,MMR007001038,Gwayt Tan Shey,17.24779896,96.46090779
adm4,MMR007001039,Htone Gyi,17.09881228,96.45374288
adm4,MMR007001040,Kan Ni,17.10813585,96.46993384
adm4,MMR007001041,Kawt Che,17.11628189,96.40227273
adm4,MMR007001042,Nyaung Inn,17.29271165,96.42717079
adm4,MMR007001043,Hnget Pyaw Taw,17.0679846,96.41464922
adm4,MMR007001044,Bu Lel Inn,17.23474268,96.39853965
adm4,MMR007001045,Htan Pin Chaung,17.19119118,96.45107003
adm4,MMR007001046,Let Pan Win,17.23089178,96.44266262
adm4,MMR007001047,Kun Paung,17.19547324,96.4836204
adm4,MMR007001049,La Thar Kone,17.1558482,96.40041739
adm4,MMR007001050,Hpa Yar Ngoke To,17.13184585,96.42125978
adm4,MMR007001051,Pyin Ma Ngu,17.16124273,96.41976039
adm4,MMR007001052,Hmaw Lon,17.09308912,96.42284271
adm4,MMR007001053,Zaung Tu,17.71413759,96.16376925
adm4,MMR007001054,Zee Taw,17.69651195,96.24714738
adm4,MMR007001055,Ta Mar Pin,17.64043067,96.23703106
adm4,MMR007001056,Htan Taw Gyi,17.56872855,96.32429794
adm4,MMR007001057,Auk Ka Bar,17.52380604,96.34127283
adm4,MMR007001058,Kan Myint,17.59263417,96.23619721
adm4,MMR007001059,Ah Seik Taung,17.60357413,96.29144326
adm4,MMR007001060,War Pyan Kone,17.56069715,96.26834439
adm4,MMR007001061,Than Soet Pin,17.54261118,96.36723585
adm4,MMR007001062,Tha Yet Kone,17.51866273,96.29426982
adm4,MMR007001063,War Ma Yan,17.3389222,96.39525161
adm4,MMR007001064,Ah Laing Ni,17.28968861,96.33975919
adm4,MMR007001065,Lay Ein Su,17.39334003,96.38510297
adm4,MMR007001066,Hlaw Kar,17.44954205,96.31628048
adm4,MMR007001067,Thar Yar Aye,17.22906796,96.46516737
adm4,MMR007001068,La Thar Aye,17.16178767,96.36783585
adm4,MMR007001069,Thu Htay Kone,17.42159249,96.43166056
adm4,MMR007001701,Urban,17.33943792,96.46558072
adm4,MMR007001702,Urban,17.48469061,96.51702266
adm4,MMR007001703,Urban,17.19906881,96.3956832
adm4,MMR007001901,,17.5509239,96.59152844
adm4,MMR007001902,,17.76666062,96.26841164
adm4,MMR007001903,,17.58771995,96.17795767
adm4,MMR007001904,,17.37338688,96.32013786
adm4,MMR007002001,Yae Kyaw,17.29395398,96.58551549
adm4,MMR007002002,Ma Kyet Su,17.29667094,96.60960419
adm4,MMR007002003,Ka Laing,17.27534063,96.60827257
adm4,MMR007002004,Sun Pi,17.31421596,96.59102815
adm4,MMR007002005,Ka Mar Hpa Yan,17.3419152,96.5706771
adm4,MMR007002006,Hpa Ye,17.31818722,96.56415519
adm4,MMR007002007,Ngar Gyi Win,17.36637296,96.5801894
adm4,MMR007002008,Htaung Min,17.26330787,96.57525259
adm4,MMR007002009,Tar Wa Yae Ta Gar,17.2216558,96.49905209
adm4,MMR007002010,Ka Thea Kone,17.27772152,96.64213971
adm4,MMR007002011,Kyaik Pa Daing Gyi,17.23790455,96.51028752
adm4,MMR007002012,Kyaik Pa Daing Lay,17.23205874,96.52412466
adm4,MMR007002013,Sint Oe Bo,17.20085539,96.49788562
adm4,MMR007002014,Ta Khun Taing (West),17.29146849,96.81064676
adm4,MMR007002015,Kyaik Me,17.19683648,96.52466055
adm4,MMR007002016,Moe Khaing Gyi,17.17323999,96.51572954
adm4,MMR007002017,Moe Khaing Lay,17.17552062,96.52983408
adm4,MMR007002018,Ah Paing,17.2075259,96.56631094
adm4,MMR007002019,Zee Pin,17.17049012,96.57752894
adm4,MMR007002020,Kha Yan,17.32039284,96.61584919
adm4,MMR007002021,Kha Yan Nyaung Pin,17.31130209,96.63300783
adm4,MMR007002022,Min Ywar Tar Wa,17.32239859,96.64799808
adm4,MMR007002023,Min,17.33381593,96.65897735
adm4,MMR007002024,Min Ywar Kyaung Su,17.34742838,96.6150703
adm4,MMR007002025,Kyu Chaung,17.33933401,96.70066533
adm4,MMR007002026,Auk Ta Ke,17.32979792,96.67666758
adm4,MMR007002027,Kyun Gyi,17.34133368,96.7381396
adm4,MMR007002028,Kyon Par,17.35682483,96.79292761
adm4,MMR007002029,Wea Pyan,17.2849957,96.73341526
adm4,MMR007002030,Nyaung Pin Su,17.3026998,96.75579124
adm4,MMR007002031,Auk Thaung,17.2835018,96.69887931
adm4,MMR007002032,Kyee Pin Su,17.32365568,96.79679065
adm4,MMR007002033,Tha Nat Tan,17.3413932,96.8348039
adm4,MMR007002034,Shwe Hlay Su,17.30577092,96.72627437
adm4,MMR007002035,Ka Mar Se,17.23263258,96.62382096
adm4,MMR007002036,Hla Pa Kit,17.2138947,96.60692927
adm4,MMR007002037,Htat Kha Nein,17.18599723,96.61765434
adm4,MMR007002038,Ah Nee Kaik,17.18543607,96.64008477
adm4,MMR007002039,Kyar Gaung,17.19779994,96.67430281
adm4,MMR007002040,Yit Kan Lay,17.22140544,96.66328506
adm4,MMR007002041,Taw Boke Su,17.22917357,96.68989665
adm4,MMR007002042,Kha Lat,17.24723898,96.65766795
adm4,MMR007002043,Nyan Kyun,17.27102202,96.67292346
adm4,MMR007002044,Ka Thit Waing,17.2412774,96.70920631
adm4,MMR007002045,Ywar Haung,17.1999076,96.74583139
adm4,MMR007002046,Kyee Pin,17.19539125,96.71845049
adm4,MMR007002047,Lwan Pyay,17.20255975,96.701929
adm4,MMR007002048,Ku lar Chaung Gyi,17.26749725,96.75912701
adm4,MMR007002049,Ta Khun Taing (East),17.18044128,96.49419938
adm4,MMR007002050,Nat Yae Kan,17.24421501,96.86141568
adm4,MMR007002051,Kywe Te,17.28217069,96.85322872
adm4,MMR007002052,Kan Pyo,17.32053958,96.85114456
adm4,MMR007002053,Kwin Yar Shey,17.23603843,96.79992001
adm4,MMR007002054,Kha Lat Su,17.21903607,96.85572485
adm4,MMR007002055,Koke Ko,17.2097733,96.78439398
adm4,MMR007002056,Kywe Hpyu Chaung,17.17804845,96.7803592
adm4,MMR007002057,Shwe Oe,17.19319936,96.81444794
adm4,MMR007002058,Ka Thit Khon,17.16697018,96.85490911
adm4,MMR007002059,Ka Pin,17.14535729,96.80398236
adm4,MMR007002060,Aung Bon Gyi,17.1463502,96.78748043
adm4,MMR007002701,Urban,17.2920589,96.57581198
adm4,MMR007003001,Kyar Taw,17.05726502,96.47402547
adm4,MMR007003002,Kyar Tet,17.13730724,96.50716021
adm4,MMR007003003,Kyaung Taik,17.02198509,96.48177387
adm4,MMR007003004,Kan Pyaung,16.97900208,96.46996846
adm4,MMR007003005,Kha May Gyi,17.07794334,96.44124942
adm4,MMR007003006,Kha Nee,16.9949193,96.48524601
adm4,MMR007003007,Kha Nar,17.01705443,96.50318349
adm4,MMR007003008,Zwe Kaik,17.03666837,96.51232051
adm4,MMR007003009,Zee Hpyu Kone,17.00726883,96.52187099
adm4,MMR007003010,Nyaung Pin,16.98630968,96.44242831
adm4,MMR007003011,Na Be Pin,17.15806016,96.50376194
adm4,MMR007003012,Pauk Kone Gyi,17.08958263,96.51932111
adm4,MMR007003013,Hpa Lay,17.0999509,96.49077681
adm4,MMR007003014,Moe Ka Nein (Myanmar),17.06404396,96.50573614
adm4,MMR007003015,Bon Ma Soe,17.00181094,96.42216553
adm4,MMR007003016,Moe Ka Nein (Kayin),17.04972998,96.52514165
adm4,MMR007003017,Ma Kyet Gyi,17.04079207,96.43254347
adm4,MMR007003018,Shan Kan,17.03579514,96.45600755
adm4,MMR007003019,Tha Byu,17.02607432,96.40823004
adm4,MMR007003020,Tha Pyay Kan,17.05538944,96.44276301
adm4,MMR007003021,Inn Wa,17.01092934,96.45509114
adm4,MMR007003022,Ka Mar Bar,17.13305879,96.63449264
adm4,MMR007003023,Ka Thit Pin,17.03326939,96.61723858
adm4,MMR007003024,Kha Mun Kan Gyi,17.02659462,96.57126816
adm4,MMR007003025,Kha Mun,16.99269255,96.57272976
adm4,MMR007003026,Zwe Bar,17.09458596,96.55006898
adm4,MMR007003027,Zay Hpa Lon,17.17888628,96.67375657
adm4,MMR007003028,Ta Kaw Ka Noke,17.02568973,96.65665196
adm4,MMR007003029,Let Pan Khar Shey,17.06395299,96.61904536
adm4,MMR007003030,Hpoe Yoe Su,17.08501359,96.63094989
adm4,MMR007003031,Htar Wa,17.10211325,96.62190981
adm4,MMR007003032,Hte Nan,17.06013266,96.56664168
adm4,MMR007003033,Neik Ban,17.15186346,96.5478338
adm4,MMR007003034,Paing Kyon,17.12057799,96.51249611
adm4,MMR007003035,Met Ka Bin,17.00907716,96.63113408
adm4,MMR007003036,Mu Du,17.06107835,96.58848292
adm4,MMR007003037,Mway Bway Kone,17.12724581,96.67660174
adm4,MMR007003038,Yit Kan Gyi,17.16083272,96.64060451
adm4,MMR007003039,Thar Yar Kone,17.01708425,96.54699049
adm4,MMR007003040,Hti Tan,17.00750994,96.57226246
adm4,MMR007003042,Than Ta Khar,17.11271338,96.57189795
adm4,MMR007003043,Thin Ban Kan,17.09247823,96.67841454
adm4,MMR007003044,Than Din,17.10707137,96.65326252
adm4,MMR007003045,Ohn Hne,17.08911954,96.58945874
adm4,MMR007003046,Ah Lel,17.14812525,96.60571695
adm4,MMR007003047,Ah Du,17.15460099,96.67962626
adm4,MMR007003048,Ka Dat Sein,17.00711805,96.74113837
adm4,MMR007003049,Kan Myint,16.97802482,96.75236119
adm4,MMR007003050,Kan Htu,17.01013148,96.71549192
adm4,MMR007003051,Kan Paw,17.03440269,96.66608966
adm4,MMR007003052,Kan Aung,17.01366081,96.78301394
adm4,MMR007003053,Kan Aye,16.99329095,96.7585523
adm4,MMR007003055,Chan Thar Gyi,16.99349532,96.67548096
adm4,MMR007003058,Naung Bo,17.06762519,96.68733662
adm4,MMR007003059,Pyawbwe,17.03919635,96.68269274
adm4,MMR007003060,Pauk Kan,17.05817937,96.71924949
adm4,MMR007003061,Shwe Pon Su,17.01218311,96.68640789
adm4,MMR007003062,Shwe Pauk Pin,17.03143841,96.70472789
adm4,MMR007003063,Shwe Nyaung Pin,16.94212194,96.7383822
adm4,MMR007003064,War Taw,16.99189568,96.7739667
adm4,MMR007003065,Tha Yet Kone,17.02739943,96.72299559
adm4,MMR007003066,Tha Pyay Kan Ah Thin,16.95052218,96.75493474
adm4,MMR007003068,Aye Ywar Ah Thin,17.06250907,96.65076527
adm4,MMR007003069,Aye Mun,16.96551624,96.73051251
adm4,MMR007003070,Aung Myay,17.01608242,96.76359794
adm4,MMR007003071,Aung Naing Gyi,16.94296235,96.80205411
adm4,MMR007003073,Aung Thar,16.98452749,96.70467451
adm4,MMR007003074,Aung Kan Hlaing,16.92514009,96.80864876
adm4,MMR007003075,Aung Meik Thar,16.89588953,96.81208877
adm4,MMR007003076,Kan Taw,17.07886955,96.81230832
adm4,MMR007003077,Kan Hla,17.03184465,96.76346987
adm4,MMR007003078,Khe Nan Ah Thin,16.98871375,96.79873884
adm4,MMR007003080,Ta Dar U,17.09152163,96.81640477
adm4,MMR007003081,Hti Tan Ah Thin,17.03646083,96.8004199
adm4,MMR007003082,Pin Ka Laung,17.13616226,96.7241017
adm4,MMR007003083,Kan Nyi Naung,17.1131938,96.71321383
adm4,MMR007003084,Ban Dar,17.04075376,96.81721079
adm4,MMR007003085,Ba Lauk,17.16861294,96.73061534
adm4,MMR007003086,Mi Lauk,17.09151312,96.80148298
adm4,MMR007003088,Ma Mauk,17.12439346,96.84931035
adm4,MMR007003089,Shwe Ta Soke,17.10771238,96.81724984
adm4,MMR007003090,Shwe Gan,17.0831356,96.78425052
adm4,MMR007003091,Wea Pa Tan,17.06986839,96.76156938
adm4,MMR007003092,Thet Ka La Ah Thin,17.05309105,96.76237212
adm4,MMR007003093,Aung Min Ga Lar,17.1299066,96.77291219
adm4,MMR007003094,Ngwe Taung,17.12107255,96.80558236
adm4,MMR007003095,Aung Tha Pyay,17.05877805,96.80343396
adm4,MMR007003096,Aung Kaung Nyunt,17.10927973,96.74654912
adm4,MMR007003097,Aung Pin Thar,17.07228157,96.73696287
adm4,MMR007003098,Zin Yway Kone (Set Kone),17.04469278,96.48839543
adm4,MMR007003701,Urban,17.08676634,96.45623015
adm4,MMR007003702,Urban,17.02323916,96.59468175
adm4,MMR007003901,,16.86262808,96.81307465
adm4,MMR007004001,Naung Pat Ta Yar,17.42860878,96.58455851
adm4,MMR007004002,Naung Gyan,17.40478308,96.58300201
adm4,MMR007004003,Tha Bawt Kan,17.39539207,96.59805637
adm4,MMR007004004,Aye Ka Rit,17.47124501,96.59200396
adm4,MMR007004005,Kyaik Hla,17.44004261,96.61509745
adm4,MMR007004006,Waw Shan Su,17.45373961,96.65981829
adm4,MMR007004007,Kyar La Har,17.47928132,96.64497404
adm4,MMR007004008,Kan Myint,17.46041143,96.68472723
adm4,MMR007004009,Kyon Thin,17.43206965,96.64693528
adm4,MMR007004010,Kawt Win,17.40901209,96.64488929
adm4,MMR007004011,Nyaung Thone Gwa,17.3860286,96.63491245
adm4,MMR007004012,Moe Net,17.38670237,96.6841662
adm4,MMR007004013,Nyaung Kaing,17.38782533,96.71670936
adm4,MMR007004014,Ka Dut,17.39854193,96.74659976
adm4,MMR007004015,Kyon Ye,17.38533566,96.78893634
adm4,MMR007004016,Bo Ka Taw,17.41156664,96.77659009
adm4,MMR007004017,Let Pan Thone Pin,17.44294282,96.77468877
adm4,MMR007004018,Ka Mar Ka Ban,17.45882523,96.72228788
adm4,MMR007004019,Hpa Yar Pyo,17.42941308,96.69896846
adm4,MMR007004020,Htein Ta Pin,17.43993927,96.74634151
adm4,MMR007004021,Zee Hpyu Kone,17.39631915,96.80452104
adm4,MMR007004022,Win Ka Dat,17.38094382,96.86003551
adm4,MMR007004023,Taw Gyi,17.41139054,96.84129665
adm4,MMR007004024,Shan Kaing,17.42864009,96.84785441
adm4,MMR007004025,Ah Htet Pan Nyo,17.45323355,96.82657738
adm4,MMR007004026,Tha Pyay Kan,17.46850421,96.86277936
adm4,MMR007004027,Nyaung Khar Shey,17.47202619,96.80735287
adm4,MMR007004028,Hmon Ka Tone,17.49203531,96.84637097
adm4,MMR007004029,Sat Thwar Chon,17.5173604,96.82206451
adm4,MMR007004030,Ah Byar Hnget Chay Win,17.53380914,96.7751626
adm4,MMR007004031,Ah Byar Ah Lel Su,17.48978941,96.75443081
adm4,MMR007004032,Ah Byar Bo Te,17.51882632,96.73140118
adm4,MMR007004033,Boe Pyan,17.45451597,96.78702784
adm4,MMR007004034,Boe Sa Bai,17.42774925,96.80346415
adm4,MMR007004035,Ah Byar Hta Min Saing,17.51555466,96.70419164
adm4,MMR007004036,Saing Ti Su,17.50682387,96.67647204
adm4,MMR007004037,Inn Taing su,17.48987748,96.62265089
adm4,MMR007004038,Ta Mar Ta Kay,17.5382996,96.7149951
adm4,MMR007004039,Khin Tan Gyi,17.56906985,96.71261034
adm4,MMR007004040,Boe U Sein,17.57266329,96.75439961
adm4,MMR007004041,Lay Ein Su,17.59739652,96.78950951
adm4,MMR007004042,Myit Kyoe,17.63007676,96.78675056
adm4,MMR007004043,Gwayt Gyi,17.58821868,96.80766239
adm4,MMR007004044,Bagan,17.56154007,96.80335283
adm4,MMR007004045,Let Pan,17.58456659,96.86589266
adm4,MMR007004046,Ta Naw Kyun,17.53840438,96.85936397
adm4,MMR007004047,Oke Hpo,17.53538127,96.83957383
adm4,MMR007004048,Thu Ye Thu Mein,17.66842035,96.88766774
adm4,MMR007004049,Sin,17.66468762,96.83527627
adm4,MMR007004050,Da La Nwan,17.64677815,96.83872359
adm4,MMR007004051,Waing Pat,17.62177963,96.84606944
adm4,MMR007004052,Ah Bar,17.60139301,96.66060147
adm4,MMR007004053,Ka Pin,17.54650937,96.68926002
adm4,MMR007004054,Set Su,17.70158786,96.85868661
adm4,MMR007004055,Thu Htay Kone,17.59107971,96.76018483
adm4,MMR007004056,Auk Gwayt Gyi,17.57377879,96.84141667
adm4,MMR007004057,Boe Sein Dar Su,17.57861083,96.78729663
adm4,MMR007004058,Kayin Su,17.59332562,96.70534315
adm4,MMR007004701,Urban,17.47928132,96.67886894
adm4,MMR007004901,,17.54715756,96.63903002
adm4,MMR007005001,Ah Lel,17.91937422,96.69743678
adm4,MMR007005002,Chaung Kyoe,17.85422031,96.82499594
adm4,MMR007005003,Da La Seik,18.06207317,96.75175874
adm4,MMR007005004,Aye,17.88258359,96.6952219
adm4,MMR007005005,Gway Kone (East),18.02247913,96.75281275
adm4,MMR007005006,Gyoet Pin,17.88027753,96.65322225
adm4,MMR007005007,Gyaung Tar,17.78917493,96.84358836
adm4,MMR007005008,Hle Seik,17.82868917,96.79044787
adm4,MMR007005009,Inn Chaung,17.91123689,96.7936189
adm4,MMR007005010,In Kone,18.05183588,96.72454086
adm4,MMR007005011,Inn Waing,17.95942651,96.79344788
adm4,MMR007005012,Ka Lein Khin,18.05325642,96.69267752
adm4,MMR007005013,Kan Ka Lay,18.07905464,96.69163598
adm4,MMR007005014,Kone Inn,17.96037598,96.60421257
adm4,MMR007005015,Chaung Yin,17.8339521,96.73639824
adm4,MMR007005016,Kwin Da La,17.99239403,96.79965644
adm4,MMR007005017,Kya Ban,17.99179874,96.59248858
adm4,MMR007005018,Kyan Bo,17.96841514,96.66460636
adm4,MMR007005019,Kyar Inn Gyi,17.92908988,96.67596046
adm4,MMR007005020,Moke Kha Mu,17.96613109,96.75260369
adm4,MMR007005021,Moe Kho,18.04531994,96.78005963
adm4,MMR007005022,Hnget Pyaw Taw,17.97230911,96.69606556
adm4,MMR007005023,Nyaung Pin Pauk,17.94422436,96.82026416
adm4,MMR007005024,Na Be Pin,17.91147336,96.65978781
adm4,MMR007005026,Hpoe Toke Pon,17.94106823,96.65915561
adm4,MMR007005027,Pyin Yae Gyi,18.02265302,96.78434572
adm4,MMR007005028,San Ka Lay (East),18.0004041,96.68594776
adm4,MMR007005029,San Gyi,17.95166932,96.63330231
adm4,MMR007005030,Shan,17.93199796,96.71235811
adm4,MMR007005031,Swea Da Lwe,17.99709946,96.77249995
adm4,MMR007005032,Htaw Nut,18.03874703,96.66835245
adm4,MMR007005033,Taw Pa Thi,17.93893772,96.74137325
adm4,MMR007005034,Taw Wi,18.00767432,96.71226595
adm4,MMR007005035,Htein Ta Pin,18.03305399,96.69699849
adm4,MMR007005036,Thaung Gyi,17.89154912,96.81970411
adm4,MMR007005037,Htin Kone,17.75083753,96.85631067
adm4,MMR007005038,Than Ta Dar,17.77347839,96.75969434
adm4,MMR007005039,War Pa Taw,17.98533492,96.62684631
adm4,MMR007005040,War Yon Kone,17.92571914,96.74747835
adm4,MMR007005041,Win Ga Baw,17.90073603,96.68671972
adm4,MMR007005042,Wea Wun,17.84257429,96.67597763
adm4,MMR007005043,Yae Hpyu Kan,17.99419137,96.73638529
adm4,MMR007005044,Yae Twin Kone,18.07720404,96.72207755
adm4,MMR007005045,Yae Sone,18.02670038,96.63804052
adm4,MMR007005046,Yae Kyaw,17.84572611,96.64661891
adm4,MMR007005047,Yae Paw Thaung,17.84660773,96.85383679
adm4,MMR007005048,Zee Kone Gyi,17.99267123,96.65014321
adm4,MMR007005049,Si Pin,17.79048302,96.79067806
adm4,MMR007005701,Urban,17.95326534,96.7212595
adm4,MMR007005702,Urban,17.87996303,96.74227332
adm4,MMR007005703,Urban,17.87871986,96.71858129
adm4,MMR007005704,Urban,18.0773006,96.66260477
adm4,MMR007006001,Aung Myin,18.27397132,96.54561776
adm4,MMR007006002,Yin Taik Kone,18.18559667,96.60738674
adm4,MMR007006003,Say Yoe Khin,18.04770555,96.61394452
adm4,MMR007006004,Khwet Ma,18.03627406,96.58179587
adm4,MMR007006005,Tha Min Inn Kone,18.14719925,96.65126939
adm4,MMR007006006,Taung Khin,18.10562396,96.68070892
adm4,MMR007006007,Kyaung Soe,18.2324804,96.62184968
adm4,MMR007006008,Kyein Khar Kone,18.24996976,96.59321856
adm4,MMR007006009,Baw Di Kwin,18.19336888,96.64473182
adm4,MMR007006010,Ah Nan Baw,18.25244544,96.64434298
adm4,MMR007006011,Ka Nyin Kyoe,18.1058975,96.72111914
adm4,MMR007006012,Sin Za Loke,18.30577642,96.47053196
adm4,MMR007006013,Khin Inn Gyi,18.26982624,96.46303758
adm4,MMR007006014,Kyar Inn Kone,18.33842824,96.44542902
adm4,MMR007006015,Kin Mun Inn,18.23310571,96.48616601
adm4,MMR007006016,Tu Maung,18.29172021,96.48797753
adm4,MMR007006017,Kan Ka Lay,18.08454584,96.62616551
adm4,MMR007006018,Kyay Yoe,18.11225601,96.56842245
adm4,MMR007006019,Mee Taing Taw,18.07466817,96.58070728
adm4,MMR007006020,Ga Net,18.1602448,96.59350097
adm4,MMR007006021,Har Ree,18.11425352,96.60993556
adm4,MMR007006022,Gway Kone,18.0345971,96.48771233
adm4,MMR007006023,Inn Pat Lel,18.14977835,96.49339214
adm4,MMR007006024,Bweit Chin,17.97958498,96.55861177
adm4,MMR007006025,Htee Lat,18.06221401,96.52693494
adm4,MMR007006026,Kin,18.10178139,96.51174247
adm4,MMR007006027,Si Son Kone,18.02741938,96.52478791
adm4,MMR007006028,Let Khan,18.16525886,96.72933988
adm4,MMR007006029,Nan Za,18.22065915,96.65319989
adm4,MMR007006030,Ma Gyi Pin,18.20109875,96.52123183
adm4,MMR007006031,Pe Nwe Kone Ywar Ma,18.23655292,96.54749778
adm4,MMR007006032,Za Yat Khin,18.21145749,96.59656907
adm4,MMR007006033,Khin Gyi (Shan Su),18.20621913,96.5623449
adm4,MMR007006035,Waing Gyi,17.99788888,96.5226732
adm4,MMR007006036,Taung Paw Su,18.0141818,96.54996752
adm4,MMR007006037,Shan Doe Tan,17.95507217,96.58219003
adm4,MMR007006038,Gyoet Chaung,17.9621955,96.53706841
adm4,MMR007006039,Than Pu Yar Khon,18.19183225,96.47276302
adm4,MMR007006040,Myo Chaung,18.07978819,96.46728743
adm4,MMR007006041,Kone Lel Yoe,17.94521224,96.55420045
adm4,MMR007006042,Kyun Chaung,18.18150638,96.56421113
adm4,MMR007006043,Thu Htay Gyi Ywar Thit,18.16980773,96.53634332
adm4,MMR007006044,Hpyu Su,18.14079081,96.54655643
adm4,MMR007006045,Gon Min Kwin,18.12487002,96.52988801
adm4,MMR007006046,Sar Pyin,18.23926264,96.44154998
adm4,MMR007006047,Se Lay,18.05994414,96.62442808
adm4,MMR007006701,Urban,18.15805771,96.61396948
adm4,MMR007006702,Urban,18.22345519,96.56288017
adm4,MMR007006703,Urban,18.03529218,96.55642988
adm4,MMR007006901,,18.19494376,96.26810856
adm4,MMR007006902,,18.23695752,96.459766
adm4,MMR007006903,,18.23655292,96.5119938
adm4,MMR007007001,Kyun Kone,17.80694797,96.64435136
adm4,MMR007007002,Ein Chay Lay Se,17.77270637,96.64404659
adm4,MMR007007003,Thea Kaw,17.78534331,96.62684565
adm4,MMR007007004,Hpaung Taw Thi,17.72736614,96.63993035
adm4,MMR007007005,Shan Su,17.74604315,96.59343434
adm4,MMR007007006,Pu Kaing,17.6813638,96.66357966
adm4,MMR007007007,Pauk Ta Pin,17.713548,96.63121042
adm4,MMR007007008,Kan Ka Lay,17.73899447,96.54668881
adm4,MMR007007009,Tha Yet Taw,17.80303908,96.60731889
adm4,MMR007007010,Pa Thwei,17.76002104,96.61550874
adm4,MMR007007011,Pyin Pon Lay,17.81258745,96.58601323
adm4,MMR007007012,Tha Pyay Tan,17.81516407,96.56318869
adm4,MMR007007013,Inn Ta Zin,17.77041485,96.57564527
adm4,MMR007007014,Pwe Ta Mawt,17.7760299,96.53343704
adm4,MMR007007015,Pyin Ma Lwin,17.7146264,96.58783921
adm4,MMR007007016,Ka Toke Ywar Ma,17.68595018,96.59697669
adm4,MMR007007017,Ta Man Gyi,17.66598438,96.55917687
adm4,MMR007007018,Byaing Chei,17.69455196,96.54170729
adm4,MMR007007019,Ka Toke Hpa Yar Gyi,17.65476874,96.61003243
adm4,MMR007007020,Sin Sa Khan,17.81842154,96.67731361
adm4,MMR007007021,Ta Kaung,17.83329543,96.61085393
adm4,MMR007007022,Shwe In Don Ywar Thit,17.85384509,96.61936669
adm4,MMR007007023,Doe Tan,17.85527775,96.58559557
adm4,MMR007007024,Sar Par Chon,17.88235742,96.6015806
adm4,MMR007007025,Taung Tha Le Myaung,17.91166718,96.58866695
adm4,MMR007007026,Sit Bo Gyi,17.91628665,96.55950719
adm4,MMR007007027,Byet Gyi,17.9234548,96.53200645
adm4,MMR007007028,Sin Za Loke,17.89446363,96.55815358
adm4,MMR007007029,Oke Shit Kone,17.89557867,96.52247574
adm4,MMR007007030,Thone Gwa,17.69372655,96.79836825
adm4,MMR007007031,Ka Li,17.78803072,96.73124262
adm4,MMR007007032,Pa Nut,17.74516494,96.77367897
adm4,MMR007007033,Hpa Aung Su,17.79544451,96.69889262
adm4,MMR007007034,Min Ga Lun,17.69759842,96.73732546
adm4,MMR007007035,Nat Kin,17.77102951,96.66806309
adm4,MMR007007036,Koke Kaing,17.76575556,96.50905787
adm4,MMR007007037,Baw Ni,17.71151657,96.51933148
adm4,MMR007007038,Ma Au Kone,17.66598438,96.50041939
adm4,MMR007007039,Hpa Yar Gyi Kwin,17.6204217,96.50830689
adm4,MMR007007040,Kyaik Sa Kaw (East),17.61845012,96.60296435
adm4,MMR007007041,Kyaik Sa Kaw (West),17.63774404,96.5549187
adm4,MMR007007042,Bagan Kwe,17.93450831,96.61332188
adm4,MMR007007043,Hmaw Inn,17.90146247,96.61776427
adm4,MMR007007044,Ka Mar Hpa Yon,17.84188862,96.70448664
adm4,MMR007007701,Urban,17.78478883,96.68368555
adm4,MMR007007901,,17.81131874,96.47330544
adm4,MMR007008001,Za Loke Gyi,17.61772343,96.92064699
adm4,MMR007008002,Nyaung Chay Htauk,17.65030965,96.88891492
adm4,MMR007008003,Kun Seik,17.69387365,96.9205567
adm4,MMR007008004,Don Za Yit,17.77943154,96.9081064
adm4,MMR007008005,Son Kone,17.82800507,96.87020558
adm4,MMR007008006,Ta Khun Taing,17.87137408,96.86755237
adm4,MMR007008007,Taung Bet,17.9032745,96.86335536
adm4,MMR007008008,Win Kha Nein,17.89968012,96.89814592
adm4,MMR007008009,Kan Bay Aing,17.94546919,96.91800401
adm4,MMR007008010,Ah Nauk Bet,17.92021335,96.85594096
adm4,MMR007008011,Chay Taw Yar,17.96442392,96.89347404
adm4,MMR007008012,Tha Yet Chaung,18.00999625,96.8872714
adm4,MMR007008013,Inn Ga Ni,18.02847867,96.85924322
adm4,MMR007008014,Than Seik,18.0953344,96.87976526
adm4,MMR007008015,Ma Au Pin,18.09943063,96.80219565
adm4,MMR007008016,Pa De Kaw,18.16201194,96.81642891
adm4,MMR007008017,Ma Bee,18.17527279,96.78094015
adm4,MMR007008018,Hin Thar Wea,18.12665016,96.77597244
adm4,MMR007008019,Da La Seik,18.0780392,96.77075619
adm4,MMR007008020,Inn Ba Lar,18.07280513,96.82384981
adm4,MMR007008022,Nyaung Pin Gyi,18.01197237,96.82214643
adm4,MMR007008023,Thet Kei Kone,17.96653068,96.85993171
adm4,MMR007008024,Htaung Laung,17.9422563,96.86646901
adm4,MMR007008025,Baw Ka Htar,18.16428763,96.86709263
adm4,MMR007008026,Saw Pe Doe,18.14380647,96.92461406
adm4,MMR007008027,Le War,18.15942632,97.03711917
adm4,MMR007008028,Ah Htet Me Zaung,18.10768528,97.09304753
adm4,MMR007008029,Sin Hpyu Aing,18.10011334,96.96417101
adm4,MMR007008030,Khu Lar,18.04104773,96.82292
adm4,MMR007008031,Auk Me Zaung,18.00658272,96.93425523
adm4,MMR007008032,Htee Ka Lay,17.97293839,97.02419767
adm4,MMR007008033,Set Hleit,17.97072871,96.92437368
adm4,MMR007008035,Hpa Yar Ka Lay,17.91180048,96.93590764
adm4,MMR007008036,Mar Raw Kho,17.87413791,96.97503722
adm4,MMR007008037,Kun Hpeit,17.9154406,97.08431334
adm4,MMR007008038,Me Taing Wa,17.69390374,97.04121556
adm4,MMR007008040,Sa Lu Chaung,17.86503518,96.91642618
adm4,MMR007008041,Me Waing,17.81244743,96.91700611
adm4,MMR007008042,Kyon Chaung (Upper),17.76217426,96.92727595
adm4,MMR007008045,U Poke Chaung,17.85001566,97.03268777
adm4,MMR007008046,Me Yit,17.77196233,97.13122046
adm4,MMR007008047,Me Hpaung Wa,17.73073066,97.10424765
adm4,MMR007008048,Kyar Chaung,17.69340724,96.971377
adm4,MMR007008049,Du Yin Pin,17.62359388,96.99707083
adm4,MMR007008050,Me Tha Net (Lower),17.70906402,96.88414481
adm4,MMR007008051,Me Ka Dee,17.6718843,97.12611121
adm4,MMR007008052,Moe Tha Pyu,17.6489486,96.92878462
adm4,MMR007008053,Htee Nyar Na,17.60521992,97.15740564
adm4,MMR007008054,Kyon Pa Ku Hpyar,17.59673203,97.07365822
adm4,MMR007008055,Ye Thaung,17.53357049,97.1603514
adm4,MMR007008056,Htee Hpa Lo (Yae Pu),17.85149486,97.08967698
adm4,MMR007008057,Tar Tu Lawt,17.80360163,97.06360768
adm4,MMR007008060,Me Thaung,17.77059429,97.0133803
adm4,MMR007008701,Urban,17.93019076,96.882842
adm4,MMR007009001,Nga Hpei Inn,18.99505797,96.39548456
adm4,MMR007009002,Doe Inn,19.08769018,96.4141178
adm4,MMR007009003,Pa De,19.08563705,96.46742208
adm4,MMR007009004,Kayin Chaung,19.12478737,96.45111347
adm4,MMR007009005,Ah Shey Sin,19.05169734,96.46254681
adm4,MMR007009006,Ah Nauk Sin,19.03539585,96.4188125
adm4,MMR007009007,Tha Hpan Pin,18.98440587,96.43157465
adm4,MMR007009008,Moe Kaung,18.94270394,96.47095404
adm4,MMR007009009,Zee Daing,18.91924424,96.43301628
adm4,MMR007009010,Kan Ni,19.01715927,96.47648054
adm4,MMR007009011,Kun Pin,19.07244442,96.52365264
adm4,MMR007009012,Kyauk Taing,18.99840359,96.53621196
adm4,MMR007009013,Doe Thaung,18.91530485,96.50010966
adm4,MMR007009014,Shan Su Gyi,18.91913402,96.45417977
adm4,MMR007009015,Kin Seik,18.9288677,96.42514172
adm4,MMR007009016,Shwe Inn Lay,18.97525134,96.45481649
adm4,MMR007009017,Shauk Pin Chaung,19.04450393,96.54491201
adm4,MMR007009018,Le Bu,18.94940456,96.40085189
adm4,MMR007009019,Sin Seik,18.94096457,96.3560115
adm4,MMR007009020,Hpa Yar Hnit Su,18.96583112,96.39896442
adm4,MMR007009021,Bo Ka Taw,18.97307745,96.33213173
adm4,MMR007009022,Htan Kone,18.96347606,96.37515246
adm4,MMR007009023,Su Tat,18.976761,96.37559945
adm4,MMR007009024,Chaung Hpyu,18.99928499,96.36978366
adm4,MMR007009025,Pe Chet Kone,18.99638646,96.32990257
adm4,MMR007009026,Myauk Yae Kyi,19.06945359,96.33291609
adm4,MMR007009027,Nay Pu Kone,19.03986442,96.30717191
adm4,MMR007009028,Kyun Kone,19.0378113,96.37727023
adm4,MMR007009029,Ma Hin,19.00508206,96.41941215
adm4,MMR007009030,In Daing,19.02513023,96.39860709
adm4,MMR007009031,Kan Yoe,18.96655575,96.42245471
adm4,MMR007009032,Wet Khauk Sein,19.00814536,96.03468852
adm4,MMR007009033,Sa Par Kywei,18.96384245,96.30521528
adm4,MMR007009034,Zee Kone,18.92570459,96.28349936
adm4,MMR007009035,Ka Nyin Myaung,19.01015448,96.25981831
adm4,MMR007009036,Na Gar Mauk,18.94173302,96.64078114
adm4,MMR007009037,Seik Hpu (South),18.96510649,96.48968944
adm4,MMR007009701,Urban,18.93356961,96.44528544
adm4,MMR007009702,Urban,19.07386177,96.37814975
adm4,MMR007009901,,18.93491346,96.5382807
adm4,MMR007009902,,18.98177304,96.53159736
adm4,MMR007009903,,19.06601158,96.5024696
adm4,MMR007010001,Khin Tan Gyi,19.13835436,96.33614785
adm4,MMR007010002,Boe Taw Kone,19.13767648,96.36510114
adm4,MMR007010003,Kyan Tha Nwe,19.10965438,96.35695316
adm4,MMR007010004,Pauk Chaung,19.13445655,96.29258778
adm4,MMR007010005,Pi Tauk Khin,19.14541473,96.27043877
adm4,MMR007010006,Pi Tu,19.15021725,96.3954621
adm4,MMR007010007,War Yon Taw,19.14293005,96.38035405
adm4,MMR007010008,Tha Pyay Tan,19.18961902,96.31750193
adm4,MMR007010009,Ke Lin Seik,19.16452705,96.43612829
adm4,MMR007010010,Kywe Yaing Pyin,19.13070215,96.4162653
adm4,MMR007010011,Sin Gway,19.16457983,96.41267206
adm4,MMR007010012,Za Loke Gyi,19.16127517,96.27081418
adm4,MMR007010013,Nyaung Pin Thar,19.18084895,96.3558909
adm4,MMR007010014,In Daing,19.19089004,96.39223646
adm4,MMR007010015,Doe Tan,19.22275039,96.35775438
adm4,MMR007010016,Mi Chaung Aing,19.31055436,96.4387181
adm4,MMR007010018,Kwin Gyi,19.18745828,96.27206283
adm4,MMR007010019,Kone Gyi,19.20454721,96.31757822
adm4,MMR007010020,Thaing Wa,19.14529233,96.21713597
adm4,MMR007010021,Gon Min Kwin,19.3366342,96.19839779
adm4,MMR007010022,Swar Min Lan,19.24250859,96.29145933
adm4,MMR007010023,Ngar Gyi Kwayt,19.29200255,96.30672177
adm4,MMR007010024,Shwe Ka Zaung,19.26274962,96.3283995
adm4,MMR007010025,Kun Ohn,19.23952792,96.34638264
adm4,MMR007010026,Si Paing,19.25105677,96.37428565
adm4,MMR007010027,Kyeik Pa Tee,19.30706169,96.34460764
adm4,MMR007010028,Swar Ywar Ma,19.27918668,96.35458097
adm4,MMR007010029,Pi Tauk Kone,19.29782558,96.3923436
adm4,MMR007010030,Na Kyat,19.26799887,96.42015487
adm4,MMR007010031,Sa Kway (Ma Yoe Khon),19.16059906,96.00925801
adm4,MMR007010032,Yae Ngan,19.29737366,95.90888245
adm4,MMR007010033,(Saing) Hpa Yar Kone,19.444869,95.93514975
adm4,MMR007010034,Thit Poke Pin,19.41543425,96.06544834
adm4,MMR007010035,San Taw Poet,19.35614976,95.98256803
adm4,MMR007010036,Lone Yan,19.24947015,96.13547925
adm4,MMR007010037,Oke Hpo,19.45458528,95.96985861
adm4,MMR007010038,Chaung Ma Gyi,19.42674804,95.86158273
adm4,MMR007010041,Nat Taung,19.36863368,96.26763222
adm4,MMR007010042,Kyar Inn Kone,19.32971903,96.33122943
adm4,MMR007010043,Ket Ku,19.33667415,96.26889098
adm4,MMR007010044,Thar Ga Ra,19.29782558,96.27474995
adm4,MMR007010045,Wea Daunt,19.32288628,96.30211107
adm4,MMR007010046,Daunt Inn Kone,19.34324353,96.3681163
adm4,MMR007010047,Sat Thay,19.43836946,96.26852463
adm4,MMR007010048,Daung Nan Kya,19.4605418,96.23781014
adm4,MMR007010050,Zay Ya Thein,19.46386689,96.28686302
adm4,MMR007010051,Ye Kone,19.43673445,96.3143526
adm4,MMR007010052,Hpa Yar Kone (Myo Hla),19.38195784,96.33711298
adm4,MMR007010701,Urban,19.16343591,96.36085044
adm4,MMR007010702,Urban,19.26557619,96.28144671
adm4,MMR007010703,Urban,19.46540743,96.26226479
adm4,MMR007010704,Urban,19.41096217,96.25898082
adm4,MMR007011001,Ma Au Pin Seik,18.33135392,96.73332733
adm4,MMR007011002,Mi Chaung Gaung,18.39326263,96.75173196
adm4,MMR007011003,Kyauk Pon Lel,18.36229103,96.77643621
adm4,MMR007011004,Tone Gyi,18.34309811,96.75927331
adm4,MMR007011005,Kyauk Pon (South),18.29434397,96.80498295
adm4,MMR007011006,Inn Net,18.29075378,96.75450069
adm4,MMR007011007,Ga Mone Aing,18.28312023,96.78259971
adm4,MMR007011008,Pat Ta Lar,18.2413661,96.78917258
adm4,MMR007011009,Wet Lar Taw,18.20823498,96.77912135
adm4,MMR007011010,Ma Ma Yan,18.21720999,96.74028209
adm4,MMR007011011,Kywe Ta Lin,18.25404629,96.76181373
adm4,MMR007011012,Lel Waing Gyi,18.25651186,96.7418404
adm4,MMR007011013,Htoe War Saik,18.15848226,96.7500066
adm4,MMR007011014,Kyauk Sa Yit,18.19099582,96.70994328
adm4,MMR007011015,Daung Moet,18.23685308,96.70584218
adm4,MMR007011016,Yae Le,18.32243634,96.69214453
adm4,MMR007011017,Nat Than Kwin,18.28032459,96.69246556
adm4,MMR007011018,Nga / Htway Soke,18.36117186,96.70432965
adm4,MMR007011019,Wea Gyi,18.39915016,96.6864288
adm4,MMR007011020,Ywar Gyi Inn,18.31435197,96.72384849
adm4,MMR007011021,Naung Kone,18.28573745,96.72285285
adm4,MMR007011022,Mone,18.52441884,96.65462196
adm4,MMR007011023,Thaung Lel,18.54074353,96.61078265
adm4,MMR007011024,Tat Kone,18.48606356,96.6593309
adm4,MMR007011025,Nyaung Pin Thar,18.58245525,96.61556254
adm4,MMR007011026,Mway Twin,18.49842384,96.63384388
adm4,MMR007011027,Taw Pu,18.61683121,96.62571307
adm4,MMR007011028,Mee Taing Taw,18.55069824,96.7028183
adm4,MMR007011029,Myaung Yoe Gyi,18.44177909,96.64100841
adm4,MMR007011030,Kyun Pin Seik,18.444554,96.67735177
adm4,MMR007011031,Me Poke,18.43451995,96.73409682
adm4,MMR007011032,Naung Bo,18.48366444,96.69747098
adm4,MMR007011701,Urban,18.3426619,96.79966401
adm4,MMR007011901,,18.40052529,96.87798719
adm4,MMR007012001,Gyay Pu,18.52984328,96.46135471
adm4,MMR007012002,Thar Du Kan,18.50975767,96.45786789
adm4,MMR007012003,Lel Pyin Gyi,18.53369953,96.49433188
adm4,MMR007012005,Pyaung Thay,18.548487,96.45087885
adm4,MMR007012006,Pat Tar,18.5690703,96.42162801
adm4,MMR007012007,Kyet Paung Chaung,18.52974537,96.39233678
adm4,MMR007012008,Yae Shan Gyi,18.50684857,96.4283888
adm4,MMR007012009,Min Kan Yoe,18.50916207,96.40476603
adm4,MMR007012010,Leik Thay,18.47081214,96.4148197
adm4,MMR007012011,Oke Hpyat,18.53202466,96.56260045
adm4,MMR007012012,Ngar Gaung Inn,18.50567655,96.5411014
adm4,MMR007012013,Zee Khon,18.50103708,96.50684815
adm4,MMR007012014,Wea Gyi,18.55618835,96.55599718
adm4,MMR007012015,Kyar Thaung,18.53083019,96.53032326
adm4,MMR007012016,Kyu Inn,18.57611195,96.46266214
adm4,MMR007012017,Kyar Inn,18.50461208,96.58614334
adm4,MMR007012018,Thit Chauk Khin,18.56625364,96.53363842
adm4,MMR007012019,Ah Me Khaung,18.58645777,96.5011944
adm4,MMR007012020,Hla Thin Maung,18.44947051,96.57453263
adm4,MMR007012021,Ta Khun Taing,18.49513293,96.48884217
adm4,MMR007012022,Leik Paw,18.44058719,96.50591674
adm4,MMR007012023,Kyaw Hla,18.46377048,96.5534866
adm4,MMR007012024,Ah Kyat Inn,18.46934964,96.51260104
adm4,MMR007012025,Ban Laung,18.46613034,96.603686
adm4,MMR007012026,Thar Yar Kone,18.46572048,96.48873074
adm4,MMR007012027,Hpyu Ah Shey,18.47608481,96.44979668
adm4,MMR007012028,Nyaung Kar Yar,18.44302468,96.47029284
adm4,MMR007012029,Ywar Tan Shey,18.46723714,96.46688917
adm4,MMR007012030,Chaung Kauk,18.48955377,96.55913153
adm4,MMR007012031,Za Har,18.42433722,96.46472461
adm4,MMR007012032,Saik Tan Khin,18.3686269,96.51057729
adm4,MMR007012033,Thit Pat,18.42090916,96.49773323
adm4,MMR007012034,Nyaung Pin Thar,18.38024563,96.4885955
adm4,MMR007012035,Khin Tan Gyi,18.44849551,96.40229386
adm4,MMR007012036,Chin Khin,18.44979551,96.42631961
adm4,MMR007012037,Kyee Yoe,18.42422888,96.56241402
adm4,MMR007012038,Paung Za Loke,18.43419553,96.52749141
adm4,MMR007012039,In Pin Thar,18.39638726,96.54530024
adm4,MMR007012040,Ka Nyin Daing,18.4182722,96.60810554
adm4,MMR007012043,Myin Pin,18.35137189,96.46315633
adm4,MMR007012044,Tha Min Kwin,18.35765817,96.53113199
adm4,MMR007012045,Hpa Yar La Har,18.35332484,96.58068322
adm4,MMR007012046,Tha Pyay La Har,18.354679,96.61556459
adm4,MMR007012047,Nga Myit Chin,18.3780248,96.59408522
adm4,MMR007012048,Khin Gyi,18.34172537,96.55312803
adm4,MMR007012049,Min Lan Ku,18.37774798,96.43394161
adm4,MMR007012050,Tha Yet Kone,18.35256651,96.5650793
adm4,MMR007012051,Khway Pyar,18.31564507,96.51562342
adm4,MMR007012052,Kyun Kone,18.3063895,96.5567086
adm4,MMR007012053,Soe Pon Kwin,18.33043946,96.53324486
adm4,MMR007012054,Kin Mun Chon,18.27330973,96.63877602
adm4,MMR007012055,Nga Toe Khin,18.27992913,96.60669225
adm4,MMR007012056,Hlay Done,18.28692946,96.58093569
adm4,MMR007012057,Let Tet Gyi,18.31516449,96.59215671
adm4,MMR007012058,Za Loke,18.29053684,96.55837502
adm4,MMR007012059,Meik Tha Lin,18.3818855,96.64464637
adm4,MMR007012060,Mya Pa Goe,18.30271109,96.64719321
adm4,MMR007012061,Kyee Ma Noe,18.40467475,96.43691164
adm4,MMR007012701,Urban,18.48549468,96.43893213
adm4,MMR007012702,Urban,18.34035195,96.49919334
adm4,MMR007012703,Urban,18.54273233,96.43240786
adm4,MMR007012901,,18.60499447,96.16808125
adm4,MMR007013001,Te Gyi Kone,18.80280468,96.40671197
adm4,MMR007013002,Hpa Yar Hnit Su,18.63773698,96.40991349
adm4,MMR007013003,Taung Nyo,18.78183466,96.36282076
adm4,MMR007013004,Khaung Yan,18.85907229,96.49194381
adm4,MMR007013005,Nyaung Chay Htauk,18.61293271,96.41499732
adm4,MMR007013006,Myay See,18.68582318,96.38524485
adm4,MMR007013007,Wea Daunt,18.8973941,96.42614632
adm4,MMR007013008,Tha Yet Pin Maung Hnit Ma,18.88855979,96.31950703
adm4,MMR007013009,Hnget Pyaw Taw,18.74159983,96.36372719
adm4,MMR007013010,Tin Koke Tan,18.67176102,96.39459239
adm4,MMR007013011,Zee Hpyu Thaung,18.76803902,96.42856542
adm4,MMR007013012,Kyaung Shit Se,18.89998261,96.46991005
adm4,MMR007013013,Gway Tauk Khin,18.71390307,96.35793309
adm4,MMR007013014,Nyaung Pin Gyi,18.87630043,96.4471751
adm4,MMR007013015,Myet Ni Kwin,18.61696441,96.47823574
adm4,MMR007013016,Kan Ka lay,18.60968208,96.45275351
adm4,MMR007013017,Ohn Pin,18.83277306,96.43748242
adm4,MMR007013018,Gon Min Tar,18.65673298,96.40363033
adm4,MMR007013019,Nyaung Lwint,18.59664837,96.41315249
adm4,MMR007013020,Kywei Gan,18.87703937,96.36764512
adm4,MMR007013021,Let Sut Kya,18.80845408,96.36501882
adm4,MMR007013022,Taw Pu,18.90712378,96.36700854
adm4,MMR007013023,Than Bo,18.84486576,96.35702815
adm4,MMR007013024,Pauk Taw,18.84498515,96.29094193
adm4,MMR007013025,Nat Sin Kone,18.82550735,96.37810558
adm4,MMR007013026,U Yin Taw,18.87461303,96.40188625
adm4,MMR007013027,Kyan Khin,18.86589818,96.31546919
adm4,MMR007013028,Kyet Tet Nyaung Pin,18.91351075,96.33051669
adm4,MMR007013029,Hpa Yar Ka Lay,18.76464067,96.374881
adm4,MMR007013030,In Daing,18.77729522,96.39447969
adm4,MMR007013031,War Tee,18.8758025,96.48146046
adm4,MMR007013032,Si Son Kone,18.80176865,96.29517175
adm4,MMR007013033,Swea Le Chaung,18.72693972,96.4325629
adm4,MMR007013034,Bant Bway Kone,18.74692163,96.41999756
adm4,MMR007013035,Oke Hpo,18.70327802,96.38805789
adm4,MMR007013036,Thar Ga Ra,18.85226748,96.45523823
adm4,MMR007013037,Ta Loke Kone,18.84373163,96.3829859
adm4,MMR007013038,Nyaung Kone,18.59941517,96.43525285
adm4,MMR007013039,Shwe Laung,18.89846854,96.28882547
adm4,MMR007013041,Yae Oe Sin,18.66404296,96.45322502
adm4,MMR007013701,Urban,18.84594021,96.41559536
adm4,MMR007013702,Urban,18.70098965,96.423795
adm4,MMR007013901,,18.81162801,96.06093095
adm4,MMR007014001,Yae Kyaw,18.8460632,96.52396959
adm4,MMR007014002,Chaung Wa,18.86563687,96.54879949
adm4,MMR007014003,Chan Gyi,18.83015777,96.55382723
adm4,MMR007014004,Ta Pyay,18.82430582,96.53280665
adm4,MMR007014005,Shar Say Bo,18.78510065,96.56617651
adm4,MMR007014006,Pyin Gan,18.80208376,96.54890768
adm4,MMR007014007,Nat Ywar,18.77728522,96.51233674
adm4,MMR007014008,Kyi Taw,18.80192273,96.51645976
adm4,MMR007014009,Inn Yar Gyi,18.81367788,96.49561959
adm4,MMR007014010,Ohn Pin,18.81676421,96.45445009
adm4,MMR007014011,Pwe Thar,18.78817381,96.4591519
adm4,MMR007014012,Zee Hpyu Thaung,18.76533802,96.46979416
adm4,MMR007014013,Za Yat Gyi,18.70723739,96.56315243
adm4,MMR007014014,Kin Mun Chon,18.69322783,96.53577132
adm4,MMR007014015,Dar Dauk,18.73268005,96.50226157
adm4,MMR007014016,Inn Kyaw,18.74063896,96.56622596
adm4,MMR007014017,Kyoet Pin Thar,18.66794122,96.56482379
adm4,MMR007014018,Bon Ma Tee,18.69505176,96.60874653
adm4,MMR007014019,Tha Yet Tan,18.68341291,96.58774955
adm4,MMR007014020,Hle Lan Ku,18.65780134,96.59849925
adm4,MMR007014021,Ta Laing Aing,18.65489597,96.6313058
adm4,MMR007014022,Me Ba Lan,18.59512062,96.57444128
adm4,MMR007014023,Lay Thit,18.77792933,96.54696651
adm4,MMR007014024,Moe Kaung,18.73702785,96.53112239
adm4,MMR007014025,Myo Soe,18.6901835,96.46730091
adm4,MMR007014026,Sa Par Kyi,18.72348201,96.46983957
adm4,MMR007014027,Kyein Taw Hmyaung,18.66931318,96.50066576
adm4,MMR007014028,Ngar See Laung,18.63550607,96.52391275
adm4,MMR007014029,Za Loke Gyi,18.59842304,96.54069048
adm4,MMR007014701,Urban,18.84071377,96.48953628
adm4,MMR008001001,Wet Htee Kan,18.95584131,95.33008005
adm4,MMR008001002,Hnaw Kan,18.95189778,95.3618759
adm4,MMR008001003,Wet Myay Taw,18.97063361,95.3849214
adm4,MMR008001004,War Yon Seik,19.04931247,95.369766
adm4,MMR008001005,Hlwa Zin,19.03859745,95.44279712
adm4,MMR008001006,La Ba,18.92815203,95.3426831
adm4,MMR008001007,Myo Ma,18.90710671,95.35132805
adm4,MMR008001008,Tha Khwet Sauk,18.906981,95.32486912
adm4,MMR008001009,Kone Zin,18.89469258,95.33364981
adm4,MMR008001010,Inn Win,18.94385993,95.41556983
adm4,MMR008001011,Te Gyi Kone,18.96020758,95.43280148
adm4,MMR008001012,Pa Ni Pin,18.93415191,95.36462794
adm4,MMR008001013,Thit Cho Pin,18.92940654,95.38574388
adm4,MMR008001014,Pauk Nwe Chon,19.00957195,95.39430894
adm4,MMR008001015,Ah Lo Taw Ya,19.01306501,95.41755909
adm4,MMR008001016,Pyin Ma Aing,18.93415191,95.32379534
adm4,MMR008001017,Kwin Gyi,18.9895692,95.35383341
adm4,MMR008001018,Kyaw Thar,18.97607525,95.32477811
adm4,MMR008001019,Kan Gyi Kone,19.05187864,95.31046308
adm4,MMR008001020,Kan Kyoe,18.98941665,95.44855348
adm4,MMR008001021,Ta Loke Pin,18.98176985,95.42452211
adm4,MMR008001022,Taung Tee,18.86622973,95.37004655
adm4,MMR008001023,Thu Htay,18.8703215,95.35012882
adm4,MMR008001024,Taung Khway Ye,18.76546263,95.33057479
adm4,MMR008001025,Mu Htaw,18.78158667,95.29740204
adm4,MMR008001026,Paung Ta Mawt,18.84663231,95.33149038
adm4,MMR008001027,Twin Byee,18.83138001,95.31422472
adm4,MMR008001029,Byu Kone,18.82955497,95.37980341
adm4,MMR008001030,Bant Pyin,18.82335493,95.36088433
adm4,MMR008001031,Myaung Son,18.84637978,95.36101957
adm4,MMR008001032,Hmaw Zar,18.78477848,95.27586341
adm4,MMR008001033,Hmoke Shey,18.81129321,95.27292673
adm4,MMR008001034,Ywar Ma Gyi,18.8082113,95.3635724
adm4,MMR008001035,Ah Shey Let Khoke Pin,18.81781354,95.32385879
adm4,MMR008001036,Thea Kone,18.87416419,95.32617059
adm4,MMR008001037,Ah Shey Pauk Taw,18.77370012,95.38187345
adm4,MMR008001038,Let Pan Taw,18.78552419,95.35055469
adm4,MMR008001039,Te Kone,18.78926746,95.39079825
adm4,MMR008001040,Oke Swea,18.89395577,95.38252267
adm4,MMR008001041,Kya Khat,18.88502293,95.29614089
adm4,MMR008001042,Kyar Inn,18.84319246,95.29689054
adm4,MMR008001043,Ngar Ywar,18.82990486,95.27401654
adm4,MMR008001044,Zee Oke,18.84911299,95.27754471
adm4,MMR008001045,Za Lon,18.92941855,95.16504321
adm4,MMR008001046,Htan Ma Kauk,18.89250441,95.25337617
adm4,MMR008001047,Nat Ta Lin,18.86670747,95.27564204
adm4,MMR008001048,Mway Yoe,18.91474769,95.29240818
adm4,MMR008001049,Ma Au Taw,18.94289692,95.29125709
adm4,MMR008001050,Thit Chi Tin,18.86029071,95.25295559
adm4,MMR008001051,Ah Nauk Let Khoke Pin,18.84922411,95.22107696
adm4,MMR008001052,Kone Thar Lin,18.88894626,95.19599787
adm4,MMR008001053,Ah Nauk Ywar Thit,18.76590336,95.24861629
adm4,MMR008001054,Bo Kone,18.92941855,95.18931235
adm4,MMR008001055,Myauk Na Win Ywar Thit Gyi,18.98578752,95.26518444
adm4,MMR008001056,Ywar Ma,18.87376317,95.39203288
adm4,MMR008001701,Urban,18.81879318,95.23653449
adm4,MMR008001702,Urban,18.8552237,95.38643066
adm4,MMR008001901,,18.87250621,95.2258487
adm4,MMR008002001,Yat Thit,18.92379837,95.60163956
adm4,MMR008002002,Wet Toe,18.93500465,95.56589762
adm4,MMR008002003,Tha Hpan Cho,18.89952957,95.52842649
adm4,MMR008002004,Bant Pyin,18.88848207,95.5647364
adm4,MMR008002005,Paung Sa Par,18.84700436,95.56717845
adm4,MMR008002006,Ywar Htaung,18.92800073,95.54736918
adm4,MMR008002007,Kywe Paung Pin,18.94224203,95.51688789
adm4,MMR008002008,Nyaung Pin Thar,19.01452681,95.51202998
adm4,MMR008002009,Chaung Zauk,18.95334887,95.53847218
adm4,MMR008002010,Myauk Let Gyi,18.96698922,95.5673239
adm4,MMR008002011,Dhamma Thaw,18.96698922,95.50266009
adm4,MMR008002012,Htone Taung,19.07193703,95.51289203
adm4,MMR008002013,Pi Tauk Kone,18.97870192,95.61871801
adm4,MMR008002014,War Yon Pin Lel,19.02078291,95.60928428
adm4,MMR008002015,Ah Shey Kyoet Kone,18.8347464,95.64448715
adm4,MMR008002016,Htan Ta Pin,19.04373517,95.57442084
adm4,MMR008002017,Nyaung Kone,18.83774176,95.61196703
adm4,MMR008002018,Hle Ku,18.85245461,95.71155446
adm4,MMR008002019,Taung Let Gyi,18.7947665,95.59226125
adm4,MMR008002020,Taung Lel,18.88574374,95.69574352
adm4,MMR008002021,Nyaung Wun,18.88947916,95.76423702
adm4,MMR008002022,Myo Taung,18.88153057,95.61056205
adm4,MMR008002023,Ah Shey Ma Kway,18.9471789,95.6336728
adm4,MMR008002024,Taung Shwe Laung,18.98552805,95.72121408
adm4,MMR008002025,Ah Yar Taw,19.0001411,95.67420618
adm4,MMR008002026,Chaung Hpyaunt,18.9094583,95.68556118
adm4,MMR008002027,Chaung Kaung,18.84901438,95.40534892
adm4,MMR008002028,Tha Pyay Taung,18.83464316,95.41361232
adm4,MMR008002029,Kin Mun Chon,18.86480883,95.44034132
adm4,MMR008002030,Thit Yaung Pyan,18.83727926,95.52099706
adm4,MMR008002031,Kyoet Pin Waing,18.8161828,95.43010725
adm4,MMR008002032,Tha Hpan Kaing,18.79122425,95.52300607
adm4,MMR008002033,Nga Khu Aing,18.88653708,95.43056782
adm4,MMR008002034,Ywar Shey,18.91070576,95.44511248
adm4,MMR008002035,In Ngar Gwa,18.89050416,95.48819255
adm4,MMR008002036,Ah Nauk Kyoet Kone,18.94322118,95.45613691
adm4,MMR008002037,Baw Di Kone,18.93001188,95.48393993
adm4,MMR008002038,Ma Soe Yein,18.90322402,95.40368591
adm4,MMR008002039,Gway Pin Khon,18.92018858,95.42150289
adm4,MMR008002040,Bant Bway Taung,19.09534674,95.6369429
adm4,MMR008002041,Kywe Ka Lay San,19.12812108,95.58615139
adm4,MMR008002042,Myauk Shwe Laung,19.14073254,95.54907246
adm4,MMR008002043,Lay Thar Taung Gyi,19.16615269,95.50635276
adm4,MMR008002044,Thit Poke,19.1388615,95.44075523
adm4,MMR008002045,Kyu Wut,19.10312428,95.39937998
adm4,MMR008002046,San Myaing Aye,19.01774356,95.47988569
adm4,MMR008002047,Ma Gyi Khon,19.0962147,95.68323739
adm4,MMR008002048,Nwar Myaw,19.10263983,95.72720134
adm4,MMR008002049,Sin Gaung,19.10807287,95.78507797
adm4,MMR008002050,Thit Seint Pin,19.15364226,95.70474093
adm4,MMR008002051,Kan Kyin,19.14962978,95.66077334
adm4,MMR008002052,Dee Doke,19.13010381,95.62849954
adm4,MMR008002701,Urban,18.90895924,95.54810118
adm4,MMR008002901,,18.98813387,95.80943676
adm4,MMR008002902,,19.09125422,95.48400508
adm4,MMR008003001,Ywar Thar Yar,18.89253157,95.16307568
adm4,MMR008003002,Shwe Bon Thar,18.83187481,95.1530368
adm4,MMR008003003,Sin Te,18.77029773,95.18936601
adm4,MMR008003004,Tha Yet Lein,18.7456065,95.17247027
adm4,MMR008003005,Taung Bway,18.73150281,95.04715981
adm4,MMR008003006,Yae Lel Kyun,18.6746235,95.09700504
adm4,MMR008003007,Ma Gyi Htone,18.67137652,95.05996633
adm4,MMR008003009,Swei Taw,18.77309764,95.09738007
adm4,MMR008003010,Dant Da Lun,18.80886299,95.09999321
adm4,MMR008003011,Ngar Se Pay,18.78974534,95.12412938
adm4,MMR008003012,Daung Ma Nar,18.77309764,95.14413146
adm4,MMR008003013,Thu Ye Tan,18.5627517,95.0464441
adm4,MMR008003014,Hteik Pauk,18.59518434,95.04745353
adm4,MMR008003015,Kyauk Hpu,18.65511958,94.98159711
adm4,MMR008003016,Yat Thar,18.72697692,94.99236732
adm4,MMR008003017,Ta Loke Pin,18.75169043,94.99473645
adm4,MMR008003018,Kaing Gyi,18.76774163,94.92364014
adm4,MMR008003019,Za Yat Hla,18.77635498,94.96229433
adm4,MMR008003020,Taung Boet Gyi,18.80145188,95.0180891
adm4,MMR008003021,Kyaung U,18.86787771,94.9960837
adm4,MMR008003022,Yae Kyaw,18.88403474,94.9274014
adm4,MMR008003023,Nyaung Pin,18.83036281,94.93796913
adm4,MMR008003024,Nat Mauk,18.7298393,95.09519303
adm4,MMR008003025,Shwe Nyi Naung,18.74287731,95.13514689
adm4,MMR008003026,Pe Gyi,18.5627517,95.01846684
adm4,MMR008003027,Hle Ku,18.56459591,94.97924733
adm4,MMR008003028,Gyoe Gyar,18.62201809,94.98468882
adm4,MMR008003029,Kyun Mee,18.63066168,95.05826378
adm4,MMR008003030,Htone Bo,18.53009334,95.06882882
adm4,MMR008003031,San Wa,18.52494538,95.04065247
adm4,MMR008003032,Myaung,18.49296485,95.08574144
adm4,MMR008003033,Kone Ka Lay,18.48265148,95.04911007
adm4,MMR008003034,Kwin Hla,18.50699506,95.02544042
adm4,MMR008003035,Htauk Kyant Kone,18.45968116,95.06305605
adm4,MMR008003036,Ton Kin,18.46642242,95.00911301
adm4,MMR008003037,Kyee Taw,18.42217568,95.04370183
adm4,MMR008003038,Hpa Yon Kar,18.57768981,94.92662237
adm4,MMR008003039,Kyee Pin,18.91251359,94.94986625
adm4,MMR008003040,Le,18.67896832,95.03233151
adm4,MMR008003041,Nyaung Chay Htauk,18.69431482,94.95467145
adm4,MMR008003701,Urban,18.71207149,95.14196341
adm4,MMR008003702,Urban,18.68714957,95.01059867
adm4,MMR008003901,,18.81024925,95.05550645
adm4,MMR008003902,,18.6703688,94.83118438
adm4,MMR008004001,Thit Poke,18.75435946,95.62272326
adm4,MMR008004002,Pyan Chi Tet,18.70162848,95.5980806
adm4,MMR008004004,Kaing Kwin,18.70951669,95.64913987
adm4,MMR008004005,Kyauk Ta Gar,18.73814565,95.70951399
adm4,MMR008004006,Thein Kone,18.6990815,95.71491497
adm4,MMR008004007,Kyar Ni Kan,18.56307014,95.61934298
adm4,MMR008004008,Ma Gyi San,18.64552026,95.66652436
adm4,MMR008004009,Zee Pin Hla,18.56876228,95.60374525
adm4,MMR008004010,Agga Yar Pyayt,18.62767261,95.57156923
adm4,MMR008004011,Pauk Taw,18.61240368,95.58469296
adm4,MMR008004012,Thea Me,18.58960722,95.60450882
adm4,MMR008004013,Nwar Chan Kone,18.57391433,95.57888569
adm4,MMR008004014,Myauk Kone Gyi,18.55756254,95.52328712
adm4,MMR008004015,Hmat Taing,18.57236077,95.53905693
adm4,MMR008004016,Ywar Thit Gyi,18.58389634,95.51310831
adm4,MMR008004017,Kan Nge,18.55799025,95.49748089
adm4,MMR008004018,Taung Boet Hla,18.53220407,95.47978297
adm4,MMR008004019,Byet Gyi,18.50727106,95.49164715
adm4,MMR008004020,Kyu Taw Kan,18.50240373,95.47071827
adm4,MMR008004021,Pauk Aing Gyi,18.48297936,95.48308148
adm4,MMR008004022,Htan Thone Gwa,18.48177721,95.46050518
adm4,MMR008004023,Ko Wun Saung,18.4853155,95.43338988
adm4,MMR008004024,Gyone Gyone Kya,18.46725769,95.39202601
adm4,MMR008004025,Kyoet Kone,18.44526038,95.38494199
adm4,MMR008004026,Nyaung Kat Pin,18.45351209,95.42261567
adm4,MMR008004027,Koke Ko Pin,18.46014181,95.44766154
adm4,MMR008004028,Nyaung Hpyu,18.44946571,95.46030844
adm4,MMR008004029,Pyin Pon,18.43489371,95.47002353
adm4,MMR008004030,Kyoet Pin,18.45789105,95.48852041
adm4,MMR008004031,Tha Hpan Pin Seik,18.4692749,95.5157795
adm4,MMR008004032,Ma Gyi Pin,18.45197341,95.51307969
adm4,MMR008004033,Boe Thar Aung Kone,18.46271171,95.54465666
adm4,MMR008004034,Kyaung Taw Yar,18.48022014,95.53347346
adm4,MMR008004035,Tha Pyay Gyi Su,18.49749152,95.54408323
adm4,MMR008004036,Hpa Yar Ngar Su,18.53026986,95.51653179
adm4,MMR008004037,Khay Man,18.55528709,95.56152654
adm4,MMR008004038,Sin Lu,18.51781222,95.59108359
adm4,MMR008004039,Ywar Pale,18.51781222,95.5555001
adm4,MMR008004040,Kyoet Pin Thar,18.49997856,95.60114002
adm4,MMR008004041,Me Khaung,18.52813162,95.62651966
adm4,MMR008004042,Htan Ta Pin,18.53918811,95.66494659
adm4,MMR008004043,Ma Gyi Kone,18.54302103,95.58192513
adm4,MMR008004045,Nyaung Ni Pin,18.72649445,95.55215646
adm4,MMR008004701,Urban,18.49391323,95.50677586
adm4,MMR008004901,,18.7640779,95.58589364
adm4,MMR008004902,,18.70401131,95.6856872
adm4,MMR008005001,Peik Chin Kone,18.65213303,95.44018941
adm4,MMR008005002,Ye Ye Kan,18.65951193,95.39175639
adm4,MMR008005003,Oke Swea,18.62977804,95.40817363
adm4,MMR008005004,Oke Hpo,18.6259472,95.37716301
adm4,MMR008005005,Ywar Ma,18.62686704,95.42554172
adm4,MMR008005006,Lein Tan,18.61079841,95.42313829
adm4,MMR008005007,Za Leit,18.60131598,95.40802158
adm4,MMR008005008,Tha Hpan Cho,18.63188532,95.45445589
adm4,MMR008005009,Byanma Inn,18.64759388,95.51424968
adm4,MMR008005010,Dar Thway Kyauk,18.68689757,95.51424059
adm4,MMR008005011,Yone Pin Tet,18.65034213,95.47695213
adm4,MMR008005012,Zee Kone,18.66587135,95.41660553
adm4,MMR008005013,Thit Ni Taw,18.67855463,95.45913419
adm4,MMR008005015,Lin Le,18.60129532,95.44518143
adm4,MMR008005016,Let Pan Lone Hla,18.58502536,95.39664521
adm4,MMR008005017,Kan Hnit Sint,18.57449119,95.43869441
adm4,MMR008005018,Nyaung Win,18.57315868,95.48918467
adm4,MMR008005019,Launt Gyi,18.55317009,95.43696696
adm4,MMR008005020,Kant Lant Kone,18.62487094,95.47327123
adm4,MMR008005021,Tha Pyay Hla,18.60054718,95.48107322
adm4,MMR008005022,Zee Oke,18.61059764,95.53894273
adm4,MMR008005023,Ywar Thit,18.53311359,95.42366148
adm4,MMR008005024,Yin Taik Hmaw,18.52695119,95.45080166
adm4,MMR008005026,Kayin Kone,18.51247338,95.3458224
adm4,MMR008005027,Taung Kyoet Kone,18.53572756,95.37395793
adm4,MMR008005028,Ta Khun Taing,18.55077372,95.34285368
adm4,MMR008005029,Hnget Taw Mee,18.56178711,95.41267739
adm4,MMR008005030,Chaung Kan Gyi,18.56654946,95.38546971
adm4,MMR008005031,Kyay Thar,18.59075866,95.34082315
adm4,MMR008005032,Ta Pin Hmaw,18.62211839,95.33317775
adm4,MMR008005033,Inn Paw Nge,18.65809035,95.33815024
adm4,MMR008005034,Sauk Chon Gyi,18.66152563,95.37056722
adm4,MMR008005035,Kyoet Pin Thar,18.50332863,95.43842475
adm4,MMR008005036,Kywe Gaung,18.49331472,95.3913531
adm4,MMR008005037,Char Hlar Kone,18.5177405,95.39972614
adm4,MMR008005038,Yat Thar,18.54242775,95.39517694
adm4,MMR008005039,Gway Kone,18.46030469,95.35187047
adm4,MMR008005040,Kyu Taw,18.74657262,95.38568447
adm4,MMR008005041,Kyat Nar,18.75074875,95.35524982
adm4,MMR008005042,Kwayt Tet,18.71986909,95.40972733
adm4,MMR008005043,Nwe Kauk,18.71020366,95.42123131
adm4,MMR008005044,Nyaung Kone,18.68884852,95.42284555
adm4,MMR008005045,Min Hla,18.67679223,95.38386705
adm4,MMR008005046,But Taw,18.68314868,95.35317242
adm4,MMR008005047,Kyoet Kone,18.6987791,95.3425192
adm4,MMR008005048,Ywar Thar Yar,18.71674413,95.36665046
adm4,MMR008005049,Kyoet Yat Thar,18.73596416,95.33702592
adm4,MMR008005050,Moe Tein Pyin,18.58657099,95.46570415
adm4,MMR008005051,Sin Kyone,18.56790445,95.47082203
adm4,MMR008005701,Urban,18.64857136,95.41465707
adm4,MMR008005702,Urban,18.57242542,95.46000395
adm4,MMR008005703,Urban,18.54306955,95.31496575
adm4,MMR008005704,Urban,18.73713875,95.35872355
adm4,MMR008005901,,18.66774327,95.30385013
adm4,MMR008005902,,18.48816062,95.31063431
adm4,MMR008005903,,18.6335498,95.53925939
adm4,MMR008005904,,18.73437389,95.47902055
adm4,MMR008005905,,18.67530685,95.53976475
adm4,MMR008006001,Htan Kone,18.57584347,95.26118582
adm4,MMR008006002,Me Taw,18.59351588,95.25641476
adm4,MMR008006003,War Taw,18.64150142,95.26359458
adm4,MMR008006004,Paung Choke,18.52767566,95.24321196
adm4,MMR008006005,Gway Tauk Hmyaung,18.496884,95.2508923
adm4,MMR008006006,Kwin Yar Gyi,18.45950202,95.25487748
adm4,MMR008006007,Ka Thit Taing,18.70846709,95.26811046
adm4,MMR008006008,Mee Laung,18.66583374,95.26006119
adm4,MMR008006009,Kyoet Kone,18.69481763,95.23350674
adm4,MMR008006010,Nwar Ma Yan,18.74227441,95.22224278
adm4,MMR008006011,Min Kun,18.67169132,95.20746654
adm4,MMR008006012,Ma Yar Man,18.62959435,95.20814924
adm4,MMR008006013,Oe Htein Kone,18.65201525,95.21782119
adm4,MMR008006014,Kan Thone Sint,18.58248339,95.21943028
adm4,MMR008006015,Taw Haing,18.57435978,95.19277296
adm4,MMR008006016,Kyauk Myint,18.64511045,95.18580581
adm4,MMR008006017,Nwar Chan Kone,18.64152163,95.15413355
adm4,MMR008006018,Du Rin Du Bo,18.68408486,95.19223604
adm4,MMR008006019,Min Te Kyun,18.71181795,95.17652257
adm4,MMR008006020,Myaung Tat,18.66500451,95.18757758
adm4,MMR008006021,Myo Ma,18.67476715,95.13757775
adm4,MMR008006022,Thar Zi Kone,18.67796301,95.17116882
adm4,MMR008006023,Kyee Thea,18.63148125,95.11998638
adm4,MMR008006024,Ma Gyi Pauk Kone,18.60551536,95.16392471
adm4,MMR008006025,Kyaung Kone,18.58956667,95.14762694
adm4,MMR008006026,Tha Yet Thone Pin,18.59420392,95.10831286
adm4,MMR008006027,Kyauk Hta Yan,18.55704835,95.12624123
adm4,MMR008006028,Shwe Hin Thar,18.55044499,95.08654009
adm4,MMR008006029,Shar Taing,18.54782504,95.1680744
adm4,MMR008006030,Tei Kone Gyi,18.57495742,95.16727764
adm4,MMR008006031,Kyun Ka Lay,18.52372959,95.1163522
adm4,MMR008006032,Nyaung Sar Yay,18.50468834,95.1889102
adm4,MMR008006033,Tha Yet Ta Pin,18.47641562,95.20752777
adm4,MMR008006034,Sin Thay,18.54314244,95.20421521
adm4,MMR008006035,Zee Kyun,18.51433734,95.14237478
adm4,MMR008006036,Shar Pin Zin,18.53661517,95.13451599
adm4,MMR008006037,Ta Yoke Hmaw,18.42913607,95.21230052
adm4,MMR008006038,La Maing,18.40663749,95.22769139
adm4,MMR008006039,Kwayt Ma,18.39932664,95.23336687
adm4,MMR008006040,Yin Mu Kone,18.37612963,95.28667265
adm4,MMR008006041,Ma Me Lay,18.38852957,95.25267066
adm4,MMR008006042,Shar Pin Kone,18.36475762,95.26751737
adm4,MMR008006044,Seik Gyi,18.37839998,95.32063721
adm4,MMR008006045,Kywe Ta Lin,18.41231337,95.29525848
adm4,MMR008006046,Ta Bu Sar,18.42517054,95.25966331
adm4,MMR008006047,Zei Ma,18.6151141,95.26051149
adm4,MMR008006048,Se Gyi Kone,18.72749221,95.23832438
adm4,MMR008006701,Urban,18.70584338,95.21218114
adm4,MMR008006901,,18.45657554,95.29595775
adm4,MMR008007001,Ah Tha Yaw,17.68441532,95.63952807
adm4,MMR008007002,Bee Lin,17.71689365,95.68316061
adm4,MMR008007003,Eik La Har,17.63114873,95.69428889
adm4,MMR008007004,Zee Pwe,17.61485278,95.66097961
adm4,MMR008007005,Hpoe Khaung,17.60744595,95.72344841
adm4,MMR008007006,Daw Wi,17.56415166,95.70116856
adm4,MMR008007007,Kyun Ka Lay,17.57238969,95.74774675
adm4,MMR008007008,Tha Zin Aing,17.55694542,95.77433661
adm4,MMR008007009,Aing Ka Don,17.522789,95.73343072
adm4,MMR008007010,Myit Kyoe,17.49076832,95.7542327
adm4,MMR008007011,Let Pan Khon,17.51988744,95.77404042
adm4,MMR008007012,Kone Mee Nin,17.53101641,95.80084233
adm4,MMR008007013,Nga Hpyu Ka Lay,17.56244927,95.81236549
adm4,MMR008007014,Kywe Chan Inn,17.57602985,95.78625748
adm4,MMR008007015,Yae Twin Kone,17.6031761,95.78375315
adm4,MMR008007016,Ywar Ma,17.61621158,95.7729645
adm4,MMR008007017,Nyaung Kauk Kway,17.60207097,95.75111558
adm4,MMR008007018,Nyaung Waing,17.64107513,95.76619829
adm4,MMR008007019,Auk Let Pan Khon,17.63089033,95.73739206
adm4,MMR008007020,Kan Ka Lay,17.6870315,95.74363743
adm4,MMR008007021,Thin Taw Yoe,17.69736355,95.78523165
adm4,MMR008007022,Kywe That,17.71965249,95.80902155
adm4,MMR008007023,Inn Ywar,17.71138613,95.74108779
adm4,MMR008007024,Kyun Kone,17.74040817,95.77035613
adm4,MMR008007025,Thea Hpyu,17.73386771,95.8008855
adm4,MMR008007026,Chaung Thone Gwa,17.75158549,95.79447573
adm4,MMR008007027,Thone Daunt Kan,17.76007318,95.81663908
adm4,MMR008007028,Tha Pyay Kone,17.74254975,95.82996902
adm4,MMR008007029,Kyauk Twin,17.74941927,95.86532368
adm4,MMR008007030,Hpar Shwe Kyaw,17.71130732,95.86170503
adm4,MMR008007031,Sin Sa Khan Gyi,17.69217459,95.8769434
adm4,MMR008007032,Hle Lan Ku,17.67548429,95.90242516
adm4,MMR008007033,Sa Khan Gyi,17.65467262,95.85271251
adm4,MMR008007034,Kyaung Hnyar Kone,17.67473599,95.84696456
adm4,MMR008007035,Zein Zar,17.66211243,95.81224334
adm4,MMR008007036,Gon Min Myaung,17.67687357,95.78956141
adm4,MMR008007037,Myauk Pan Swea,17.6440588,95.83187251
adm4,MMR008007038,Taung Pan Swea,17.61323953,95.82038151
adm4,MMR008007039,Let Pan Tone,17.627234,95.86497685
adm4,MMR008007040,Si Pin,17.65047455,95.87833632
adm4,MMR008007041,Chan Thar Kone,17.62560654,95.88168353
adm4,MMR008007042,Kyoet Kone,17.59751542,95.85779061
adm4,MMR008007043,Thit Yar Kone,17.59924507,95.8298803
adm4,MMR008007044,Ma Gyi Kwin,17.59043957,95.80690594
adm4,MMR008007045,Taung Boet Shey,17.57864648,95.84203462
adm4,MMR008007046,Chi Gyi Kwin,17.59080978,95.88455838
adm4,MMR008007047,San Yway,17.59846696,95.71166692
adm4,MMR008007048,Thar Yar Aye,17.70059331,95.8229354
adm4,MMR008007701,Urban,17.6565207,95.78628137
adm4,MMR008007702,Urban,17.63314732,95.78966608
adm4,MMR008007901,,17.79512623,95.98658472
adm4,MMR008007902,,17.66182637,95.93859197
adm4,MMR008008001,Kaing Taw Su,17.81002172,95.77876838
adm4,MMR008008002,Sin Ta Lin,17.85082046,95.79597637
adm4,MMR008008003,Yae Ngan,17.87415827,95.84666116
adm4,MMR008008004,Thit Yaung Pyin,17.81364989,95.80025894
adm4,MMR008008005,Myay See,17.79891609,95.80629406
adm4,MMR008008006,War Yon Pin Zin,17.82801417,95.85902186
adm4,MMR008008007,Hmaw Inn,17.79890367,95.85666482
adm4,MMR008008008,Pu Tein Su,17.77938818,95.84883857
adm4,MMR008008009,Moe Aing,17.77482907,95.75923605
adm4,MMR008008010,Kyun Ka Lay,17.79582966,95.7867439
adm4,MMR008008011,Chan Thar Kone,17.76082451,95.76550846
adm4,MMR008008012,Kyoet Pin Sa Khan,17.77311566,95.79434328
adm4,MMR008008013,Kun Chan,17.80244723,95.75787846
adm4,MMR008008014,Gway Tauk Kwin,17.82351727,95.75968199
adm4,MMR008008015,Ma Gyi Kwin,17.85127996,95.77190945
adm4,MMR008008016,Thaik War Chaung,17.84012262,95.74935995
adm4,MMR008008017,Na Be Kwin,17.79380076,95.72347389
adm4,MMR008008018,Sin Ku Wet Hla,17.82520995,95.73682498
adm4,MMR008008019,Yae Kan,17.83300034,95.71116443
adm4,MMR008008020,Pyin Htaung Twin,17.83471692,95.68224641
adm4,MMR008008021,Gon Min Kwin,17.85392799,95.68652323
adm4,MMR008008022,Nat Sin Kone,17.76626197,95.73747854
adm4,MMR008008023,Tar Sone,17.74298389,95.74339622
adm4,MMR008008024,Sin Ku Ywar Thit,17.74396609,95.71834273
adm4,MMR008008025,Nyaung Waing,17.79242669,95.69023621
adm4,MMR008008026,Oke Twin,17.80865615,95.6820314
adm4,MMR008008027,Kha Mon Seik,17.79983184,95.62632933
adm4,MMR008008028,Gon Hnyin Tan,17.76308881,95.63135928
adm4,MMR008008029,Taw Lat Tha,17.73215244,95.61375354
adm4,MMR008008030,Myin Ka Wa,17.85136034,95.62002512
adm4,MMR008008031,Aung Lan Kone,17.88458011,95.5891348
adm4,MMR008008032,Nat Hpan Kwin,17.86768302,95.5715478
adm4,MMR008008033,Sin Ma Ni,17.81510139,95.55904555
adm4,MMR008008034,Thi Dar Kone,17.75551213,95.56625531
adm4,MMR008008035,Ka Nyin To,17.76467176,95.53405962
adm4,MMR008008036,Thar Ra Waw,17.69581257,95.47250913
adm4,MMR008008037,Sein Tone,17.6756706,95.49956116
adm4,MMR008008038,Aing Ta Loke,17.73781612,95.45263878
adm4,MMR008008039,Zee Hpyu Kone,17.72537725,95.49697734
adm4,MMR008008040,Pauk Taw Su,17.74087578,95.52030057
adm4,MMR008008041,Lu Lin Kyaw,17.76675307,95.48995527
adm4,MMR008008042,Kun Thee Ta Pin,17.78684576,95.51838978
adm4,MMR008008043,Pyin Ka Doe Kone,17.82821146,95.4907339
adm4,MMR008008044,Taw Ka Lat,17.65996917,95.55977029
adm4,MMR008008045,Shan Su,17.6468536,95.57712819
adm4,MMR008008046,Yae Hlyan,17.66612373,95.53021966
adm4,MMR008008047,Yun Thwei,17.62272248,95.58988634
adm4,MMR008008048,Yae Kyi,17.67486744,95.59898512
adm4,MMR008008049,Baw Di Pin,17.68301692,95.57562669
adm4,MMR008008701,Urban,17.78397787,95.74829295
adm4,MMR008008901,,17.94961345,95.98279339
adm4,MMR008009001,Let Set,18.00628044,95.75427575
adm4,MMR008009002,Tha Yaw (G),18.01586984,95.73109886
adm4,MMR008009003,Pan Taw,18.00471003,95.70891475
adm4,MMR008009004,Let Pan Yae Kyaw,18.02694765,95.62055504
adm4,MMR008009005,Tha Yaw (M),17.99407949,95.71879271
adm4,MMR008009006,Hle Pyin Tin,18.02399803,95.78012344
adm4,MMR008009007,Htauk Kyant Kwin (M),17.97607383,95.7240134
adm4,MMR008009008,Nyaung Win,18.01939749,95.69540079
adm4,MMR008009009,Tha Yet Ta Pin,17.99138684,95.76030409
adm4,MMR008009010,Kywe Ta Lin,18.03115302,95.65970721
adm4,MMR008009011,San Taung Kwayt,17.88549595,95.77334456
adm4,MMR008009012,But Sein Bu,17.97014566,95.77857902
adm4,MMR008009013,Khwet Ma,17.91997787,95.82866615
adm4,MMR008009014,Kaing Pyin Gyi,17.95103455,95.73416699
adm4,MMR008009015,San Boke,17.9306253,95.86473829
adm4,MMR008009016,Wet Hla Gyi,17.86927482,95.76047281
adm4,MMR008009017,U To Ka Nyin Pin,17.90930438,95.76629816
adm4,MMR008009018,Si Kone,17.88005433,95.79064264
adm4,MMR008009019,Thin Aing,17.93494424,95.73582255
adm4,MMR008009020,Yway Kone,17.98409932,95.81587254
adm4,MMR008009021,Za Yit Chaung,17.96842194,95.72133542
adm4,MMR008009022,In Gyin Kone,17.93533668,95.76178668
adm4,MMR008009023,Pet Tan,17.954638,95.78229565
adm4,MMR008009024,Htauk Kyant,17.94119182,95.79737675
adm4,MMR008009025,Nyaung Thone Pin,17.96873659,95.75409426
adm4,MMR008009026,Sar Ni Su,17.90912414,95.733695
adm4,MMR008009027,Oe Kwe,17.92330165,95.73736185
adm4,MMR008009028,Kyaung Ywar,17.96774957,95.84779899
adm4,MMR008009029,Gant Gaw Pin,17.90799623,95.79504429
adm4,MMR008009031,Pauk Kone,17.93572913,95.65040743
adm4,MMR008009032,Shar Taw Kwin,17.92444629,95.66326299
adm4,MMR008009033,Byet Gyi,17.91855959,95.64524694
adm4,MMR008009034,Thar Yar Kone,17.88969061,95.6764042
adm4,MMR008009035,Ta Nar Po,17.87398418,95.6882884
adm4,MMR008009036,Kan Thar Yar,17.87201104,95.65777589
adm4,MMR008009037,Kyoet Kone (2),17.87280684,95.71759987
adm4,MMR008009038,Wet Hla Ka Lay,17.86024047,95.73491153
adm4,MMR008009039,Thin Taw Kan,17.88706577,95.70887418
adm4,MMR008009040,Shan Kone,17.90612521,95.70558502
adm4,MMR008009041,Pay Pin Tan,17.90286172,95.66863863
adm4,MMR008009042,Nyaung Kone,17.92333435,95.68513508
adm4,MMR008009043,Oke Twin,17.89360651,95.75056912
adm4,MMR008009044,Thea Kaw,17.9516585,95.64803063
adm4,MMR008009045,Shwe Laung,17.9137023,95.56952542
adm4,MMR008009046,Kyoet Kone (1),17.96241551,95.69636318
adm4,MMR008009047,Hle Ku,17.99188246,95.68560154
adm4,MMR008009048,Di Hlaing,17.9099073,95.61238496
adm4,MMR008009049,Sein Bu,17.97913341,95.68967119
adm4,MMR008009050,Htan Pin Kone,17.99240749,95.57987614
adm4,MMR008009051,Sin Te Kone,17.99784918,95.62562486
adm4,MMR008009052,Thin Taw Yoe,17.93533668,95.6919358
adm4,MMR008009053,Ah Lel Kone,17.99547213,95.65981702
adm4,MMR008009054,Inn Boke Kone,17.97400759,95.63051935
adm4,MMR008009055,Ohn Pin Pauk,17.96058162,95.67788241
adm4,MMR008009701,Urban,17.97421,95.70765123
adm4,MMR008009702,Urban,17.89508686,95.72255047
adm4,MMR008009901,,18.05458617,95.86725933
adm4,MMR008010001,Na Nwin Kone,18.15987708,95.66259115
adm4,MMR008010002,Nga Shint Yoe,18.14038886,95.63733875
adm4,MMR008010003,Tha Yet Kone,18.12324644,95.65919237
adm4,MMR008010004,Ma Taunt Ta,18.11353112,95.64702608
adm4,MMR008010005,Taung Kone,18.1202104,95.61984058
adm4,MMR008010006,Kyat Chaung,18.12777275,95.60806888
adm4,MMR008010007,Htu Kone,18.09121342,95.65062477
adm4,MMR008010008,Ba Lar,18.06345008,95.63246353
adm4,MMR008010009,Tet Swea,18.10279793,95.57788356
adm4,MMR008010010,Hmet Ka Tan,18.05787715,95.58929308
adm4,MMR008010011,Oke Twin Kone,18.09640785,95.6205326
adm4,MMR008010013,Oke Shit Kone,18.11037364,95.69142177
adm4,MMR008010014,Aye Mya Thar Yar,18.09944389,95.73601411
adm4,MMR008010015,Ma Gyi Pin,18.09830889,95.66918567
adm4,MMR008010016,Tei Pin Kyaw,18.07737689,95.81076557
adm4,MMR008010017,Tei Pin Yoe,18.08961287,95.68035172
adm4,MMR008010018,Htauk Kyant Kwin,18.06531881,95.74232869
adm4,MMR008010019,Tin Koke Gyi,18.04990242,95.66632052
adm4,MMR008010020,Lay Te,18.06507593,95.67713547
adm4,MMR008010021,Shan Ywar,18.04018325,95.71420106
adm4,MMR008010022,Gon Hnyin Tan,18.04116304,95.74474237
adm4,MMR008010023,Ka Mun Chon,18.06507593,95.65407595
adm4,MMR008010024,Tha Yet Pin Seik,18.11681004,95.71434383
adm4,MMR008010025,Kyun Kauk Pin,18.06472341,95.70574985
adm4,MMR008010026,Shar Taw Kwin,18.09045722,95.69975943
adm4,MMR008010027,Sin Gaung,18.15142089,95.69557888
adm4,MMR008010028,Kyun Kone,18.15785729,95.68266587
adm4,MMR008010029,Thin Pan Kone,18.17473767,95.68129622
adm4,MMR008010030,Hlwa Zin,18.15725009,95.72510479
adm4,MMR008010031,Bu Ta Let Tan,18.16793694,95.72531607
adm4,MMR008010032,Tin Seik,18.17738289,95.71027525
adm4,MMR008010033,Daung Sa Par,18.19557634,95.73748543
adm4,MMR008010034,Let Pa Taw,18.26812647,95.78464326
adm4,MMR008010035,Waing,18.27862415,95.83389728
adm4,MMR008010036,Hpa Lan Pin,18.23455828,95.75716068
adm4,MMR008010037,Auk Kaing,18.21125021,95.78001158
adm4,MMR008010038,Kyoet Koe Pin,18.24026519,95.82928791
adm4,MMR008010039,Kaing Gyi,18.20419563,95.8154451
adm4,MMR008010040,Tha Hpan Pin Seik,18.15384972,95.74733078
adm4,MMR008010041,Myaung,18.15870367,95.79079814
adm4,MMR008010042,Hnaw Kone,18.17808895,95.78507214
adm4,MMR008010043,Tein Myoke,18.12906989,95.78868221
adm4,MMR008010044,Ah Lel Kone,18.1389134,95.76510197
adm4,MMR008010045,Htan Pin Kone,18.15156905,95.8589621
adm4,MMR008010046,Win Tha Yet,18.18023547,95.8557906
adm4,MMR008010047,Kan Thar Yar,18.06845381,95.77994896
adm4,MMR008010048,Tha Yet Hnit Hpyar Lein,18.17875883,95.82252334
adm4,MMR008010049,Shan Kone,18.09809837,95.77958956
adm4,MMR008010050,Thea Kaw,18.15907171,95.76579885
adm4,MMR008010051,Pan Tin,18.12919025,95.69780573
adm4,MMR008010052,Chaung Gaung,18.10858125,95.87630695
adm4,MMR008010053,Leik U Kone,18.13709078,95.72644033
adm4,MMR008010054,Chaung Gwa (G),18.12840359,95.75877751
adm4,MMR008010701,Urban,18.12798267,95.67772648
adm4,MMR008010702,Urban,18.04608387,95.69384878
adm4,MMR008010901,,18.20376227,95.75704226
adm4,MMR008010902,,18.24423126,95.80160059
adm4,MMR008010903,,18.2143699,95.95099498
adm4,MMR008010904,,18.15336062,95.82229282
adm4,MMR008010905,,18.1189549,95.82958993
adm4,MMR008011001,Tei Pin Kan,18.28924545,95.53758294
adm4,MMR008011002,Lay Myet Hnar,18.27418279,95.53975143
adm4,MMR008011003,Za Yat Hla,18.27720312,95.55936903
adm4,MMR008011004,Chaung Kan,18.29514151,95.61995409
adm4,MMR008011005,Thit Na Hpar,18.29621297,95.57239026
adm4,MMR008011006,Taung Poet Thar Yar,18.31155525,95.6004607
adm4,MMR008011007,Thar Paung,18.33235963,95.6038003
adm4,MMR008011008,Nwar Te Kone,18.33571254,95.58457009
adm4,MMR008011009,Wet Sa Poe,18.36072206,95.59698811
adm4,MMR008011010,Chaung Sauk,18.38430979,95.61591806
adm4,MMR008011011,Ku Hpyu,18.36187123,95.63426946
adm4,MMR008011012,Lel Ma,18.35986946,95.6162417
adm4,MMR008011013,Hpa Yar Gyi Kone,18.38600034,95.68076897
adm4,MMR008011014,Thin Kan,18.39439991,95.70615987
adm4,MMR008011015,Ywar Waing Gyi,18.39610512,95.74007455
adm4,MMR008011016,Baw Bin,18.37283015,95.77706085
adm4,MMR008011017,Mee Kauk Pin,18.35608309,95.749886
adm4,MMR008011018,Seik Hpu Kyin,18.36583769,95.70669262
adm4,MMR008011019,Kan Ka Lay,18.35390124,95.6730489
adm4,MMR008011020,Shwe Kyoet Pin,18.36725869,95.66034043
adm4,MMR008011021,Maw Ya,18.3460857,95.64624327
adm4,MMR008011022,Tha Yet Ta Pin,18.3229233,95.63909035
adm4,MMR008011023,Kan Ta Li,18.30587123,95.61454282
adm4,MMR008011024,Tha Pyay Sein,18.31894448,95.68387563
adm4,MMR008011025,Ma Yin,18.30766772,95.64868239
adm4,MMR008011026,Hpa Yar Pyo,18.32536922,95.71353883
adm4,MMR008011027,Sa Bai Hmyaung,18.27574589,95.51204503
adm4,MMR008011028,Ka Zin Gyi,18.29314682,95.59309062
adm4,MMR008011029,Be Inn,18.3232075,95.66087776
adm4,MMR008011701,Urban,18.33604483,95.62257559
adm4,MMR008011901,,18.40617224,95.78159137
adm4,MMR008012001,Hlay Kyat Kone,18.41518755,95.36373414
adm4,MMR008012002,Pwe Thar,18.38485219,95.37623465
adm4,MMR008012003,Chin Kone Kan,18.36634097,95.36135798
adm4,MMR008012004,Kywe Thay,18.35373249,95.38636652
adm4,MMR008012005,Mon Ywar Gyi,18.39093782,95.40892436
adm4,MMR008012006,Chin Yoke Kwin,18.39504205,95.3974717
adm4,MMR008012007,Pauk Kone,18.42458609,95.39967226
adm4,MMR008012008,Chaung Gwa,18.42230693,95.41968901
adm4,MMR008012009,Hteik Peik,18.41429843,95.43662756
adm4,MMR008012010,Thar Yar Kone,18.39462155,95.42009308
adm4,MMR008012011,Ma Gyi Su,18.3885636,95.43167679
adm4,MMR008012012,Chaung Thone Gwa,18.34661699,95.40892685
adm4,MMR008012013,Kyan Taw,18.35528416,95.43396215
adm4,MMR008012015,Zee Pin Kwayt,18.35780649,95.4483364
adm4,MMR008012016,Shwe Kyar Pin,18.39641231,95.45289611
adm4,MMR008012017,Hla Pa Chin,18.41501344,95.46492677
adm4,MMR008012018,Oke Twin Kone,18.42073623,95.49902768
adm4,MMR008012019,Ku Lar Tet Twin,18.39168758,95.48112613
adm4,MMR008012020,Tha Khut Tan,18.37237876,95.46957288
adm4,MMR008012021,Nwe Khway,18.36319529,95.49204162
adm4,MMR008012022,Kone Thar,18.33977482,95.4648937
adm4,MMR008012023,Yae Kyi,18.3235472,95.43329936
adm4,MMR008012024,Hpa Lan Kone,18.30572347,95.44402779
adm4,MMR008012025,Yae Hmway,18.2853678,95.44354273
adm4,MMR008012026,Taung Yar Taw,18.2658422,95.4798327
adm4,MMR008012027,Ka Tet Kone,18.28753825,95.49175583
adm4,MMR008012028,Pyin Ma Kone,18.31318454,95.47151187
adm4,MMR008012029,Gyoe Gyar Kan,18.32517259,95.51211428
adm4,MMR008012030,Oke Hpo Su,18.3056416,95.50883279
adm4,MMR008012031,Dhamma Kya,18.30902717,95.54722072
adm4,MMR008012032,Pan Tin Gyi,18.33205745,95.56074598
adm4,MMR008012033,Gyeik Taw Gyi,18.35693704,95.55733161
adm4,MMR008012034,Shar Hpyu Kone,18.35167594,95.53627409
adm4,MMR008012035,Ka Nyin Kan,18.35114726,95.5236176
adm4,MMR008012036,Mei Za Li Tan,18.34233238,95.49769053
adm4,MMR008012037,Put Su,18.35365862,95.50837546
adm4,MMR008012038,Le Taw,18.37172353,95.51987878
adm4,MMR008012039,Gyin Yar Kone,18.37591086,95.49961437
adm4,MMR008012040,Tha Yet Ta Pin,18.39592611,95.51695835
adm4,MMR008012041,Myo Chan,18.4144657,95.52238971
adm4,MMR008012042,Kan Thar,18.43666988,95.52891609
adm4,MMR008012043,Ah Nauk Su,18.4139091,95.54769709
adm4,MMR008012044,Htein Thay,18.38862643,95.53032653
adm4,MMR008012045,Myo Soe,18.38862643,95.5518405
adm4,MMR008012046,Ta Khun Taing,18.4158544,95.5740814
adm4,MMR008012047,Ywar Thar Kone,18.40793525,95.5870394
adm4,MMR008012048,Kya Khat War Yon,18.38177459,95.59671449
adm4,MMR008012049,Thet Nge Pyin,18.39412081,95.58725087
adm4,MMR008012050,Pa Dat Kone,18.40207458,95.63064652
adm4,MMR008012051,Pauk Tone,18.42248228,95.62526458
adm4,MMR008012052,Let Khoke Pin,18.42040689,95.60535501
adm4,MMR008012053,Thea Chaung,18.45754167,95.59943663
adm4,MMR008012054,Kyun Ka Lay,18.44335615,95.57175835
adm4,MMR008012055,But Taw,18.45024663,95.55693732
adm4,MMR008012056,Oke Tan,18.46655553,95.58080277
adm4,MMR008012057,Pe Ma Khan,18.46481518,95.6287744
adm4,MMR008012058,Kyoet Pin Thar,18.44011663,95.63616457
adm4,MMR008012059,San Ka Lay,18.40997602,95.64211931
adm4,MMR008012060,Dhamma Nge,18.43171904,95.65400178
adm4,MMR008012061,San Chaung,18.4072424,95.65763709
adm4,MMR008012062,Tin Pyin Khway,18.39890998,95.67582201
adm4,MMR008012063,Saung Hwet,18.41589157,95.72623231
adm4,MMR008012064,Let Pan Pin Su,18.42143573,95.69106816
adm4,MMR008012065,Si Son Kone,18.46707272,95.71272501
adm4,MMR008012066,Hpa Lan Pin,18.4617726,95.66531969
adm4,MMR008012067,Thar Si,18.46570475,95.6529678
adm4,MMR008012068,Chaung Kan Gyi,18.4883102,95.66161678
adm4,MMR008012069,Lel Thar,18.51244457,95.67634669
adm4,MMR008012070,Kyauk Khwet,18.5010781,95.69711698
adm4,MMR008012071,Lel Ma Inn,18.50802535,95.71915649
adm4,MMR008012072,Pyin Pon,18.53503567,95.70204497
adm4,MMR008012073,Aung Ya Ta Nar,18.56168184,95.73540432
adm4,MMR008012074,Aung Thar Yar,18.56666341,95.80208664
adm4,MMR008012075,Aung Myanmar (2),18.60902614,95.78533362
adm4,MMR008012076,Aung Zay Yar,18.59222655,95.7348941
adm4,MMR008012078,Aung Myanmar (1),18.63289232,95.80449
adm4,MMR008012701,Urban,18.43041068,95.54796497
adm4,MMR008012702,Urban,18.35915943,95.46063383
adm4,MMR008012901,,18.45183,95.68323415
adm4,MMR008012902,,18.60761441,95.89239217
adm4,MMR008012903,,18.56771835,95.69857236
adm4,MMR008013001,Zee Pin,18.10257607,95.49607922
adm4,MMR008013002,Tet Swea,18.09119882,95.53958896
adm4,MMR008013003,Htan Pin Kone,18.12656159,95.51542313
adm4,MMR008013004,Thar Yar Kone,18.03857407,95.53625921
adm4,MMR008013005,Kyun Nyo,18.0948543,95.44165919
adm4,MMR008013006,Nyaung Waing,18.00988256,95.50897659
adm4,MMR008013007,Ngar Kei,18.12946744,95.46655713
adm4,MMR008013008,Wea Gyi,18.03910837,95.47989644
adm4,MMR008013009,Sa Bai Hmyaung,18.06893208,95.47354399
adm4,MMR008013010,Htein Taw,17.87329036,95.53447238
adm4,MMR008013011,Ma Tawt Kone,17.88864909,95.55043394
adm4,MMR008013012,Zin Chaung,17.85973305,95.50454608
adm4,MMR008013013,Kyoet Pin Thar,17.91359249,95.5303949
adm4,MMR008013014,Shwe Khe,17.94354242,95.55140065
adm4,MMR008013015,Pauk Kone,17.96288303,95.5020259
adm4,MMR008013016,Hpa Yar Ngu,17.97443134,95.57532515
adm4,MMR008013017,Inn Taw Ta Loke,17.92810511,95.49448971
adm4,MMR008013018,Yae Kin,18.12237788,95.42934309
adm4,MMR008013019,Son Kone,18.15782513,95.42554537
adm4,MMR008013020,Oe Bo Kyun,18.18948789,95.42130516
adm4,MMR008013021,Myit Thar,18.22408476,95.43743282
adm4,MMR008013022,Pat Taw,18.20634428,95.4588539
adm4,MMR008013023,Kayin Chaung,18.17065078,95.47946754
adm4,MMR008013024,Myauk Loke Kone,18.17605945,95.50332358
adm4,MMR008013025,Ywar Thar Yar,18.16281752,95.52513115
adm4,MMR008013026,Kyauk Wa,18.2386001,95.44553017
adm4,MMR008013027,Sin Ma Naing,18.30740175,95.33982659
adm4,MMR008013028,Let Pan Khon,18.34490923,95.28514574
adm4,MMR008013029,Sin Gaung,18.31742929,95.37391981
adm4,MMR008013030,Hin Thar Chaung,18.26848685,95.36924175
adm4,MMR008013031,Shar Taw Kyun,18.2915067,95.37261162
adm4,MMR008013032,Nyaung Lay Pin,18.24562621,95.41751824
adm4,MMR008013033,Yae Lel Thaung,18.3235834,95.30204089
adm4,MMR008013034,Myay Zar,18.24512151,95.38125152
adm4,MMR008013035,Hpan Khar Pin,18.34083755,95.33662095
adm4,MMR008013036,Hpa Lan Chaung,18.28068935,95.40926737
adm4,MMR008013037,Min Du,18.31601586,95.41009174
adm4,MMR008013701,Urban,18.02797365,95.5129946
adm4,MMR008014001,Min Oh,18.2566196,95.47998093
adm4,MMR008014002,Nyaung Pin Myin See,18.24999321,95.52260297
adm4,MMR008014003,Hpa Yar Gyi Kone,18.26172418,95.5710742
adm4,MMR008014004,Zin Pyun Kone,18.27011666,95.59254302
adm4,MMR008014005,Tha Yet Kone,18.2406326,95.58475321
adm4,MMR008014006,Zay Di Kone,18.22530254,95.54277233
adm4,MMR008014007,Kyauk Wa,18.21151595,95.51902698
adm4,MMR008014008,Chaung Nar Su,18.213821,95.56538776
adm4,MMR008014009,Oe Bo Kone,18.20339352,95.58709444
adm4,MMR008014010,Ohn Hne Kyaw Tan,18.18025608,95.59035505
adm4,MMR008014011,Shar Pin Ta,18.17537398,95.55774525
adm4,MMR008014012,Sit Kone (1),18.26744957,95.66956558
adm4,MMR008014013,Pyin Taung Kwin,18.15840083,95.58696606
adm4,MMR008014014,Sin Nin Pin,18.14225743,95.60825663
adm4,MMR008014015,Lein Pin Kwin,18.16664939,95.63879826
adm4,MMR008014016,Gon Ma Kwin,18.17710654,95.65128932
adm4,MMR008014017,Oke Kan,18.2131604,95.64302132
adm4,MMR008014018,Kyun Kone Gyi,18.21108067,95.62088968
adm4,MMR008014019,Saing Gaung,18.23671799,95.62895832
adm4,MMR008014020,Bu Gyi,18.2284057,95.60578697
adm4,MMR008014021,Tu Myaung,18.24974804,95.61150902
adm4,MMR008014022,Let Pan Pin Su,18.26519826,95.63263802
adm4,MMR008014023,Aung Pin Thar,18.27994601,95.62463892
adm4,MMR008014024,Ma Yin Chaung Gwa,18.3036996,95.67575321
adm4,MMR008014025,Kywe Thay,18.3178075,95.73712771
adm4,MMR008014026,Kya Khat Tan,18.29093968,95.70606821
adm4,MMR008014027,Kyoet Pin Sa Khan,18.25363227,95.70328464
adm4,MMR008014028,Sit Kone (2),18.12329402,95.55929236
adm4,MMR008014029,Thet Yin Kone,18.28784937,95.67786707
adm4,MMR008014030,Kyoet Kone,18.28794492,95.65012466
adm4,MMR008014031,Hpone Soe Su,18.25942411,95.64840744
adm4,MMR008014032,Kyun Kone,18.25129826,95.67210703
adm4,MMR008014033,Bwet Yoe,18.23271669,95.67287078
adm4,MMR008014034,Ohn Taw,18.21378935,95.65978737
adm4,MMR008014035,Htu Kan,18.19291694,95.6612834
adm4,MMR008014036,Kan Gyi,18.19294446,95.67773502
adm4,MMR008014037,Kaing Yar Shey,18.19602673,95.70761697
adm4,MMR008014038,Hlay Tone,18.21047339,95.70555478
adm4,MMR008014039,Oke Twin Kone,18.21749019,95.68186596
adm4,MMR008014040,Tha Pyay Yon,18.23723431,95.68479384
adm4,MMR008014041,Hnget Gyi Thaik,18.23652005,95.71417596
adm4,MMR008014042,Kyun Net Kone,18.25011257,95.73820005
adm4,MMR008014043,Hman Pin Htu,18.27768614,95.73502262
adm4,MMR008014044,Myo Twin,18.28533127,95.75709802
adm4,MMR008014045,Myo Kaing,18.31316738,95.756979
adm4,MMR008014046,Yone Chaung,18.34310432,95.78138307
adm4,MMR008014047,U Yin Gyi,18.31375547,95.78293975
adm4,MMR008014048,Kan U,18.3013046,95.76842121
adm4,MMR008014049,Kone Ywar,18.29180022,95.79166743
adm4,MMR008014701,Urban,18.23106432,95.65401462
adm4,MMR008014901,,18.35044623,95.89456889
adm4,MMR009001001,Aing Gyi Kone,20.15645483,95.16523162
adm4,MMR009001002,Ah Lel Bo,19.89093371,95.31122796
adm4,MMR009001003,Thit Yar Kauk,19.96784363,95.2824434
adm4,MMR009001004,Da Hat Kan,20.1801746,94.97166827
adm4,MMR009001005,Gyoke Kone,20.30134251,95.08463154
adm4,MMR009001006,In Taing Gyi,20.30367589,95.02347173
adm4,MMR009001007,Kan Pyar,20.20309944,95.01689946
adm4,MMR009001008,Kan Taw,19.87149859,95.19514817
adm4,MMR009001009,Kan Thar Gyi,20.25733855,95.01111224
adm4,MMR009001010,Kayin,20.25747068,94.94223982
adm4,MMR009001011,Kun Ohn,19.92531892,95.16995688
adm4,MMR009001012,Kyit Son Pway,20.18069959,95.10956611
adm4,MMR009001013,Kyun Pyat,20.05977542,95.01953742
adm4,MMR009001014,Let Pu To,20.10471707,95.18762598
adm4,MMR009001015,Lat Pa Taw,19.97658528,95.35170152
adm4,MMR009001016,Lint Myint,20.29385778,95.14948207
adm4,MMR009001017,Ma Gyi Chay Htauk,20.28640856,94.95352832
adm4,MMR009001018,Lel Yar,20.04195471,95.22714105
adm4,MMR009001019,Mi Kyaung Ye,19.89294832,95.12290822
adm4,MMR009001020,Mei Hla Taung,20.10677923,94.97290268
adm4,MMR009001021,Ma Gyi Kan,20.13570819,94.98459527
adm4,MMR009001022,Tha Pyay San,20.13344992,95.03242128
adm4,MMR009001023,Myay Nu,20.02868965,95.00134728
adm4,MMR009001024,Myin Kun,20.01060076,95.02710388
adm4,MMR009001025,Myin Saing,20.01480073,95.24887151
adm4,MMR009001026,Nan Kat Kyun,20.15945912,94.90713344
adm4,MMR009001027,Nat Kan,20.20930374,94.98412654
adm4,MMR009001028,Ngar Saung,19.91875406,95.292819
adm4,MMR009001029,Nyaung Pin,20.22408791,95.08299929
adm4,MMR009001030,Nyaung Kan,20.23303736,95.15098569
adm4,MMR009001031,Nyaung Kyat San,19.97797647,95.21892167
adm4,MMR009001032,Ohn Twe,20.0923252,95.14917046
adm4,MMR009001033,Pat Hta Na Go,19.92832236,95.07236729
adm4,MMR009001034,Pu Htoe,20.06475087,94.99361574
adm4,MMR009001035,Hpa Yar Pyo,20.17492463,95.0386617
adm4,MMR009001036,Hpa Yar Kone,19.95899193,95.08610097
adm4,MMR009001037,Pay Pin San,19.98873787,95.16999607
adm4,MMR009001038,Hpoke Kone,20.11191477,95.05429505
adm4,MMR009001039,Hpoe Lay Lone,20.2056927,95.17520467
adm4,MMR009001040,Sar Taing Kan,20.1658247,94.98470553
adm4,MMR009001041,San Ma Gyi,19.82736851,95.2676236
adm4,MMR009001042,Shar Pin Hla,20.10825009,95.10106602
adm4,MMR009001043,Shar Saung Kan,20.02775064,95.08933511
adm4,MMR009001044,Su Pyit San,19.9236578,95.23036561
adm4,MMR009001045,Su Kauk San,20.14412485,95.10461486
adm4,MMR009001046,Ta Pauk Taw,20.2021541,94.93129871
adm4,MMR009001047,Tat Kone,20.06817537,95.05549995
adm4,MMR009001048,Taung Khwin,19.87031204,95.15131952
adm4,MMR009001049,Min,19.81684769,95.20216869
adm4,MMR009001050,Tei Pin Kan Pauk,20.26015288,95.04712383
adm4,MMR009001051,Tha Man Taw,20.23185406,94.93923562
adm4,MMR009001052,Tha Yet Lay Pin,20.07202534,95.10706229
adm4,MMR009001053,Myit Nar Thar Si,19.9906509,95.08917404
adm4,MMR009001054,Yin Nar Gway Chaung,20.07033469,95.19177919
adm4,MMR009001055,Yin Nar Thar Si (East),19.99623296,95.30366362
adm4,MMR009001056,Ywar Haung Kan,20.24980725,94.98079036
adm4,MMR009001057,Ywar Thar,19.9287131,95.37555709
adm4,MMR009001058,Zee Kyun,20.09635017,95.01886732
adm4,MMR009001059,Thet Yin Taw,20.34185093,95.13565234
adm4,MMR009001060,Kyar Kan,20.28053196,95.23922274
adm4,MMR009001061,Gyoe Gyar Kan,20.25443076,95.19699675
adm4,MMR009001701,Urban,20.14491599,94.93627252
adm4,MMR009002001,Thone Se Chauk,20.52787209,94.92751635
adm4,MMR009002002,Hpaung Ka Taw,20.48224845,94.87180847
adm4,MMR009002003,Bu Kyun,20.44436251,94.86198425
adm4,MMR009002004,Kyan Kaing Kyun,20.4706945,94.83346303
adm4,MMR009002005,Man Myay,20.49442129,94.8128134
adm4,MMR009002006,Pin Wa,20.51715099,94.8730314
adm4,MMR009002007,Ah Shey Kone,20.57485454,95.09657754
adm4,MMR009002008,Kamma,20.57536729,94.96838837
adm4,MMR009002009,Hpoe Koe,20.57587737,95.00705369
adm4,MMR009002010,Sein Pan Pin,20.60640265,94.99173437
adm4,MMR009002011,Shwe Toke Kan,20.53214224,94.98072748
adm4,MMR009002012,Ma Gyi Kan,20.48517063,95.07766863
adm4,MMR009002013,Koke Ko Gwa,20.51288566,95.0106095
adm4,MMR009002014,Oke Shit Kone,20.46983543,94.94388179
adm4,MMR009002015,Sa Khan Kan,20.53215801,95.10138713
adm4,MMR009002016,Lay Taing Sin,20.45339707,95.14546501
adm4,MMR009002017,Hpaung Kwe,20.44575858,95.02895248
adm4,MMR009002018,Chaing,20.443976,95.09981128
adm4,MMR009002019,In Taw,20.52884363,95.15697402
adm4,MMR009002020,Yone Kone,20.41244336,95.02401853
adm4,MMR009002021,Nyaung Pin Aint,20.37344879,95.0887467
adm4,MMR009002022,Na Gar,20.38946747,95.1580165
adm4,MMR009002023,Chaung Son,20.45818239,95.18249304
adm4,MMR009002024,Wet Lut,20.35848447,94.87257079
adm4,MMR009002025,Yone Seik Kyun,20.36719041,94.89743674
adm4,MMR009002026,Be Seik,20.37754082,94.94492804
adm4,MMR009002027,Wet Ma Sut,20.32453203,94.94305053
adm4,MMR009002028,Kan Gyi,20.38268938,95.01688686
adm4,MMR009002029,Sar Taing,20.41808079,94.92620296
adm4,MMR009002701,Urban,20.44671542,94.87978798
adm4,MMR009003001,Pa Day Thar,20.85790049,94.75892099
adm4,MMR009003002,Dat Myay Aw Zar,20.83821161,94.77004881
adm4,MMR009003003,Ma Gyi Kan,20.82918742,94.75256317
adm4,MMR009003004,Let Pan Kyun,20.82533335,94.72437446
adm4,MMR009003005,U Yin,20.78325792,94.73247664
adm4,MMR009003006,Nyee Su,20.80268096,94.75104111
adm4,MMR009003007,Ya Thit,20.80346977,94.78852699
adm4,MMR009003008,Yae Twin,20.85246632,94.80002137
adm4,MMR009003009,Chaung Tet,20.79871447,94.84258034
adm4,MMR009003010,Ma Gyi Kone,20.76205997,94.84363962
adm4,MMR009003011,Taung Thar,20.74004333,94.84343397
adm4,MMR009003012,Zaung Taw Kan,20.76631021,94.79236256
adm4,MMR009003013,Pa Khan Nge,20.73204704,94.76839789
adm4,MMR009003014,Sa Lin Taung,20.67783892,94.77437936
adm4,MMR009003015,Su Yit Kan,20.70544591,94.82113669
adm4,MMR009003016,Myay Pa Don,20.7109673,94.85588538
adm4,MMR009003017,Lay Pin Kone,20.6718374,94.83998707
adm4,MMR009003018,Nyaung Chaung,20.66991691,94.80139303
adm4,MMR009003019,Taung Ba Lu,20.63408101,94.81621017
adm4,MMR009003020,Kyauk Ye,20.58490352,94.8335419
adm4,MMR009003021,Sar Lel,20.55804861,94.86472596
adm4,MMR009003022,Myay Sun,20.58493541,94.90142829
adm4,MMR009003023,Kyaung Yar Taw,20.58145534,94.94166115
adm4,MMR009003024,Than Bo,20.62331731,94.93090081
adm4,MMR009003025,Gway Pin,20.82088123,94.91305344
adm4,MMR009003026,Swei Pauk Kan,20.68344923,94.99177525
adm4,MMR009003027,Wa Thea San,20.69020205,94.94889293
adm4,MMR009003028,Poke Pa Kan,20.64134969,94.88155119
adm4,MMR009003029,Ywar Ma,20.69634988,94.89850834
adm4,MMR009003030,Nyaung Zin,20.68116531,94.90509283
adm4,MMR009003031,Na Ywe Taw,20.72016005,94.90498524
adm4,MMR009003032,Se Kan,20.7198461,94.94447204
adm4,MMR009003033,Lin Ta Kaing,20.74224096,94.95495293
adm4,MMR009003034,Gway Pin Gyi,20.74663621,94.92231398
adm4,MMR009003035,Htein San,20.75469418,94.89558348
adm4,MMR009003036,Tha Lone Thway,20.78148485,94.91957094
adm4,MMR009003037,Twin Lat,20.79871861,94.90608995
adm4,MMR009003038,Kyoet Pin,20.65290042,94.96578633
adm4,MMR009003039,Htein Kan,20.82088123,94.86385572
adm4,MMR009003040,Byi Pin,20.83751924,94.88269548
adm4,MMR009003041,Thway Net,20.8570759,94.88860886
adm4,MMR009003042,Ohn Hmyar Gyi,20.89366779,94.85842733
adm4,MMR009003043,Kyauk Tan,20.85003299,94.97518276
adm4,MMR009003044,Pan Be,20.82997037,95.02572016
adm4,MMR009003045,Gway Cho,20.82196134,94.97735176
adm4,MMR009003046,Zee Pwar,20.79145989,95.02757142
adm4,MMR009003047,Thit To Kan,20.78742957,94.96904914
adm4,MMR009003048,Kywe Tat,20.76014237,94.9683862
adm4,MMR009003049,Aw Zar Taw,20.73606668,94.98770279
adm4,MMR009003050,Sar Taung,20.75873032,95.01977931
adm4,MMR009003051,Ma Gyi Kan,20.72674358,95.00266703
adm4,MMR009003701,Urban,20.89654646,94.82771602
adm4,MMR009003702,Urban,20.82972872,94.74271056
adm4,MMR009004001,Yae U,20.01155649,95.5808827
adm4,MMR009004002,Ta Yoke Kaw,19.99645384,95.50941861
adm4,MMR009004003,Hin Ga Yaw,19.99105488,95.46329336
adm4,MMR009004004,War Chan Kan,19.98924898,95.42138267
adm4,MMR009004005,Koke Ko Gwa,19.98688742,95.38228081
adm4,MMR009004006,Pyar Tu,20.00308742,95.35075767
adm4,MMR009004007,Nyaung Kone,20.02035076,95.34305603
adm4,MMR009004008,Inn Ywar Gyi,20.01128639,95.3728963
adm4,MMR009004009,Ohn Hne Tan,20.02979948,95.37323049
adm4,MMR009004010,Let Pan Shey,20.02100851,95.4180782
adm4,MMR009004011,Shan Kaing,20.02093905,95.46361621
adm4,MMR009004012,Khin Te,20.02925661,95.51910324
adm4,MMR009004013,Pan Thwin Lay,20.03623543,95.55402859
adm4,MMR009004014,Pan Thwin Gyi,20.05245607,95.55441682
adm4,MMR009004015,Let Pan Bu,20.08106046,95.61261754
adm4,MMR009004016,Aung Su,20.05318014,95.62502038
adm4,MMR009004017,Nga Min,20.01941406,95.63939975
adm4,MMR009004018,Thit Yar,19.9826173,95.62766467
adm4,MMR009004019,Pwint Hla Gyi,19.97294023,95.57195893
adm4,MMR009004020,Thi La,19.98645948,95.56738566
adm4,MMR009004021,Nyaung Pin Hla,19.98066297,95.53871739
adm4,MMR009004022,Bo Kone,19.96614812,95.56101451
adm4,MMR009004023,In Kone,19.96607888,95.50027832
adm4,MMR009004024,Zee Taw,19.96409945,95.63327435
adm4,MMR009004025,Pauk,19.96200743,95.58572506
adm4,MMR009004026,Sat Thwar,19.87004982,95.55036367
adm4,MMR009004027,Kyan Su,19.86930205,95.57517034
adm4,MMR009004028,Pyint Nyin,19.90124418,95.58757526
adm4,MMR009004029,Kan Bay Gyi,19.89676356,95.64238089
adm4,MMR009004030,Kin Pun Taung,19.91284682,95.65693529
adm4,MMR009004031,Si Mee Htun,19.93459036,95.63358117
adm4,MMR009004032,Pin Taing,19.91750239,95.60385945
adm4,MMR009004033,Chaung Net,19.92720505,95.55000252
adm4,MMR009004034,Ku Lar Kan,19.94175856,95.59136086
adm4,MMR009004035,Pan Taw Nge,19.95640836,95.5369241
adm4,MMR009004036,Kya Khat Kan,19.94391113,95.50702224
adm4,MMR009004037,Kywe Kan,19.94955458,95.47388675
adm4,MMR009004038,In Gyin Kone,19.96178835,95.45733222
adm4,MMR009004039,Yae Wai,19.9471285,95.41576877
adm4,MMR009004040,Koe Pin,19.94375222,95.44787468
adm4,MMR009004041,Yar Gyi Taw,19.89552347,95.4118125
adm4,MMR009004042,Hlyan Kan Gyi Kone,19.87967445,95.35827384
adm4,MMR009004043,Su Kauk Gyi,19.88101432,95.51688271
adm4,MMR009004044,Nyar Ga Moe,19.90291272,95.5567918
adm4,MMR009004045,Mi Au Aung,19.9043429,95.44852597
adm4,MMR009004046,Thit Poke Kone,19.90365926,95.47605382
adm4,MMR009004047,Tei Taw (1),19.9321519,95.48147525
adm4,MMR009004048,Tei Taw (2),19.91569368,95.50408613
adm4,MMR009004049,Wet Ka Thay,19.84938418,95.50089045
adm4,MMR009004050,Thi Ri Min Ga Lar,19.86992938,95.48434036
adm4,MMR009004051,Koke Ko Kone,19.80105117,95.68518675
adm4,MMR009004052,Taik Pwe,19.86670475,95.70114827
adm4,MMR009004053,Gon Hnyin Tan,19.85779809,95.65942415
adm4,MMR009004054,Lel Thar (1),19.8620877,95.599192
adm4,MMR009004055,Lel Thar (2),19.86945888,95.62745834
adm4,MMR009004056,Sit Tar,19.83957475,95.57772099
adm4,MMR009004057,Pay Pin Yar,19.83448499,95.39231134
adm4,MMR009004058,Yae Twin Kaung,19.8033493,95.35533923
adm4,MMR009004059,Let Tet,19.78868959,95.43255629
adm4,MMR009004060,Nyar Taw,19.74845492,95.47528668
adm4,MMR009004061,Kan Thar,19.81545479,95.5286662
adm4,MMR009004062,Kyet Shar,19.80913766,95.57805506
adm4,MMR009004063,Hmoke Shey,19.77323135,95.58462989
adm4,MMR009004064,Leik Taik,19.72739781,95.54481858
adm4,MMR009004065,War Thone Pyu,19.71610355,95.59048592
adm4,MMR009004066,Kyoet Chaung,19.72862407,95.63234834
adm4,MMR009004067,Taung Hlyaung,19.8279813,95.66297002
adm4,MMR009004068,Pat Lel Gyi,19.66481644,95.68004182
adm4,MMR009004069,Oe Pauk,19.70377431,95.74030048
adm4,MMR009004070,Ku Lar Ma,19.74821715,95.70595443
adm4,MMR009004071,Ta Loke Kone,19.78799854,95.63295085
adm4,MMR009004072,Kan Gyi Kone,19.84149385,95.4612622
adm4,MMR009004701,Urban,20.00561395,95.5416661
adm4,MMR009004901,,19.88005066,95.75760021
adm4,MMR009005001,Kan Swei,20.08343252,95.51205852
adm4,MMR009005002,Gway Kone,20.04365147,95.48499204
adm4,MMR009005003,Dant Da Lun Pin,20.0999662,95.56492185
adm4,MMR009005004,Shwe Pan,20.13388193,95.71567551
adm4,MMR009005005,Bawt,20.15780348,95.65363719
adm4,MMR009005006,Zee Lone,20.13643929,95.67551598
adm4,MMR009005007,Pu Lin Gyi,20.19063277,95.48820407
adm4,MMR009005008,Hpa Lan Taing,20.06558775,95.54007257
adm4,MMR009005009,Su Tat Gyi,20.12614672,95.52487893
adm4,MMR009005010,Myay Pyin Thar,20.16357155,95.55097016
adm4,MMR009005011,Aing Ma,20.31673255,95.69596905
adm4,MMR009005012,Kwin Gyi,20.28141168,95.66604441
adm4,MMR009005013,Aing Me,20.30166975,95.62578265
adm4,MMR009005014,Pu Lin Pyar Gyi,20.31237681,95.55707482
adm4,MMR009005015,Ma Gyi Kone Gyi,20.2760994,95.47294595
adm4,MMR009005016,Kaing,20.27007292,95.39776182
adm4,MMR009005017,Tei Pin San,20.2713068,95.33359426
adm4,MMR009005018,Ma Gyi Htu,20.23355271,95.40139182
adm4,MMR009005019,Ta Loke Pin,20.23585695,95.44171427
adm4,MMR009005020,Ma Gyi Cho,20.21600504,95.48365438
adm4,MMR009005021,Inn Ywar Gyi,20.24417086,95.48346756
adm4,MMR009005022,Si Thar,20.19864798,95.54912627
adm4,MMR009005023,Lay Taing Sin,20.2056927,95.22994694
adm4,MMR009005024,Htauk Shar Tan,20.14544482,95.33370487
adm4,MMR009005025,Nwar Hla,20.12365576,95.21650312
adm4,MMR009005026,Yone Taw,20.12529775,95.26998394
adm4,MMR009005027,Tat Kone,20.19561181,95.41124655
adm4,MMR009005028,Sin Hpyu Chi,20.16419329,95.41309551
adm4,MMR009005029,Le Lu,20.21547329,95.35271059
adm4,MMR009005030,Yae Pyayt,20.22294545,95.2846429
adm4,MMR009005031,Ma Nawt Kone,20.09974476,95.23473412
adm4,MMR009005032,Nyaung Zin,20.13685431,95.41288067
adm4,MMR009005033,Tha Hpan Kone,20.07364593,95.36592705
adm4,MMR009005034,Se Lel,20.07012893,95.33466588
adm4,MMR009005035,Sit Ta Lin,20.06971611,95.28523098
adm4,MMR009005036,Gway Cho,20.11263103,95.30550136
adm4,MMR009005037,Lin Lel,20.07559567,95.40628743
adm4,MMR009005038,War Gyi Aing,20.09344828,95.26287131
adm4,MMR009005039,Nin Kyan,20.10398353,95.38772509
adm4,MMR009005040,Myo Lu Lin,20.13464765,95.47903441
adm4,MMR009005041,Chauk Kyar,20.09122159,95.44622808
adm4,MMR009005042,Pay Kone,20.05577174,95.42389865
adm4,MMR009005043,Na Be Kone,20.06622945,95.47612922
adm4,MMR009005044,Pu Tee Kone,20.1556677,95.46720305
adm4,MMR009005045,Htan Ta Pin,20.11709997,95.43235389
adm4,MMR009005046,Nyaung Kaing,20.09742531,95.47615097
adm4,MMR009005047,Myat Lay Kone,20.04993581,95.44698998
adm4,MMR009005701,Urban,20.20243037,95.44498359
adm4,MMR009005901,,20.20244471,95.67605683
adm4,MMR009006001,Inn Kone (North),20.31239477,95.39765107
adm4,MMR009006002,Ta Khun Taing,20.30471116,95.34879506
adm4,MMR009006003,Pi Tauk Ngoke,20.31121886,95.29502879
adm4,MMR009006004,Ta Ma Lan Pin,20.32765449,95.21359126
adm4,MMR009006005,Tet Wun,20.35975601,95.21927608
adm4,MMR009006006,Htone Pauk Chaing,20.38679067,95.23107273
adm4,MMR009006007,Wet Choke,20.41680609,95.20567413
adm4,MMR009006008,Tha Hmone Pin,20.42931379,95.2701885
adm4,MMR009006009,Mei Za Li Pin,20.46144483,95.3104748
adm4,MMR009006010,Twin Gyi,20.35898373,95.32841013
adm4,MMR009006011,Aing Zauk,20.4095356,95.32912739
adm4,MMR009006012,Zay Thar,20.38060999,95.39816563
adm4,MMR009006013,Si Thar,20.41510345,95.38518967
adm4,MMR009006014,Lay Ein,20.44513635,95.39019035
adm4,MMR009006015,Sa Khan Ma,20.47603978,95.38933719
adm4,MMR009006016,War Yon Kone,20.49302894,95.27394223
adm4,MMR009006017,Chaung Net,20.48349568,95.21387416
adm4,MMR009006018,Yae Htwet,20.54480342,95.19215566
adm4,MMR009006019,Te Gyi,20.54267055,95.24064411
adm4,MMR009006020,Lin Ka Toe,20.59046522,95.28472624
adm4,MMR009006021,Nyaung Kyat Pin,20.54673407,95.2973168
adm4,MMR009006022,Thar Hmyar,20.53130972,95.33448827
adm4,MMR009006023,Ywar Mun,20.51979904,95.39375872
adm4,MMR009006024,Yae Ngan,20.51955181,95.44754697
adm4,MMR009006025,Pay Pin Kone,20.47060078,95.48158222
adm4,MMR009006026,Na-Gway Cho,20.42189697,95.45215347
adm4,MMR009006027,Na-Kyar Htu,20.34270862,95.44363845
adm4,MMR009006028,Bone Taw Pyayt,20.31239477,95.44228431
adm4,MMR009006029,Gway Pin,20.32957758,95.48667592
adm4,MMR009006030,Na-Let Khoke Pin,20.37668711,95.44951293
adm4,MMR009006031,Kyauk Pon,20.59046522,95.25537302
adm4,MMR009006032,Hpan Khar San,20.59278723,95.22638702
adm4,MMR009006033,Son Ma Gyi Pin,20.58601471,95.18415894
adm4,MMR009006034,Taung Bet Gyi,20.61262485,95.14507053
adm4,MMR009006035,Aing Pauk Kone,20.62781085,95.21565312
adm4,MMR009006036,Ma Gyi Cho,20.6407754,95.25173771
adm4,MMR009006037,Moe Nan Taw,20.65848693,95.26859745
adm4,MMR009006038,Inn Kan,20.68371886,95.30346146
adm4,MMR009006039,Sin Thay Kan,20.63914196,95.31534651
adm4,MMR009006040,Shan Kone,20.60768678,95.30872518
adm4,MMR009006041,Gway Kone,20.58272519,95.33726683
adm4,MMR009006042,Shwe Pan Taw,20.63310191,95.37851322
adm4,MMR009006043,Kyaung Kone,20.62733332,95.43952361
adm4,MMR009006044,Dant Da Lun Pin,20.65793097,95.36777642
adm4,MMR009006045,Hpet Than Taung,20.69284358,95.37815149
adm4,MMR009006046,Ah Lel Ywar,20.69467155,95.4134079
adm4,MMR009006047,Ban Kone,20.66889726,95.4527663
adm4,MMR009006048,Kyauk Ta Gar,20.72979483,95.45217547
adm4,MMR009006049,Se Gyi,20.72712614,95.52541375
adm4,MMR009006050,Htan Pin Kone Gyi,20.67280598,95.50827489
adm4,MMR009006051,Pa/Let Khoke Pin,20.60149476,95.44316793
adm4,MMR009006052,Pa-Gway Cho,20.59414173,95.40537454
adm4,MMR009006053,Taung Htauk,20.56608414,95.39131021
adm4,MMR009006054,War Pan,20.57137481,95.44317054
adm4,MMR009006055,Tha Yet Chin,20.57556567,95.50144103
adm4,MMR009006056,Kyun Chaung,20.63565385,95.49732833
adm4,MMR009006057,Son Kone Gyi,20.64635178,95.55204748
adm4,MMR009006058,Hlyaw Chaung Gyi,20.56924594,95.56878094
adm4,MMR009006059,Na-Bu Kwe,20.50076252,95.57052339
adm4,MMR009006060,Thit Hla Kyin,20.51485449,95.50658179
adm4,MMR009006061,Kwin Gyi,20.45374323,95.51736484
adm4,MMR009006062,U Yin,20.47783171,95.68972836
adm4,MMR009006063,Se Lel,20.39489923,95.70177396
adm4,MMR009006064,Pan Nyo,20.40755778,95.65369436
adm4,MMR009006065,Kan Thar,20.35102284,95.66161425
adm4,MMR009006066,Le Bu,20.35118992,95.61099483
adm4,MMR009006067,Ka Paung Kone Gyi,20.35604131,95.55710783
adm4,MMR009006068,Ku Lar Shin,20.33879986,95.52154483
adm4,MMR009006069,Myin Te Gyi,20.43252775,95.60323624
adm4,MMR009006070,Tha Hmone Kone Gyi,20.40459105,95.5542905
adm4,MMR009006071,Gway Tauk Kone,20.41054929,95.49315349
adm4,MMR009006072,Ywar Taw,20.52215948,95.68315468
adm4,MMR009006073,Kyauk Tan,20.51925262,95.62789621
adm4,MMR009006701,Urban,20.35143995,95.39794649
adm4,MMR009007001,Let Khoke Pin,20.20471179,94.74884675
adm4,MMR009007002,Pin Lel Thet,20.18431642,94.74529271
adm4,MMR009007003,Kan Thar,20.24983151,94.80457658
adm4,MMR009007004,U Yin Zin,20.22961447,94.74372257
adm4,MMR009007005,Yae Poke,20.22131652,94.81208999
adm4,MMR009007006,Ku Lar Bar,20.22732051,94.83481886
adm4,MMR009007007,Kan Thit,20.29193064,94.84983137
adm4,MMR009007008,Kan Ku Lar,20.2848125,94.79688488
adm4,MMR009007009,Ka Dee,20.26462447,94.7875456
adm4,MMR009007010,Pauk Ngu,20.28015352,94.87887896
adm4,MMR009007011,Tha Nat Pin Su,20.30193819,94.88755772
adm4,MMR009007012,Man Kyoe,20.24941031,94.87136629
adm4,MMR009007013,Kyauk San,20.26277146,94.83921742
adm4,MMR009007014,Hta Naung Taw,20.2477615,94.77013743
adm4,MMR009007015,Kyauk Sit Pon,20.29104161,94.77151277
adm4,MMR009007016,Kyauk Tan,20.1435943,94.88356494
adm4,MMR009007017,Kan Yae,20.17673393,94.83925335
adm4,MMR009007018,Ywar Thar,20.18019287,94.88998664
adm4,MMR009007019,Kyar Kan,20.20857922,94.87432807
adm4,MMR009007020,Mei Bayt Kone,20.23049013,94.86023531
adm4,MMR009007021,Ah Lan Pei,20.24297583,94.85394807
adm4,MMR009007022,Let Pan Taw,20.2311897,94.89456931
adm4,MMR009007023,Neik Ban Kyun,20.26065246,94.89099344
adm4,MMR009007024,Htauk Shar Pin,20.12889384,94.88252896
adm4,MMR009007025,Aing Ma,20.0924131,94.65343273
adm4,MMR009007026,Khun Thar,20.13798332,94.61193155
adm4,MMR009007027,Myaung U,20.16555097,94.65363429
adm4,MMR009007028,Kaing Ma Gyi,20.07377961,94.61083618
adm4,MMR009007029,U Yin,20.06675395,94.59180407
adm4,MMR009007030,Hpa Yar,20.08507617,94.55527296
adm4,MMR009007031,Pu Daung,20.03784972,94.60693504
adm4,MMR009007032,Paung,20.12750247,94.6802086
adm4,MMR009007033,Ka Thet,20.10976831,94.65977794
adm4,MMR009007034,Kyee Kan,20.19634555,94.66185981
adm4,MMR009007035,Hpyu Kone,20.18109088,94.69110931
adm4,MMR009007036,Min,20.21849564,94.71329036
adm4,MMR009007037,Shwe Kyaung,20.20372341,94.71480832
adm4,MMR009007038,In Pin Hla (Sa Kaw),20.13967492,94.70891936
adm4,MMR009007039,Pay Kone,20.18575991,94.71579803
adm4,MMR009007040,Kaing Taw Gyi,20.13552381,94.74864386
adm4,MMR009007041,Pan Hlwar,20.23448655,94.68083846
adm4,MMR009007042,Ka Beit Ma Gyi Chaung,20.24858563,94.64481255
adm4,MMR009007043,Khan Kone,20.24402066,94.73339018
adm4,MMR009007044,Hpa Lan Taw,20.27586143,94.73879379
adm4,MMR009007045,Mon Htaung,20.00991024,94.78092005
adm4,MMR009007046,Chaung Hpyu,20.04131231,94.78467661
adm4,MMR009007047,Thee Kone,19.97152637,94.77176787
adm4,MMR009007048,Kyun Pyar,19.91791828,94.73687584
adm4,MMR009007049,Min Hla Kyun,20.00695605,94.64949876
adm4,MMR009007050,Yae Twin Kone,20.08308501,94.82593192
adm4,MMR009007051,Pauk Pin Htwin,20.13159883,94.85506197
adm4,MMR009007052,Ma Gyi Thone Pin,19.97887278,94.86766667
adm4,MMR009007053,Yae Paw Gyi,20.040075,94.87246418
adm4,MMR009007054,Sin Gaung,20.10055387,94.76928267
adm4,MMR009007055,Maung Ma Kan,20.11483284,94.81522737
adm4,MMR009007056,Zee Aing,20.06812497,94.7087569
adm4,MMR009007057,Kone Thar,20.16725522,94.79041625
adm4,MMR009007058,Taung Man San Pya Ywar Thit,20.19185467,94.78311586
adm4,MMR009007059,Htein Taw,20.01433165,94.96986396
adm4,MMR009007060,Paik Pin,20.0262626,94.96278388
adm4,MMR009007061,Yae Ngan,19.99887885,94.92957661
adm4,MMR009007062,Ywar Pale Kone Tan,19.99513207,94.96791934
adm4,MMR009007063,Kyee Pin Kan,20.2086997,94.81958971
adm4,MMR009007064,Hpa Lan Yon,20.09403704,94.89748768
adm4,MMR009007065,Nan Taw Kone,20.06921243,94.90863275
adm4,MMR009007066,Ywar Thar Yar,20.05972066,94.94435992
adm4,MMR009007067,Thin Baw Kyun,20.06482954,94.96813247
adm4,MMR009007701,Urban,20.1795956,94.87255672
adm4,MMR009007702,Urban,20.22222813,94.76277327
adm4,MMR009007901,,20.15612473,94.52087854
adm4,MMR009008001,Tha Yet Oke,20.38890528,94.68405124
adm4,MMR009008002,Me Za Li,20.31841219,94.51468356
adm4,MMR009008003,Sin Lu Myauk,20.44586141,94.43142491
adm4,MMR009008004,Ma De,20.34077262,94.57808285
adm4,MMR009008005,Ka Ni,20.33444158,94.54016095
adm4,MMR009008006,Kyaung Kone,20.3984487,94.63247982
adm4,MMR009008007,Chaung Son,20.45198135,94.51009783
adm4,MMR009008008,Yae Poke Gyi,20.43322248,94.57954437
adm4,MMR009008009,Yae Poke Ka Lay,20.38421491,94.5930322
adm4,MMR009008010,U Yin Kyit,20.39823646,94.66995774
adm4,MMR009008011,Tha Man Yin,20.36471012,94.64940398
adm4,MMR009008012,Taung Inn Ywar Thit,20.34625049,94.66866139
adm4,MMR009008013,Let Khoke,20.37200671,94.68944634
adm4,MMR009008014,Nyaung Pin,20.35649879,94.69137001
adm4,MMR009008015,Inn Daung,20.36317462,94.71262592
adm4,MMR009008016,Mone Myint,20.38629444,94.71843328
adm4,MMR009008017,Lel Kaing,20.30743244,94.74349659
adm4,MMR009008018,Kan Swei,20.32883461,94.75811626
adm4,MMR009008019,Lel Hla Kone,20.31104926,94.72173166
adm4,MMR009008020,Kan Thar Gyi,20.3201285,94.70025565
adm4,MMR009008021,Ku Lar Haung,20.30502196,94.66419585
adm4,MMR009008022,Ywar Thit Kone,20.27642472,94.72118157
adm4,MMR009008023,Na Be Kone,20.27077065,94.67737792
adm4,MMR009008024,Kyit Kaing,20.32614144,94.59047152
adm4,MMR009008025,Pyi Lone Kyaw,20.34001163,94.63789746
adm4,MMR009008026,Ah Nauk Lay Ein,20.31547793,94.54215174
adm4,MMR009008027,Se Taw,20.30080458,94.49016007
adm4,MMR009008028,Kyu Wun,20.30583173,94.51833396
adm4,MMR009008029,Hpa Lan Kyin,20.31205949,94.56464601
adm4,MMR009008030,Kywe Ta Kar,20.31085889,94.45807451
adm4,MMR009008031,Ywar Khaing,20.42435536,94.71692155
adm4,MMR009008032,Zee Taw,20.40411061,94.71926407
adm4,MMR009008033,Mone Za Le,20.34989878,94.61815214
adm4,MMR009008034,Let Pa Nwe,20.40620078,94.69610619
adm4,MMR009008035,Ka Pyayt,20.46118307,94.69406941
adm4,MMR009008036,Kywe Ti,20.45414975,94.7445787
adm4,MMR009008037,Than Kaing,20.44690925,94.80795327
adm4,MMR009008038,Kone Zaung,20.43426872,94.77161469
adm4,MMR009008039,Ah Nauk Kaing,20.41307058,94.77299852
adm4,MMR009008040,Pay Taw,20.40430968,94.82167115
adm4,MMR009008041,Tha Yet Taw,20.36489048,94.8369852
adm4,MMR009008042,Nyaung Chon,20.34726652,94.82076647
adm4,MMR009008043,Ah Shey Lay Ein,20.39800688,94.85440386
adm4,MMR009008044,Nan Taw Kyun,20.37424076,94.80995449
adm4,MMR009008045,Pauk Kone,20.43317387,94.82689704
adm4,MMR009008046,Se Mone,20.3121405,94.86703014
adm4,MMR009008047,Hta Naung Kone,20.31157647,94.81955775
adm4,MMR009008048,Shwe Hlay,20.33772296,94.82910428
adm4,MMR009008049,Kyaung Taw Yar (1),20.36500327,94.76378746
adm4,MMR009008050,Min Myay,20.33951453,94.79081734
adm4,MMR009008051,Hpa Lan Taw,20.37445016,94.74112503
adm4,MMR009008052,Zee Kaing,20.38892932,94.77294132
adm4,MMR009008701,Urban,20.35993818,94.66897544
adm4,MMR009008901,,20.28404992,94.52219655
adm4,MMR009009001,Nei Zaw,20.08066596,94.44912106
adm4,MMR009009002,Pin U,20.13986533,94.40175737
adm4,MMR009009003,Oe Myay Htwin,20.085361,94.49636127
adm4,MMR009009004,Si Thar,19.87181173,94.60326524
adm4,MMR009009005,Thar Yar Kone,19.93849191,94.54191181
adm4,MMR009009006,Chaung Hpyu,20.09913228,94.48388696
adm4,MMR009009007,Min Lwin,20.04166376,94.47234312
adm4,MMR009009008,Kyaung Kone,20.05567285,94.45681406
adm4,MMR009009009,Shauk Taung,19.97681462,94.4427911
adm4,MMR009009010,Pay Kone,20.05922331,94.49165526
adm4,MMR009009011,Paung Ka Lay,20.05142706,94.50563752
adm4,MMR009009012,Pan Tein,20.00888276,94.49508187
adm4,MMR009009013,Sin Chi Taing,20.03009544,94.54251733
adm4,MMR009009014,Pa Dan,19.99091784,94.56048284
adm4,MMR009009015,Yint Shey,19.95052525,94.59153492
adm4,MMR009009016,Man Aung,19.90930259,94.60520669
adm4,MMR009009017,Zee Taw Gyi,20.06680611,94.50256208
adm4,MMR009009018,Su Pa Daung,19.87540167,94.55162491
adm4,MMR009009019,Sat Si Taung,19.87172956,94.50412957
adm4,MMR009009020,Goke Gyi,19.87309337,94.4488843
adm4,MMR009009021,Zin Pyun,19.91858347,94.49446133
adm4,MMR009009022,Myit Hpyar,19.95752553,94.51733524
adm4,MMR009009023,Pa Zi,19.89082452,94.4566062
adm4,MMR009009024,Laing,19.89780152,94.43211414
adm4,MMR009009025,Bone Baw,19.83629373,94.45816096
adm4,MMR009009026,Naung,19.88439833,94.39064716
adm4,MMR009009027,Pa Bway,19.77262635,94.37354855
adm4,MMR009009028,Lin De,19.81868628,94.32252853
adm4,MMR009009029,Sun Tet,19.84804447,94.41485269
adm4,MMR009009030,Tin Pyin,19.94443728,94.36295667
adm4,MMR009009031,Pa Be,19.87707977,94.33581245
adm4,MMR009009701,Urban,20.07359812,94.46638699
adm4,MMR009009901,,20.03106183,94.33731542
adm4,MMR009009901,,21.5811933,94.32718572
adm4,MMR009010001,Nga Than Khaung,20.62513092,94.58541944
adm4,MMR009010002,Auk Hlaing,20.59009132,94.61351734
adm4,MMR009010003,Gway Pin Zin,20.57502429,94.57268932
adm4,MMR009010004,Ku Hpyu,20.55910699,94.67336547
adm4,MMR009010005,Ah Nauk Kan Baung,20.57785853,94.62951239
adm4,MMR009010006,Kyo Wun,20.47343954,94.59442378
adm4,MMR009010007,Let Me,20.43743994,94.65468717
adm4,MMR009010008,Sin Kyone,20.57369098,94.64162707
adm4,MMR009010009,Za Yat Hla,20.59828164,94.64837286
adm4,MMR009010010,Shan Su,20.55910699,94.64912038
adm4,MMR009010011,Ta Mar Chaung,20.55105416,94.62884923
adm4,MMR009010012,Taw Seint,20.48591519,94.66409285
adm4,MMR009010013,Yone Pin Kan,20.52425043,94.61019393
adm4,MMR009010014,Ma Gyi Pin Pu,20.52488163,94.67245366
adm4,MMR009010015,Taung Ywar Htan Taw,20.5597067,94.70055827
adm4,MMR009010016,Ywar Ma Kaw (Kyi Kone),20.5691449,94.70058068
adm4,MMR009010017,Ywar Hmat,20.57567715,94.70102545
adm4,MMR009010018,Htu Pauk,20.60030014,94.67080173
adm4,MMR009010019,Kyet Tha Kaing,20.60235762,94.6933688
adm4,MMR009010020,Shwe Bon Thar,20.61307936,94.68150557
adm4,MMR009010021,Moe Wun,20.62640958,94.69398162
adm4,MMR009010022,Tha Myin Kin,20.62094532,94.66374989
adm4,MMR009010024,Taung Pyit Kone (Ma Gyi Pyar),20.63766517,94.61778517
adm4,MMR009010025,Hpaung Lin,20.51483758,94.73465146
adm4,MMR009010026,Bee Zat,20.54125517,94.69983224
adm4,MMR009010027,Ta Taung Kan,20.5597067,94.72704784
adm4,MMR009010028,Pauk Yin Kone,20.58279162,94.70046726
adm4,MMR009010029,Myaung Kauk,20.58895891,94.69990944
adm4,MMR009010030,Hma Yoe Kone,20.49564517,94.77202865
adm4,MMR009010031,Pauk Lay Pin,20.5473847,94.78554211
adm4,MMR009010032,Paung Tu,20.52600465,94.56425179
adm4,MMR009010033,Dar Swei Kan,20.60919351,94.71954924
adm4,MMR009010034,Tha Nat Kone,20.63010534,94.74295024
adm4,MMR009010035,Son Kone,20.65465412,94.70358059
adm4,MMR009010036,Sun Kyun Nyo,20.67203385,94.73574889
adm4,MMR009010037,Seik Gyi,20.62382177,94.72194949
adm4,MMR009010038,Tha Pyay Pin,20.68845037,94.68143356
adm4,MMR009010039,Nwe Ta Mei,20.66850458,94.68642786
adm4,MMR009010040,Kyaung Kone,20.68962078,94.65472551
adm4,MMR009010041,Zee Kyun,20.63589041,94.76640597
adm4,MMR009010042,Chaung Hpyu Myauk,20.66567076,94.6655884
adm4,MMR009010043,Pan Taw,20.64164183,94.65573544
adm4,MMR009010044,Tha Yet Chin,20.64162744,94.68639759
adm4,MMR009010045,Sin Ma Kyun,20.73754133,94.71116235
adm4,MMR009010046,Zee Kone,20.70039301,94.72522412
adm4,MMR009010047,Shar Taw (North),20.67867938,94.70683403
adm4,MMR009010048,Nyaung Inn,20.69339702,94.70925135
adm4,MMR009010049,Kyauk Ye Kyun,20.5804485,94.79804795
adm4,MMR009010050,Me Ywar Kyun,20.6219921,94.77815423
adm4,MMR009010051,Shar Taw Ah Shey,20.59581366,94.77671537
adm4,MMR009010052,Kyet Hin Khar Kyun,20.64580865,94.72447794
adm4,MMR009010053,Chaung Hpyu (East),20.60303434,94.73293053
adm4,MMR009010054,Nyaung Pin Lel Kyin,20.70396424,94.58454144
adm4,MMR009010055,Daunt Boe,20.67150905,94.63681946
adm4,MMR009010056,Ta Lin Gyi Kone,20.55834347,94.75014705
adm4,MMR009010057,Tha Yet Kone,20.61355849,94.75078342
adm4,MMR009010058,Ah Shey Kan Baung,20.593547,94.73294751
adm4,MMR009010059,Pyoe Khin Kone,20.57812325,94.73305974
adm4,MMR009010060,Taw Gyi,20.57570457,94.76747707
adm4,MMR009010061,Kya Pin,20.71603238,94.68092377
adm4,MMR009010062,Nyaung (Lin Zin),20.59687418,94.48575067
adm4,MMR009010063,In Kyin Pin Hla,20.51574008,94.50818883
adm4,MMR009010064,Kan Pyar,20.51574008,94.43113275
adm4,MMR009010065,Pu Khat Taing,20.80713979,94.41718806
adm4,MMR009010066,Kyat Pei,20.84854022,94.41040205
adm4,MMR009010067,Swei Tei,20.67128779,94.52355667
adm4,MMR009010068,Kan Chauk (Kyun Te),20.70236868,94.47148412
adm4,MMR009010069,Kyauk Oe,20.62283375,94.36167075
adm4,MMR009010070,Ta Hnyaunt Tin (Khaw Ta Hnyaunt Tin),20.58998675,94.35271177
adm4,MMR009010071,Sha Shar (North),20.66238856,94.46651544
adm4,MMR009010072,Se Kan,20.57642341,94.53272351
adm4,MMR009010073,Kyun Yin,20.62471534,94.51213036
adm4,MMR009010074,Lel Ma,20.74312965,94.43594351
adm4,MMR009010075,Oe Thei,20.61640379,94.54860559
adm4,MMR009010076,Kan (Shwe Ku),20.61941673,94.56418758
adm4,MMR009010077,Taw Na Lin,20.88945293,94.44972282
adm4,MMR009010078,Min Hlyin,20.85869074,94.43020172
adm4,MMR009010079,Kyone,20.77255676,94.4279667
adm4,MMR009010080,Tha Yet Taw,20.79524745,94.434709
adm4,MMR009010081,Thit Khauk Taung,20.56177321,94.45769077
adm4,MMR009010082,Wun Ya,20.62876439,94.45610125
adm4,MMR009010083,Ku Yin Chauk (Sa Bai Gyi),20.67667259,94.43551999
adm4,MMR009010084,Pya Tauk,20.69267148,94.46410621
adm4,MMR009010085,Kin Mun Chon,20.70700322,94.32937698
adm4,MMR009010086,Kywe U,20.7864966,94.30688191
adm4,MMR009010087,Nga Hlaing Twin,20.68852699,94.37435624
adm4,MMR009010088,Ta Nyaung,20.84392301,94.68683457
adm4,MMR009010089,Shwe Zan Thee,20.92720586,94.57994417
adm4,MMR009010090,Myay Nu,20.90116225,94.67487792
adm4,MMR009010091,Yae Paw Kyun,20.8572589,94.63608444
adm4,MMR009010092,Si Zwe,20.817316,94.65293253
adm4,MMR009010093,Thin Pan Taw (a) Tha Man Kyin,20.8077522,94.58123794
adm4,MMR009010094,Zee Hpyu Pin,20.77943587,94.67107195
adm4,MMR009010095,Nat Tat,20.76743425,94.65302899
adm4,MMR009010096,Oke Shit Kone,20.75545104,94.64116565
adm4,MMR009010097,Nyaung Pin,20.71503864,94.6432855
adm4,MMR009010098,Kan Taw,20.74131774,94.64490476
adm4,MMR009010099,Ra Day,20.74882141,94.67921748
adm4,MMR009010100,Taung Bo,20.77613606,94.60692396
adm4,MMR009010701,Urban,20.57758916,94.6572203
adm4,MMR009010702,Urban,20.66290051,94.69453282
adm4,MMR009010901,,20.7113372,94.39037383
adm4,MMR009010902,,20.8222199,94.50924583
adm4,MMR009011001,Hpyin Gyi,20.92645514,94.05221188
adm4,MMR009011002,Sin Chaung,20.85739944,94.08061812
adm4,MMR009011003,Ah Paw,20.80622989,94.08085052
adm4,MMR009011004,Lone Gyi,20.77812059,94.09937157
adm4,MMR009011005,Let Pan Kyin,20.72992035,94.10562416
adm4,MMR009011006,Ah Kyi,20.70153345,94.10078812
adm4,MMR009011007,Ta Pwin,20.70323477,94.16863483
adm4,MMR009011008,Dway Kyin,20.66964598,94.11832784
adm4,MMR009011009,Nat Gyi,20.55678737,94.07075919
adm4,MMR009011010,Pan Ei Hnyar,20.75164663,94.15482791
adm4,MMR009011011,Pan Ei,20.70272556,94.21607082
adm4,MMR009011012,Bu,20.66189491,94.16641016
adm4,MMR009011013,Ma Gyi,20.62982495,94.19803598
adm4,MMR009011014,Chi,20.5836322,94.21188497
adm4,MMR009011015,Aung,20.5326346,94.22021559
adm4,MMR009011016,Ah Lel Pon,20.48645133,94.19267003
adm4,MMR009011017,Ma Htein,20.42134288,94.11491436
adm4,MMR009011018,Ka Zin,20.87353754,94.14035332
adm4,MMR009011019,Nan Kyu,20.84083171,94.15930671
adm4,MMR009011020,Ohn War,20.78966215,94.18818678
adm4,MMR009011021,Kan Taing,20.84797015,94.22581551
adm4,MMR009011022,Kyan Seint,20.76854364,94.23893825
adm4,MMR009011023,Tei Soke,20.75329798,94.2183589
adm4,MMR009011024,Yae Thaung,20.71133421,94.27428372
adm4,MMR009011025,Pu Paing,20.69439024,94.25783388
adm4,MMR009011026,Han Dauk,20.61309508,94.30996065
adm4,MMR009011027,Khway Ma Laung,20.62358511,94.27479141
adm4,MMR009011028,Nga Le,20.61899355,94.24313603
adm4,MMR009011029,Kyaung Thaik,20.5684233,94.27140337
adm4,MMR009011030,Tha Yan Kaing,20.51841001,94.27810641
adm4,MMR009011031,Chin Pyit Kaing,20.48428829,94.28498071
adm4,MMR009011032,Myaung U,20.52668331,94.35613426
adm4,MMR009011033,Myay Ni,20.43827373,94.26335857
adm4,MMR009011034,Than Se,20.39191261,94.35526619
adm4,MMR009011035,Thet Lel,20.38524497,94.15068482
adm4,MMR009011036,Mun Zaw,20.35675161,94.23707447
adm4,MMR009011037,Kyee Wa,20.38637868,94.2897324
adm4,MMR009011038,Tei Zar,20.35611447,94.33995521
adm4,MMR009011039,Mon Hnyin,20.33843639,94.36880196
adm4,MMR009011040,Nyaung Kone,20.45134451,94.32756571
adm4,MMR009011041,Man Dat Kaing,20.31262957,94.2409509
adm4,MMR009011042,Ku Taw,20.27951204,94.24189477
adm4,MMR009011043,Kaung Gyi,20.30070314,94.36923448
adm4,MMR009011044,Hpar Aing,20.25050828,94.25293841
adm4,MMR009011045,Sit Ngan,20.21134486,94.24696692
adm4,MMR009011046,Don Chaung,20.18525067,94.31452756
adm4,MMR009011701,Urban,20.45023894,94.24419987
adm4,MMR009012001,Yae Myet,19.3691916,95.00477829
adm4,MMR009012002,Shwe Pan Kaing,19.51976048,94.94965979
adm4,MMR009012003,Ah Lat Lel,19.46001855,94.96348042
adm4,MMR009012004,Gon Ma Ni,19.54678659,95.0815262
adm4,MMR009012005,Tat,19.54994754,94.97800316
adm4,MMR009012006,Nyaung Ywar Nge,19.55326654,95.14676366
adm4,MMR009012007,Ohn Mun Taw,19.41876818,95.00167667
adm4,MMR009012008,Pun Gyi,19.44705711,94.92277646
adm4,MMR009012009,Htee Yoe,19.5157356,94.9059227
adm4,MMR009012010,Moe Nat Kone,19.54868316,95.01704895
adm4,MMR009012011,Baw,19.51122592,95.00210157
adm4,MMR009012012,San Lel,19.4171877,94.95233942
adm4,MMR009012013,Inn Lel,19.50490402,95.05345068
adm4,MMR009012014,Mya Sa Kaing,19.41456513,95.18229884
adm4,MMR009012015,Kyar Kan,19.5036518,95.14511486
adm4,MMR009012016,Sin Thay,19.45830146,95.15697666
adm4,MMR009012017,Let Pan Seik,19.38443603,95.19236334
adm4,MMR009012018,Oke Shit Kone,19.42698664,95.14540201
adm4,MMR009012019,Kya U,19.43678851,95.16851023
adm4,MMR009012020,Koe Pin,19.35527359,95.1755273
adm4,MMR009012021,Hman Din Gyi,19.38641095,95.15729526
adm4,MMR009012022,Yae Hpyu,19.37547843,95.14194369
adm4,MMR009012023,Tha Yet Myint,19.48625443,95.07093622
adm4,MMR009012024,Myauk Kyut,19.44863914,95.03997467
adm4,MMR009012025,Yae Bwet,19.44174432,95.12564494
adm4,MMR009012026,Pauk Taw,19.48088081,95.1085991
adm4,MMR009012027,Pyin Aing,19.27915678,94.94072892
adm4,MMR009012028,Ta La Par,19.32769806,95.04273005
adm4,MMR009012029,Ban Kone,19.31488113,94.96928337
adm4,MMR009012030,Pon Nar,19.22099694,95.00132276
adm4,MMR009012031,Gyoe Gyar,19.20329916,94.95041333
adm4,MMR009012032,Sin Kaw,19.23918851,94.96718297
adm4,MMR009012033,Twin Lel,19.28755751,95.03059091
adm4,MMR009012034,San Aint,19.35661436,95.19648963
adm4,MMR009012035,Par Put,19.19825606,95.08321156
adm4,MMR009012036,Ton,19.22024496,95.07609894
adm4,MMR009012037,Ywar Ma,19.19112642,94.99285362
adm4,MMR009012038,Pauk U Kar,19.24478114,95.05137929
adm4,MMR009012039,Pyin Htaung,19.31645084,95.14863696
adm4,MMR009012040,Min Te,19.30159878,95.10310924
adm4,MMR009012041,Inn Ma Nge,19.34176383,95.12803096
adm4,MMR009012042,Pi Tauk Pin,19.3548372,95.08688465
adm4,MMR009012043,Peik Tha Lein,19.25618951,95.13791108
adm4,MMR009012044,Pya Yae,19.20928651,95.14421156
adm4,MMR009012045,Htone Htaung,19.29104754,95.16512878
adm4,MMR009012046,Pay Ka Tin,19.38862614,95.02990814
adm4,MMR009012047,Ban Pyin,19.41007557,95.03681823
adm4,MMR009012048,Kun Ohn,19.41542755,95.1156785
adm4,MMR009012049,Nga Hlaing Chon,19.39630555,95.08769553
adm4,MMR009012050,Kyauk Oe,19.35332639,95.06149154
adm4,MMR009012051,Nyaung Zit,19.40085273,95.14646577
adm4,MMR009012052,Yae Paw Kyun,19.31229305,95.19792129
adm4,MMR009012053,Taw Myin Thar,19.41133995,95.0640127
adm4,MMR009012701,Urban,19.33067516,95.17529062
adm4,MMR009013001,Ywar Taw,19.95792762,95.04851683
adm4,MMR009013002,Nyaung Pin Thar,19.97295376,94.9992605
adm4,MMR009013003,Kone Gyi,19.92601252,94.96443994
adm4,MMR009013004,Ma Lun,19.90576336,95.00070674
adm4,MMR009013005,Le Pin Kyin,19.960709,94.94156004
adm4,MMR009013006,Tha Pyay Taw,19.86222613,95.11023838
adm4,MMR009013007,Pay Taw (Kan Nar),19.86733597,95.07785609
adm4,MMR009013008,Yae Khar,19.89395025,95.04017048
adm4,MMR009013009,Htan Kaing,19.92930014,94.89928022
adm4,MMR009013010,Taung U,19.91334809,94.918435
adm4,MMR009013011,Pan Taw Pyin,19.94642368,95.01357427
adm4,MMR009013012,Sit Sa Noet,19.84366768,94.9242303
adm4,MMR009013013,Lel Hla,19.77245489,94.88524239
adm4,MMR009013014,Dee Doke Kan,19.79047681,94.81494904
adm4,MMR009013015,Yae Nan Ma,19.75253267,94.79253935
adm4,MMR009013016,Kha Laing,19.73402217,94.83999799
adm4,MMR009013017,Daung Boke,19.85202613,94.97195093
adm4,MMR009013018,Sin Ma Taung,19.84126983,95.03493715
adm4,MMR009013019,Ka Nyin Gyi,19.76768406,94.96653985
adm4,MMR009013020,Nyaung Waing,19.79951608,94.9907417
adm4,MMR009013021,Min Te Gyi,19.79121592,94.93672752
adm4,MMR009013022,See,19.77282588,95.00121307
adm4,MMR009013023,Ma Lun San,19.73667182,94.98224139
adm4,MMR009013024,Bweit,19.73467757,94.92808034
adm4,MMR009013025,San Aing,19.723963,95.01425244
adm4,MMR009013026,Lin Kei,19.69005185,94.84546591
adm4,MMR009013027,Kyauk Pa Daung,19.66464258,94.91686388
adm4,MMR009013028,San,19.69739274,94.8884541
adm4,MMR009013029,Let Khoke Pin,19.63725388,94.93946181
adm4,MMR009013030,Pin Ga,19.59262262,94.98606376
adm4,MMR009013031,Kyauk Let Khat,19.64657472,95.00448777
adm4,MMR009013032,Pay Yin,19.69082335,94.95425104
adm4,MMR009013033,Yae Twin Myaung,19.7635036,95.02697143
adm4,MMR009013034,Wet Choke,19.60018603,94.88780029
adm4,MMR009013035,Yae Twin Gyi,19.58497323,94.96912692
adm4,MMR009013036,Ta Loke Yin,19.59015234,94.92912933
adm4,MMR009013037,Kyauk Pon,19.81582233,94.72284261
adm4,MMR009013038,Oe Bo Kone,19.88993546,94.78335962
adm4,MMR009013039,Nwar Le,19.86654458,94.74661176
adm4,MMR009013040,Na Gar Aing,19.85020206,94.79879844
adm4,MMR009013041,Kan Toke,19.83351494,94.66420192
adm4,MMR009013042,Myay Char,19.87181173,94.67309626
adm4,MMR009013043,Sin Ma Kya,19.7895781,94.74930457
adm4,MMR009013044,Sat Pyar,19.81551352,94.69696879
adm4,MMR009013045,Shan Tat Kone,19.62878314,94.71502578
adm4,MMR009013046,Yae Kyaw,19.5844148,94.71364676
adm4,MMR009013047,Pay Taw Kone,19.58572397,94.76623483
adm4,MMR009013048,Bant Pyin,19.64483021,94.66262425
adm4,MMR009013049,San Lel,19.6188421,94.67346199
adm4,MMR009013050,Ka Du Pauk (Mee Laung Kone),19.64483021,94.61099972
adm4,MMR009013051,Shwe Chaung,19.66721997,94.71594173
adm4,MMR009013052,Kaing Nge,19.64852169,94.69833917
adm4,MMR009013053,San Gyi,19.71819384,94.72194548
adm4,MMR009013054,Yae Ngan,19.76131842,94.72394414
adm4,MMR009013055,Myo Thit,19.77750706,94.65178624
adm4,MMR009013056,Let Pan Ta Gar,19.76752407,94.57043501
adm4,MMR009013057,Pa Ni Son,19.73338822,94.53407213
adm4,MMR009013058,Thway Kyauk,19.7890505,94.51926509
adm4,MMR009013059,Kan Ni,19.8434884,94.61325298
adm4,MMR009013060,Tha Khut Yin,19.71841853,94.58078295
adm4,MMR009013061,Auk Kaing,19.72292633,94.65334129
adm4,MMR009013062,Hlayt Sin,19.69735928,94.64105396
adm4,MMR009013063,Ka Daung Kyin,19.81521116,94.54733534
adm4,MMR009013701,Urban,19.96845384,95.04013656
adm4,MMR009013901,,19.70463841,94.42486128
adm4,MMR009013902,,19.87490112,94.89031625
adm4,MMR009013903,,19.67775364,94.77979586
adm4,MMR009014001,Min Ga Lar U,19.35249431,94.70602909
adm4,MMR009014002,Ta Dar,19.31716156,94.72633536
adm4,MMR009014003,Min Ywar Kaing,19.32766704,94.75620464
adm4,MMR009014004,Bu Taung,19.30788197,94.76733495
adm4,MMR009014005,Kaing Nge,19.32912769,94.81531424
adm4,MMR009014006,Tha Nyan,19.30785214,94.7882849
adm4,MMR009014007,Pan Tone,19.2833212,94.78730153
adm4,MMR009014008,Htauk Yit,19.27391006,94.83920899
adm4,MMR009014009,Pauk Kaing,19.38084165,94.72537488
adm4,MMR009014010,Ku Hpyu,19.37609956,94.76378984
adm4,MMR009014011,Pyaung Pyar,19.35630094,94.75425462
adm4,MMR009014012,Nyaung Kyat,19.33711741,94.76688808
adm4,MMR009014013,Htan Pin Kone,19.48392745,94.65081294
adm4,MMR009014014,Ta Mar,19.3569388,94.66388493
adm4,MMR009014015,Kin Mun Taunt,19.38911284,94.67181895
adm4,MMR009014016,Htein Kaing,19.33240354,94.69099026
adm4,MMR009014017,Pyaung,19.30831484,94.66224077
adm4,MMR009014018,Wet Kaw,19.3388778,94.60627889
adm4,MMR009014019,Hpyu Kan,19.38799185,94.6443762
adm4,MMR009014020,Sa Par Tan,19.13817509,94.82778709
adm4,MMR009014021,Mee Pauk (Ta Loke Pin),19.20082347,94.87745138
adm4,MMR009014022,Lin Pan,19.18076383,94.85543616
adm4,MMR009014023,Kan Paing,19.22669032,94.85329679
adm4,MMR009014024,Wun Twin,19.17767567,94.77343424
adm4,MMR009014025,Kyat Wa,19.13783836,94.77823644
adm4,MMR009014026,Gway Tauk Cho,19.24610572,94.85151727
adm4,MMR009014027,Kyoet Wa,19.28051151,94.68999295
adm4,MMR009014028,Myauk Pyin,19.24129184,94.68867294
adm4,MMR009014029,Daunt Taik,19.25862814,94.77967426
adm4,MMR009014030,Nga Khu Oe,19.2373694,94.79299995
adm4,MMR009014031,Me Za Li,19.22004595,94.80741608
adm4,MMR009014032,Hman,19.19496938,94.74447367
adm4,MMR009014033,Pe Myauk,19.23511551,94.7466533
adm4,MMR009014034,Tat,19.25295098,94.8272368
adm4,MMR009014035,Nat Mauk,19.30817789,94.87718507
adm4,MMR009014036,Hlwar Wa,19.25351611,94.87473498
adm4,MMR009014037,Chin Hnit,19.22716278,94.89519307
adm4,MMR009014038,Min Tat,19.56951353,94.83930719
adm4,MMR009014039,Taung Yan,19.51989498,94.80201865
adm4,MMR009014040,Khway Tauk,19.48428821,94.85999082
adm4,MMR009014041,Mee Pauk (Ma Gyi Kyaw),19.44803042,94.84240022
adm4,MMR009014042,Kyauk Gyi,19.36443288,94.95758166
adm4,MMR009014043,Taung Pat,19.33570696,94.93011615
adm4,MMR009014044,Ah Lel Chaung,19.38797377,94.91647914
adm4,MMR009014045,Myo Haung,19.36099835,94.90030099
adm4,MMR009014046,Inn Pyet,19.41467028,94.84908545
adm4,MMR009014047,Yaw,19.33557942,94.87414282
adm4,MMR009014048,Than Bu La,19.30693313,94.89660905
adm4,MMR009014049,Saing Doe,19.37051093,94.85290485
adm4,MMR009014050,Kyoet Kone,19.31604407,94.81354192
adm4,MMR009014051,Sa Ka Te,19.30818951,94.83938185
adm4,MMR009014052,Htan Lay Pin,19.2969332,94.85967321
adm4,MMR009014053,Kan Lel,19.37301529,94.82369066
adm4,MMR009014054,Taing Tar,19.54599203,94.6795643
adm4,MMR009014055,Nga Pon Kone,19.51150614,94.67587318
adm4,MMR009014056,Tha Min Ka Toke,19.52737768,94.50862924
adm4,MMR009014057,Taung Taw,19.59627656,94.6622507
adm4,MMR009014058,Kyauk Taing,19.47991689,94.72370885
adm4,MMR009014059,Lel Ma,19.52124207,94.73840499
adm4,MMR009014060,Pway Du,19.48062451,94.7595507
adm4,MMR009014061,San Gyi,19.44708881,94.75978362
adm4,MMR009014062,Khon Taing Kyin,19.48049671,94.61324199
adm4,MMR009014063,Lel Gyi Daunt,19.43310896,94.64508877
adm4,MMR009014064,Ta Kaung Net,19.42768087,94.68833895
adm4,MMR009014065,Zin Kyan,19.45210729,94.7197184
adm4,MMR009014066,Myone Wa,19.48193561,94.68164067
adm4,MMR009014067,Lel Pu Pyar,19.45140478,94.67658911
adm4,MMR009014068,U Yin Pu,19.39978498,94.76241623
adm4,MMR009014069,Pein Hne Pin,19.41025383,94.70383184
adm4,MMR009014070,Pan Taw,19.41539624,94.7475046
adm4,MMR009014071,Myaung,19.28922128,94.74935569
adm4,MMR009014072,Tan (Tha Yet Chin),19.5840058,94.49155396
adm4,MMR009014701,Urban,19.351941,94.73208355
adm4,MMR009014901,,19.27472596,94.5593795
adm4,MMR009014902,,19.52414195,94.85702923
adm4,MMR009014903,,19.40466481,94.79653854
adm4,MMR009014904,,19.48151491,94.80459078
adm4,MMR009015001,Zee Taw,19.02346728,95.0765293
adm4,MMR009015002,Sa Bai Chon,19.02895011,95.0488496
adm4,MMR009015003,Ka Du Pyin,19.05221112,95.0349112
adm4,MMR009015004,Ah Lel,19.05601893,94.99455871
adm4,MMR009015005,Pya Aung,19.05721295,94.93617751
adm4,MMR009015006,Pyin Htaung,19.03691829,94.96971383
adm4,MMR009015007,Kyoet Pin,19.06275552,94.89305884
adm4,MMR009015008,Mone Dar,19.12497584,94.91154474
adm4,MMR009015009,Thar Zi,19.11124031,94.85529367
adm4,MMR009015010,Tha Yet Chaung,19.05004816,94.83651849
adm4,MMR009015011,Si,19.01504917,94.89286388
adm4,MMR009015012,Hpa Yon Hla,19.00386075,94.942463
adm4,MMR009015013,Kyauk Me,18.98853952,94.9738344
adm4,MMR009015014,Ah Lel Chaung,18.96407075,94.93352876
adm4,MMR009015015,Htan Kauk,19.04301856,95.01777853
adm4,MMR009015016,Put Su,18.99703237,95.01083059
adm4,MMR009015017,Nga Me,18.99902632,95.0413501
adm4,MMR009015018,Ka Nyin Taing,18.99766608,95.07971609
adm4,MMR009015019,Gyun Taung,19.01301587,95.10472799
adm4,MMR009015020,Mya Wa Di,18.98094271,95.1071743
adm4,MMR009015021,Wea Gyi,18.95068747,95.1184749
adm4,MMR009015022,Sit Sa Ran,18.92689498,95.10781471
adm4,MMR009015023,Kywe Ta Lin,18.88785179,95.13694657
adm4,MMR009015024,Thet Kei Myaung,18.88836736,95.09774775
adm4,MMR009015025,Lein Tone,18.88196071,95.04961393
adm4,MMR009015026,Pei Kya,18.92554313,95.05492411
adm4,MMR009015027,Thit Mei Zi,18.9451449,95.02962972
adm4,MMR009015028,Bant Bway Kyin,18.94419861,94.98454506
adm4,MMR009015029,Pa Zin Neint,19.05650075,95.06559134
adm4,MMR009015030,Min Te,19.07559806,95.04977223
adm4,MMR009015031,Yae Nant Thar,19.09371279,95.01118838
adm4,MMR009015032,Pu Nyo,19.11344975,94.97775775
adm4,MMR009015033,Than Ba Yar,19.13007746,94.97770646
adm4,MMR009015034,Taw Ma,19.14440703,94.96861639
adm4,MMR009015035,Kyauk Saung,19.17952042,95.00609158
adm4,MMR009015036,Ywar Thar Yar,19.16441435,94.98521527
adm4,MMR009015037,Kyee Mee,19.16806433,94.96648901
adm4,MMR009015038,Kyauk Pa Daung,19.1628508,94.93530163
adm4,MMR009015039,Inn Gyi Kone,19.15914215,95.01036513
adm4,MMR009015040,Nat Mee,19.16062918,95.08420161
adm4,MMR009015041,Htan Kaw,19.16495509,95.0425266
adm4,MMR009015042,Chauk Pin,19.13480892,95.03399103
adm4,MMR009015043,Ah Lat Lel,19.11888398,95.05029153
adm4,MMR009015044,In Bet Taw,19.11885446,95.10111757
adm4,MMR009015045,Oke Shit Cho,19.09818801,95.06698743
adm4,MMR009015046,Htan Lay Pin,19.0818525,95.08905546
adm4,MMR009015047,Min Pyin,19.13746987,95.16480303
adm4,MMR009015048,Dhamma Thaw,19.12453489,95.12474477
adm4,MMR009015049,Gone Thaung,19.14589406,95.14491237
adm4,MMR009015050,Inn Be,19.09668686,95.09745258
adm4,MMR009015051,Kin,19.07154404,95.11936522
adm4,MMR009015052,Kyun Ka Lay,19.04925669,95.10006893
adm4,MMR009015701,Urban,19.02999093,95.0932864
adm4,MMR009015901,,19.02249164,94.76285614
adm4,MMR009015902,,18.8497535,95.05972391
adm4,MMR009016002,Inn Kone,19.28446133,95.22652045
adm4,MMR009016003,Than,19.31566415,95.26453494
adm4,MMR009016004,Pi Tauk Kone,19.31773631,95.22279517
adm4,MMR009016005,Moe Hpone,19.41162047,95.21889102
adm4,MMR009016006,Ywar Pyin,19.45795106,95.21092249
adm4,MMR009016007,Shwe Nyaung Pin,19.38325445,95.26783835
adm4,MMR009016008,Moe Kaung,19.42643693,95.25740528
adm4,MMR009016009,Sit Aung,19.43325142,95.29044559
adm4,MMR009016010,Yae Nan Gyi,19.46361535,95.28431657
adm4,MMR009016011,Mauk Tin,19.44526644,95.33600513
adm4,MMR009016012,Ta Loke Chaung,19.43217545,95.37594652
adm4,MMR009016013,Myo Thit,19.44329383,95.42085148
adm4,MMR009016014,Kyet Yone Ka Lay,19.38483268,95.33968772
adm4,MMR009016015,Pya Loet,19.15681308,95.21014136
adm4,MMR009016016,Ma Au Khon,19.2058677,95.20522135
adm4,MMR009016017,Taung Nan Thar,19.24547388,95.2046399
adm4,MMR009016018,Kyauk Se,19.2004341,95.25300564
adm4,MMR009016019,Htauk Kyant Taing,19.2425958,95.24812305
adm4,MMR009016020,Ma Har Zin,19.21196612,95.27340706
adm4,MMR009016021,Let Myaung,19.15890104,95.26544829
adm4,MMR009016022,Ta Zan,19.10988996,95.2887164
adm4,MMR009016023,Si,19.13986135,95.3189434
adm4,MMR009016024,Than Bo Gyi,19.19868117,95.31999754
adm4,MMR009016025,Pya Gyi,19.17771271,95.31054926
adm4,MMR009016026,Taung Tee,19.18229947,95.37286272
adm4,MMR009016027,Sin Toke,19.13018807,95.34889605
adm4,MMR009016028,Inn Ywar Gyi,19.14424263,95.38572993
adm4,MMR009016029,Du Yin Ga Bo,19.06346095,95.20017037
adm4,MMR009016030,Kyi Yat Kone,19.08384842,95.16732318
adm4,MMR009016031,Nga Pyin,19.09794629,95.1834966
adm4,MMR009016032,Kun Laung,19.12141683,95.19812115
adm4,MMR009016033,Myin Ka Paing,19.08819198,95.22814601
adm4,MMR009016034,Kywe Thay,19.02764762,95.26246262
adm4,MMR009016035,Nga Me Kan,19.02753096,95.22336497
adm4,MMR009016036,Sa Gyi,19.04117969,95.18008268
adm4,MMR009016037,Ka Lon Hmaw,19.01936505,95.15845967
adm4,MMR009016038,Let Pa Kan,19.01586538,95.19189653
adm4,MMR009016039,Kyauk Oe Taung,18.97958542,95.18133817
adm4,MMR009016040,Tha Yet Taw,18.96999371,95.14646468
adm4,MMR009016041,Kar Ma Lay,19.02245572,95.12914544
adm4,MMR009016042,Zay Yar,19.05482742,95.14203943
adm4,MMR009016043,Nyaung Pin Seik,19.06801052,95.15922597
adm4,MMR009016044,Than Bu La,19.34848298,95.51960654
adm4,MMR009016045,Nyaung Kaing,19.32781728,95.54346756
adm4,MMR009016046,Dan Daunt,19.30425119,95.53552645
adm4,MMR009016047,Maung Ma Hloke,19.29659624,95.49139195
adm4,MMR009016048,Aung Myay Kone,19.33715758,95.4804883
adm4,MMR009016049,Pyin Pon,19.38644664,95.47789324
adm4,MMR009016050,Bo Lu Kone,19.43235478,95.47661905
adm4,MMR009016051,Sat Su Wa,19.37548445,95.53531331
adm4,MMR009016052,Hlan Tin,19.38034946,95.59010338
adm4,MMR009016053,Pein Inn,19.32167928,95.58022139
adm4,MMR009016054,Ta Loke Pin,19.35040157,95.66720991
adm4,MMR009016055,Hnauk San,19.39361978,95.67351555
adm4,MMR009016056,Ma Lel Thar,19.44723906,95.63348394
adm4,MMR009016057,Kayin Ma San,19.44713528,95.69063216
adm4,MMR009016058,Oke Shit Kone,19.44347315,95.56937872
adm4,MMR009016059,Thit Khaung Tee,19.43665867,95.52782798
adm4,MMR009016060,Kyauk Pa Taung,19.27625827,95.38427106
adm4,MMR009016061,Kyar Thay,19.3063211,95.44003936
adm4,MMR009016062,Ywar Ma Htone,19.31296426,95.46713115
adm4,MMR009016063,Hta Ma Kan,19.23949416,95.48200703
adm4,MMR009016064,Nyaung Aing,19.26088419,95.4934667
adm4,MMR009016065,Hle Kar Yar,19.21390793,95.41354971
adm4,MMR009016066,Myo Hla,19.24344267,95.37290828
adm4,MMR009016067,Nyaung Pin Waing,19.25221134,95.33682075
adm4,MMR009016068,Tha Pyay Pin,19.2573968,95.30428446
adm4,MMR009016069,Sa Mya,19.22833414,95.29819759
adm4,MMR009016070,Tei Pin,19.31535733,95.31604264
adm4,MMR009016071,Shwe Pan Taw Lay,19.36546518,95.40174743
adm4,MMR009016072,Shwe Pan Taw Gyi,19.22424214,95.55722759
adm4,MMR009016073,Zeint,19.2365158,95.52801514
adm4,MMR009016074,Nga Yoke Kone,19.20471211,95.50970748
adm4,MMR009016075,Let Pa Khon,19.1980161,95.46638893
adm4,MMR009016076,Tin Koke,19.28581277,95.50903944
adm4,MMR009016077,Haing Gyi Doe,19.26553419,95.53180619
adm4,MMR009016078,Ma Gyi Zin,19.26012929,95.57051544
adm4,MMR009016079,Myo Mi,19.23878962,95.59012244
adm4,MMR009016080,Nat Mauk,19.22201013,95.59943778
adm4,MMR009016081,Byan Di,19.18611208,95.5574315
adm4,MMR009016082,Tha Hpan San,19.18034608,95.60623914
adm4,MMR009016083,Swei Tone,19.18991041,95.64205592
adm4,MMR009016084,Thone Ywar Saing,19.20917612,95.68396058
adm4,MMR009016085,Ye Din,19.22852014,95.62351856
adm4,MMR009016086,Inn Lel,19.25902418,95.63296003
adm4,MMR009016087,Chin Sa Khan Gyi,19.28025301,95.62165689
adm4,MMR009016088,Koe Taung,19.30649684,95.64324404
adm4,MMR009016089,Tin Taw,19.28254898,95.71425331
adm4,MMR009016090,Kyauk Oe,19.25696475,95.67661303
adm4,MMR009016091,Htu Pauk,19.21736013,95.65217129
adm4,MMR009016092,Khoke Chaung,19.22881673,95.72731097
adm4,MMR009016701,Urban,19.36183729,95.21908717
adm4,MMR009016901,,19.08912522,95.25961995
adm4,MMR009016902,,19.4187258,95.57844849
adm4,MMR009016903,,19.31184591,95.29420253
adm4,MMR009016904,,19.3184824,95.38819325
adm4,MMR009016905,,19.30714407,95.8008353
adm4,MMR009016906,,18.98421196,95.21780296
adm4,MMR009017001,Kyun,19.74155052,95.17048333
adm4,MMR009017002,Lel Kyoe,19.71667719,95.20231876
adm4,MMR009017003,Nyan Taw Inn,19.76921629,95.18611885
adm4,MMR009017004,Ma Gyi Kone,19.76855083,95.25135521
adm4,MMR009017005,War Shi,19.67653607,95.2791677
adm4,MMR009017006,Sar Ra Pay,19.67729795,95.02480201
adm4,MMR009017007,Baw Myint,19.71164699,95.25875063
adm4,MMR009017008,Kyauk Saung San,19.72887838,95.29660849
adm4,MMR009017009,Htauk Ma,19.60217024,95.29365744
adm4,MMR009017010,Kyar Inn,19.68594741,95.17708139
adm4,MMR009017011,Kyauk Chet,19.61884293,95.20146575
adm4,MMR009017012,Hmun Nyaung Pin Thar,19.57780424,95.20226723
adm4,MMR009017013,Ma Gyi Kan,19.53278331,95.2169468
adm4,MMR009017014,Zaung Tan Gyi,19.61835829,95.26353326
adm4,MMR009017015,Da Gon Hmaw,19.49453713,95.19945747
adm4,MMR009017016,Zaung Chan Taung,19.69722626,95.10088483
adm4,MMR009017017,Inn Ma,19.66737048,95.13960414
adm4,MMR009017018,Shwe Maung Sun,19.58593685,95.14245274
adm4,MMR009017019,Ywar Pale,19.59593745,95.07117034
adm4,MMR009017020,Ngan Pyar,19.74441226,95.13513029
adm4,MMR009017021,Let Pan,19.81465388,95.13874487
adm4,MMR009017022,Si Taing,19.80413459,95.07401368
adm4,MMR009017023,Htein Inn,19.72353994,95.0554237
adm4,MMR009017024,Taw Nyaung Pin Thar,19.68167281,95.42747545
adm4,MMR009017025,Hlay Wun,19.64307716,95.33051248
adm4,MMR009017026,Sit Say Chaung,19.60805559,95.3586575
adm4,MMR009017027,Chaung Kauk,19.71544964,95.37654048
adm4,MMR009017028,Aye Ka Rit,19.56105946,95.28520232
adm4,MMR009017029,Kyar Htu San,19.51075873,95.30563104
adm4,MMR009017030,Kyaung Kone,19.77545288,95.08107646
adm4,MMR009017031,Tha Hngar,19.54161996,95.35011604
adm4,MMR009017032,Lel Ma,19.57300851,95.37232287
adm4,MMR009017033,Lay Du Kwe,19.51272051,95.39632236
adm4,MMR009017034,Sin Ma Taung,19.54410423,95.4443023
adm4,MMR009017035,Da None Myaung,19.60795481,95.59915086
adm4,MMR009017036,Kone Bo,19.65540748,95.54784857
adm4,MMR009017037,Hmun Sa,19.58584063,95.6358796
adm4,MMR009017038,Kan Chaung,19.54326566,95.67087836
adm4,MMR009017039,Zee Hpyu Kone,19.49924398,95.66552718
adm4,MMR009017040,Le Zin,19.57695362,95.54256089
adm4,MMR009017041,Gway Tauk San,19.52037009,95.49301994
adm4,MMR009017042,Shwe Pan Taw,19.53877515,95.58582413
adm4,MMR009017043,In Yon,19.60718377,95.48476742
adm4,MMR009017044,Thar Si,19.61213207,95.43527708
adm4,MMR009017045,Kyin,19.49609634,95.55410839
adm4,MMR009017046,Let Pan Ngu,19.77881775,95.14592731
adm4,MMR009017701,Urban,19.72270158,95.16212734
adm4,MMR009017901,,19.50833766,95.61740096
adm4,MMR009017902,,19.51305057,95.43953917
adm4,MMR009017903,,19.57967984,95.71320297
adm4,MMR009017904,,19.59337305,95.39753758
adm4,MMR009018001,Kan Taw,21.35862318,94.94344929
adm4,MMR009018002,Kan Hla,21.37127189,94.98372643
adm4,MMR009018004,Ma Gyi Thone Pin,21.42780138,94.74231435
adm4,MMR009018005,Kaing,21.4471777,95.04072665
adm4,MMR009018006,Kan Yat Gyi,21.38670846,94.93999588
adm4,MMR009018007,Koke Ko Hla,21.31087649,95.06782921
adm4,MMR009018008,Ku,21.36952467,94.85499409
adm4,MMR009018009,Kun,21.33866533,95.15973772
adm4,MMR009018010,Kyee,21.3862865,95.13202793
adm4,MMR009018011,Kyar Kyun (Kyun Ka Lay),21.25457354,94.9951233
adm4,MMR009018012,Kyun Nyo Gyi,21.32254296,95.01660669
adm4,MMR009018013,Kywe Te,21.35048445,95.12248258
adm4,MMR009018014,Ah Shey Kan Hpyu,21.18603948,94.74043435
adm4,MMR009018015,Chaing,21.31561968,94.84577481
adm4,MMR009018016,Kya Htoe,21.36042956,94.81242475
adm4,MMR009018017,Chaik,21.02528653,94.77481765
adm4,MMR009018018,Chauk Kan,21.37900273,95.04016144
adm4,MMR009018019,Ga Wun Lay Taing,21.35231907,94.72632995
adm4,MMR009018020,Sa Bay,21.34145399,94.77283592
adm4,MMR009018021,Sa Nyaung,21.27480885,94.72419329
adm4,MMR009018022,Seik Kha Wa,21.13706052,94.80761833
adm4,MMR009018023,Yae Le Zee Taw,21.24865544,94.97589911
adm4,MMR009018024,Nyaung Pin,21.2692041,94.90728416
adm4,MMR009018025,Nyaung Pin Hla,21.37441665,94.88449907
adm4,MMR009018026,Nyaung Hla,21.23482035,94.83308669
adm4,MMR009018027,Tin Gat,21.30992776,95.00255486
adm4,MMR009018028,Deit Pyar,21.24471707,94.72050651
adm4,MMR009018029,Nat Kyun,21.36258122,95.19252789
adm4,MMR009018030,Pan Taing Chon,21.40600085,95.1307131
adm4,MMR009018031,Pakokku Kyun,21.30934468,95.08515476
adm4,MMR009018032,Pauk Taw,21.2317481,94.7909256
adm4,MMR009018033,Hpa Lan Oh,21.32452781,94.87768201
adm4,MMR009018034,Shin Ma Kan,21.31447532,94.90323499
adm4,MMR009018035,Hpaung Kwe,21.41717569,94.84136866
adm4,MMR009018036,Be,21.27737684,94.92858907
adm4,MMR009018037,Ma Gyi Pin Pu,21.38915864,95.18075423
adm4,MMR009018038,Ah Nauk Ma Gyi Kan,21.31112448,94.92880773
adm4,MMR009018039,Myin Kyun,21.29182409,95.02994566
adm4,MMR009018040,Mei Za Li Pin Kone,21.28264243,94.97936366
adm4,MMR009018041,Myin Win,21.31303925,94.95832831
adm4,MMR009018042,Yae Cho,21.25396623,94.83530499
adm4,MMR009018043,Myo Khin Thar,21.32644257,94.96850537
adm4,MMR009018044,Myit Hpyar,21.28645532,94.69256202
adm4,MMR009018045,Myo Soe,21.19943271,94.81246011
adm4,MMR009018046,Shar Pin Kaing,21.27358635,94.95082477
adm4,MMR009018047,Shar Pin,21.23166194,94.91361159
adm4,MMR009018048,Shar Du,21.11625779,94.74286223
adm4,MMR009018049,Shwe Dar,21.38909853,95.21153302
adm4,MMR009018050,Yae Lar,21.40686249,94.85105417
adm4,MMR009018051,Yae Myet,21.39506265,94.86225628
adm4,MMR009018052,Lan Ywar,20.99806264,94.81071611
adm4,MMR009018053,Lel Yar,21.34058786,95.03118978
adm4,MMR009018054,Let Pan Kyun (Ku Kyun),21.24530461,94.94840334
adm4,MMR009018055,Tha Yet Taw,21.25730518,94.8826688
adm4,MMR009018701,Urban,21.33575265,95.08166223
adm4,MMR009018702,Urban,21.38788009,94.79647721
adm4,MMR009019001,Kaing,21.55213197,95.29879736
adm4,MMR009019002,Kan Hpyu,21.81940799,95.14438358
adm4,MMR009019003,Kan Beit,21.58848953,95.22703812
adm4,MMR009019004,Kan Thit,21.62434974,95.18198538
adm4,MMR009019005,Koke Ko Su,21.7156991,95.08070624
adm4,MMR009019006,Kyet Su Kyin,21.68078414,95.11812136
adm4,MMR009019007,Kan U,21.57843853,95.28839273
adm4,MMR009019008,Khway Hmyoke,21.59404028,95.10523106
adm4,MMR009019009,Gway Gon,21.82378103,95.07067278
adm4,MMR009019010,Nga Ta Yaw,21.55089536,95.27563037
adm4,MMR009019011,Sint Kaing,21.57171027,95.24650518
adm4,MMR009019012,Sin Chay Yar,21.62954839,95.28591369
adm4,MMR009019013,Sar Lin Kone,21.66441576,95.09700681
adm4,MMR009019014,Zee Kyun,21.65224253,95.25011645
adm4,MMR009019015,Zee Taw,21.68791127,95.18365359
adm4,MMR009019016,Nyaung Zauk,21.60683297,95.25136136
adm4,MMR009019017,Nyaung Taw,21.65504655,95.23318676
adm4,MMR009019018,Taung U,21.68709708,95.03756113
adm4,MMR009019019,Htan Se Pin,21.6101844,95.21287662
adm4,MMR009019020,Ni Pa Say Taw,21.71826029,95.03534095
adm4,MMR009019021,Pa Rein Thar,21.76947553,95.17242983
adm4,MMR009019022,Pay Kone,21.63302448,95.20151921
adm4,MMR009019023,Byi Ba,21.8213142,95.10879616
adm4,MMR009019024,Bone Taw Pyayt,21.57980623,95.32367966
adm4,MMR009019025,Baung Beit Tan,21.62165715,95.08068022
adm4,MMR009019026,Myay Sun Taw,21.65105362,95.28215455
adm4,MMR009019027,Mi Hpa Yar,21.59396803,95.28767238
adm4,MMR009019028,Mee Laung Kyun,21.61119659,95.2875814
adm4,MMR009019029,Moe Kwe,21.56632517,95.27039846
adm4,MMR009019030,Myay Taw,21.55070094,95.32562946
adm4,MMR009019031,Ma Au (Middle),21.72874648,95.18305586
adm4,MMR009019032,Ma Au (Auk Seik),21.74728768,95.17033057
adm4,MMR009019033,Myay Hpyu,21.65180238,95.18432765
adm4,MMR009019034,Myay Hpyu Kyin,21.70972031,95.14701198
adm4,MMR009019035,Ywar Thit,21.61315827,95.22747581
adm4,MMR009019036,Aung Nan,21.65205437,95.14067639
adm4,MMR009019037,Ywar Htaung,21.72216513,95.11021895
adm4,MMR009019038,Wet Ka Taw,21.7766743,95.14860133
adm4,MMR009019039,War Yar,21.71290288,95.21450381
adm4,MMR009019040,Tha Man Ta Poet,21.58388555,95.25093816
adm4,MMR009019041,Thar Gaung,21.60887315,95.31483313
adm4,MMR009019042,Thar Si,21.67424119,95.21696294
adm4,MMR009019043,Thit Gyi Taw,21.80266827,95.12165551
adm4,MMR009019044,Than Pyar Chaung,21.69429765,95.08170195
adm4,MMR009019045,Tha Pyay Pin,21.62929616,95.15299546
adm4,MMR009019046,Pa Khan Nge,21.54638687,95.23999704
adm4,MMR009019047,Pa Khan Gyi,21.55336858,95.20327578
adm4,MMR009019048,Kan Daunt,21.52408692,95.23539687
adm4,MMR009019049,Zee Kone,21.51243333,95.22865109
adm4,MMR009019050,Yat Thar,21.49323227,95.22622258
adm4,MMR009019051,Ko Yint,21.47215851,95.22832444
adm4,MMR009019052,Ba La Ba,21.4371825,95.22473283
adm4,MMR009019053,Za Ya Ma,21.42154642,95.20906595
adm4,MMR009019054,Kwayt Daunt,21.40471428,95.22323889
adm4,MMR009019055,Nga Lan,21.40461461,95.24414807
adm4,MMR009019056,Nga Myar Gyi,21.43960086,95.24129612
adm4,MMR009019057,Lay Yar Pyayt,21.42810095,95.25349109
adm4,MMR009019058,Sin Ma Ye,21.45073031,95.25956658
adm4,MMR009019059,Hnaung Ba,21.45457372,95.23547159
adm4,MMR009019060,Ah Lel Kyaw,21.47101064,95.25420881
adm4,MMR009019061,Ah Lel Thaung,21.50068918,95.25571322
adm4,MMR009019062,War Boe,21.5525699,95.26086716
adm4,MMR009019063,Nan U,21.52868999,95.26345246
adm4,MMR009019064,Nwe Ni,21.48609723,95.28327761
adm4,MMR009019065,Aung Pan Chaung,21.4457036,95.27097676
adm4,MMR009019066,Nat Hnyun,21.47050349,95.30701913
adm4,MMR009019067,Sin Te,21.48733384,95.30982877
adm4,MMR009019068,Nay Yin,21.51758047,95.31092759
adm4,MMR009019069,Min,21.53333556,95.30373504
adm4,MMR009019070,Yae Shar,21.52798793,95.28648227
adm4,MMR009019071,Sin Chaung,21.51522594,95.19825048
adm4,MMR009019072,Mauk Ka Lan,21.46229058,95.19217099
adm4,MMR009019073,Kyu,21.43332227,95.18549495
adm4,MMR009019074,Myay Hpyu,21.48196804,95.15638963
adm4,MMR009019075,Htan Nge Taw,21.46189535,95.11195798
adm4,MMR009019076,Tha Yet Pin Kan,21.51886104,95.09436933
adm4,MMR009019077,Min Kan,21.51725969,95.14203574
adm4,MMR009019078,Kaing Ma Gyi,21.55149878,95.14431215
adm4,MMR009019079,Kyauk Kar,21.57847177,95.13133345
adm4,MMR009019080,Htan To,21.58749889,95.16976319
adm4,MMR009019081,Kyee Kan,21.58749889,95.19950257
adm4,MMR009019701,Urban,21.62838689,95.24930185
adm4,MMR009020001,Thet Kei Kan,21.59843388,94.79552378
adm4,MMR009020002,Inn Yaung,21.63803876,94.82237731
adm4,MMR009020003,Htan Bu Taw,21.5968129,94.86054531
adm4,MMR009020004,Kan Tein,21.41904627,94.91061025
adm4,MMR009020005,Kyan Seint,21.55892348,95.09269843
adm4,MMR009020006,Kyauk Sauk,21.53916045,94.97470503
adm4,MMR009020007,Myo Thar,21.54752941,94.91719246
adm4,MMR009020008,Sa Bay,21.57618184,94.93456955
adm4,MMR009020009,Seik Sin,21.60143351,94.98209794
adm4,MMR009020010,Da Hat Chauk,21.42799884,94.96007384
adm4,MMR009020011,Hnaw Pin,21.44856324,94.9882993
adm4,MMR009020012,Mon Hnyin Myauk,21.48690516,95.00304874
adm4,MMR009020013,Wet Kya,21.51586914,95.05687245
adm4,MMR009020014,Paik Thin,21.55848643,94.99729198
adm4,MMR009020015,Hpaung Kwe,21.50532955,94.95886728
adm4,MMR009020016,Nyaung Twin,21.45045598,94.8944761
adm4,MMR009020017,Myo Tin,21.50597893,94.90525348
adm4,MMR009020018,Ma Gyi Su,21.5576853,95.04511666
adm4,MMR009020019,Thit Gyi Taw,21.53510509,94.87324922
adm4,MMR009020020,Kun Taw,21.66326885,94.97529122
adm4,MMR009020021,Hpya Thee,21.79993291,94.94041235
adm4,MMR009020022,Kyi Kan,21.7114103,94.98970591
adm4,MMR009020023,Lin Ka Taw,21.75792927,95.0178918
adm4,MMR009020024,Pan Swar,21.80812697,94.98480267
adm4,MMR009020025,Te Gyi,21.76501298,95.09762267
adm4,MMR009020026,Tha Nat Pin Kone,21.60640747,94.91022755
adm4,MMR009020027,Shwe Lin Swea,21.69907555,94.9344399
adm4,MMR009020028,Ah Lel Kan,21.63260834,94.96445692
adm4,MMR009020029,Ywar Thit Hpya,21.822891,94.94614538
adm4,MMR009020030,Hle Khoke,21.80809724,95.03518949
adm4,MMR009020031,Taung Boet,21.73913109,94.92477117
adm4,MMR009020032,Let Se Kan,21.62755551,95.0303188
adm4,MMR009020033,Taung Kaing,21.78364397,94.92449076
adm4,MMR009020034,Kan Ni,21.68574104,94.89874482
adm4,MMR009020035,Paung Tei,21.75666378,94.96624959
adm4,MMR009020036,Ba Hin,21.71725341,94.67586171
adm4,MMR009020037,Tha Dut,21.75806988,94.6659104
adm4,MMR009020038,Gyoke,21.70044681,94.74377125
adm4,MMR009020039,Thin Ma,21.68137779,94.76729378
adm4,MMR009020040,Taung Son,21.65253858,94.73591664
adm4,MMR009020041,Su Win,21.70481007,94.71291828
adm4,MMR009020042,Chaung Son,21.81784068,94.7378739
adm4,MMR009020043,Htay Aung,21.83241922,94.64470545
adm4,MMR009020044,Sin Sein,21.60519408,94.71471212
adm4,MMR009020045,Sin Swei,21.75244548,94.5806731
adm4,MMR009020046,Thee Tone,21.80742149,94.58356649
adm4,MMR009020047,Wei Taung,21.70534096,94.6178014
adm4,MMR009020048,Than Bo Gyi,21.75716909,94.76254769
adm4,MMR009020049,Seik Chay,21.67476597,94.68448228
adm4,MMR009020050,Ma Gyi Kan,21.73939288,94.82090453
adm4,MMR009020051,Oe Bo,21.68428662,94.86845456
adm4,MMR009020052,Myo Soe (South),21.61702507,94.77237731
adm4,MMR009020053,Min Thar Kya,21.68202419,94.83701924
adm4,MMR009020054,Pauk Pyin,21.61313732,94.87984947
adm4,MMR009020055,Gway Pin Lel,21.64305111,94.89456356
adm4,MMR009020056,Htan Bone Taw,21.65072091,94.92998695
adm4,MMR009020057,Hta Naung Win,21.72953516,94.88161604
adm4,MMR009020058,Let Yet Ma,21.76285061,94.90879765
adm4,MMR009020059,Ywar Shey,21.8085488,94.89827962
adm4,MMR009020060,Bone Gyi Kan,21.80081526,94.82408925
adm4,MMR009020061,Kyauk Kan,21.82693721,94.86670454
adm4,MMR009020062,Kyauk Taung,21.83948296,94.82243666
adm4,MMR009020063,Bant Boe,21.83573446,94.88859429
adm4,MMR009020064,Tha Min Chauk,21.78084867,94.85703261
adm4,MMR009020065,Kyet Mauk,21.69940694,94.79076819
adm4,MMR009020066,Pay Pin Taik,21.54946295,94.79412249
adm4,MMR009020067,Kaing Taw Ma,21.51948701,94.75435513
adm4,MMR009020068,Wet Poke,21.57340168,94.74452586
adm4,MMR009020069,Myay Yint,21.48213193,94.81391808
adm4,MMR009020070,Chaing Zauk,21.58628555,94.82928417
adm4,MMR009020071,Ywar Tan Shey,21.51765632,94.80163691
adm4,MMR009020072,Kan Yar Kaung,21.51942401,94.84669592
adm4,MMR009020073,Hnan Si Kan,21.47030545,94.77248984
adm4,MMR009020074,Kun Lat (North),21.60430401,94.75487504
adm4,MMR009020075,Tha Yet Kwa,21.55893661,94.83235406
adm4,MMR009020076,Nyaung,21.49510262,94.8488608
adm4,MMR009020077,Aing Ma,21.54378598,94.74235419
adm4,MMR009020078,Oh Yin,21.44651737,94.84724747
adm4,MMR009020079,Daung Oh,21.57580546,94.87875089
adm4,MMR009020080,Twin Ma,21.43467021,94.79992662
adm4,MMR009020081,Thin Paung Kan,21.55545527,94.87364965
adm4,MMR009020701,Urban,21.61169033,94.85866576
adm4,MMR009021001,Htan Ta Pin,21.47340373,94.43252885
adm4,MMR009021002,Aint Kaing,21.44277466,94.52566159
adm4,MMR009021003,Than Pu Yar Aint,21.44333015,94.55682249
adm4,MMR009021004,Hpa Yar Taung,21.41218419,94.6001994
adm4,MMR009021005,Dee Doke Kwin,21.34569214,94.55183046
adm4,MMR009021006,Boe Hpyu Lone Kan,21.39249056,94.57339536
adm4,MMR009021007,Khin Shey,21.3638038,94.53150647
adm4,MMR009021008,Tei Pin Kan,21.38213907,94.54301973
adm4,MMR009021009,Taung Myint,21.36671061,94.50018676
adm4,MMR009021010,Zee Hpyu Kone,21.41218657,94.50040098
adm4,MMR009021011,Te Taw Yar,21.31842983,94.49741519
adm4,MMR009021012,Chaung Nar,21.3536128,94.43307259
adm4,MMR009021013,Kaing Lel,21.28934474,94.47520292
adm4,MMR009021014,Tat Kone,21.28048407,94.45030525
adm4,MMR009021015,Taung Bet,21.30402078,94.4030847
adm4,MMR009021016,Kin Soke,21.28231971,94.39620418
adm4,MMR009021017,Kin Ma,21.22766111,94.44163929
adm4,MMR009021018,Taung Cho,21.21628952,94.36035295
adm4,MMR009021019,Ta Su,21.2784816,94.32651547
adm4,MMR009021020,Thet Kei Kyin,21.26952787,94.28466553
adm4,MMR009021021,Inn Taw,21.44796442,94.49827545
adm4,MMR009021022,Tha Put Su,21.4243887,94.47006662
adm4,MMR009021023,Lel Lan,21.39280964,94.44857816
adm4,MMR009021024,Kyauk Kar,21.35797816,94.39525576
adm4,MMR009021025,Wun Chone,21.31187059,94.34934518
adm4,MMR009021026,Gway Gon,21.55148526,94.4368848
adm4,MMR009021027,Wet Poke (Than Taw Aint),21.55695833,94.48603004
adm4,MMR009021028,Sa Thein,21.58667999,94.43235668
adm4,MMR009021029,Dat Taw,21.59707849,94.47476167
adm4,MMR009021030,Wun Tin,21.60362872,94.51308123
adm4,MMR009021031,Aint Ma,21.62655452,94.54460001
adm4,MMR009021032,Myauk Bet,21.49691456,94.47713926
adm4,MMR009021033,Lin Taung,21.48135777,94.40177632
adm4,MMR009021034,Hmyar Paing,21.49001667,94.3412573
adm4,MMR009021035,Pa Laung,21.4442398,94.33410461
adm4,MMR009021036,Chaung Ku,21.54030983,94.39566963
adm4,MMR009021037,Yae Hpyu,21.57069912,94.36594998
adm4,MMR009021038,Sa Pan,21.5056482,94.44170877
adm4,MMR009021039,Ku Kar,21.40166331,94.37592705
adm4,MMR009021040,Zee Pyar,21.63747157,94.4391089
adm4,MMR009021041,Zaung Yar Pin,21.65930567,94.4793857
adm4,MMR009021042,Lel Oh,21.7254863,94.53150605
adm4,MMR009021043,Tha Yet Kan,21.66179892,94.59789886
adm4,MMR009021044,Kyauk Taing Khin,21.59980775,94.61184903
adm4,MMR009021045,Kyauk Ma Sin,21.74921331,94.42467601
adm4,MMR009021046,Gaung Paung,21.71648241,94.43550243
adm4,MMR009021047,Htan Taw,21.80840469,94.42982308
adm4,MMR009021048,Kyaw Thar,21.76984079,94.42395815
adm4,MMR009021049,Ka Paing (South),21.63474231,94.38894772
adm4,MMR009021050,Tha Mar Taw,21.43738175,94.59841091
adm4,MMR009021051,Pyin Chaung,21.39071995,94.67908278
adm4,MMR009021052,Nat U Yin,21.42716018,94.70222985
adm4,MMR009021053,Su Lay Kone,21.34777178,94.67912559
adm4,MMR009021054,Nyaung Win,21.34949335,94.59441351
adm4,MMR009021055,Kyun Yin,21.28546508,94.66552377
adm4,MMR009021056,Kyaung Kone,21.29148338,94.64354597
adm4,MMR009021057,Toke Su,21.35061712,94.64094904
adm4,MMR009021058,Nant Thar,21.28931231,94.57997182
adm4,MMR009021059,Nyaung Win Pauk,21.47316998,94.51117647
adm4,MMR009021060,Myo Khin Thar,21.50673991,94.51917159
adm4,MMR009021061,Chaing Zauk,21.5441308,94.56036559
adm4,MMR009021062,Sa Hpe,21.48599752,94.56428219
adm4,MMR009021063,Ka Pyo,21.5222967,94.62875746
adm4,MMR009021064,Tin Ngoke Pyin,21.48168452,94.70249093
adm4,MMR009021065,Inn Tein,21.49445823,94.65796763
adm4,MMR009021066,Tha Nat Pin Zin,21.4815724,94.63788094
adm4,MMR009021067,Kan Bar Hpyu,21.57606317,94.6813947
adm4,MMR009021068,Yae Pyar,21.41910829,94.6291765
adm4,MMR009021069,Se Pin,21.43454089,94.64915138
adm4,MMR009021070,Nga Moet Gyi,21.40343102,94.6360184
adm4,MMR009021071,Koke Ko Su,21.47178945,94.61136081
adm4,MMR009021701,Urban,21.45046986,94.47211073
adm4,MMR009022001,Koe Taunt,20.90155328,94.76819235
adm4,MMR009022003,Kan Bar Gyi,20.89415663,94.75173273
adm4,MMR009022004,Chin Taung,20.88469604,94.71796785
adm4,MMR009022005,Myin Ka Wa,20.85916001,94.7180688
adm4,MMR009022006,Te Gyi,20.93181451,94.7171038
adm4,MMR009022007,Htein Kan,20.94865859,94.67528225
adm4,MMR009022008,Myay Kyan Taw,20.97593594,94.7177733
adm4,MMR009022009,Chaung Ma Gyi,20.95777482,94.76231256
adm4,MMR009022010,Gway Pin,20.98988887,94.6711472
adm4,MMR009022011,Pin Ta Le,21.01642279,94.73433604
adm4,MMR009022012,Daw Thar,21.03010056,94.75240508
adm4,MMR009022013,Pay Taw,21.0295021,94.6935913
adm4,MMR009022014,Ywar Thit Gyi,21.01756313,94.70158397
adm4,MMR009022015,Ma Gyi Kone,21.00573442,94.64670908
adm4,MMR009022016,Ah Shey Kan Twin,21.06613578,94.74663285
adm4,MMR009022017,Let Se,21.06853872,94.68855435
adm4,MMR009022018,Tet Ma,21.14261413,94.67457479
adm4,MMR009022019,Ah Nauk Kan Twin,21.03592082,94.63013827
adm4,MMR009022020,Yae Poke,21.03258758,94.66345775
adm4,MMR009022021,Saik Khan,21.10225242,94.71027853
adm4,MMR009022022,Ywar Ma,21.06972271,94.72000894
adm4,MMR009022023,Shar Pin Aint,21.07430002,94.62195448
adm4,MMR009022024,Kya Bay,21.17230272,94.69695095
adm4,MMR009022025,Htan Ma Kauk,21.09185974,94.59872744
adm4,MMR009022026,Inn Kan,21.1998704,94.68123507
adm4,MMR009022027,Kyauk Gyi,21.19732128,94.57297243
adm4,MMR009022028,Kin Mun Taunt,21.24117845,94.61248355
adm4,MMR009022029,Ywar Thar Aye,21.0106176,94.60889734
adm4,MMR009022030,Ah Nauk Ka Hpyu,21.14143795,94.70355161
adm4,MMR009022031,Ku Shey,21.13412813,94.59545994
adm4,MMR009022032,Ka Zun Ma,21.03191869,94.39656776
adm4,MMR009022033,Kyun Taw,21.00083684,94.56297629
adm4,MMR009022034,Kone,21.07261703,94.49283491
adm4,MMR009022035,Kyaung,21.06277686,94.54385444
adm4,MMR009022036,Thet Kei Kyin,21.10055771,94.4456612
adm4,MMR009022037,Hnget Khway,20.95040254,94.41089411
adm4,MMR009022038,Shauk Pin Inn,20.90752863,94.41080066
adm4,MMR009022039,Hnget Pyar Gyi,20.9327651,94.38968081
adm4,MMR009022040,Kaw Ton,20.98031105,94.46499325
adm4,MMR009022041,Kyun Chaung,21.06132808,94.42794398
adm4,MMR009022042,Shar Hla,21.14218118,94.37063883
adm4,MMR009022043,Nyaung Ni Chaung,21.00329463,94.51255128
adm4,MMR009022701,Urban,20.90815301,94.79328001
adm4,MMR009022901,,21.03225012,94.34751615
adm4,MMR009022902,,21.15954669,94.43031303
adm4,MMR009023001,Ma Gyi Khin,22.11669865,94.08899239
adm4,MMR009023002,Taung Pyin,22.11706953,94.04477933
adm4,MMR009023003,Zee Pyar,22.08526251,94.02751447
adm4,MMR009023004,Zar Haw,22.17489222,94.07622511
adm4,MMR009023005,Lon Haw,22.20053353,94.06762288
adm4,MMR009023006,Pyit Ma,22.16472365,94.19074875
adm4,MMR009023007,Lel Ma,22.14062255,94.2479551
adm4,MMR009023008,Aung Myin,22.10347065,94.10114702
adm4,MMR009023009,Kyaw Ywar,22.24100388,94.07798268
adm4,MMR009023010,Myin Zar,22.29207295,94.19677919
adm4,MMR009023011,Kyun Dat,22.27425651,94.07291312
adm4,MMR009023012,Pyar,22.1049679,94.15763009
adm4,MMR009023013,Po U,22.2363885,94.18566026
adm4,MMR009023014,Kun Ze,22.2333734,94.24018622
adm4,MMR009023015,Saing Du,22.18784622,94.12286174
adm4,MMR009023016,Lar Poet,22.24374426,94.13758477
adm4,MMR009023017,Ywar Si,22.19819575,94.17906017
adm4,MMR009023018,Min Ywar,22.01486451,94.07832926
adm4,MMR009023019,Chaung Net,21.98046167,94.06990287
adm4,MMR009023020,Hpet Wun,21.95654642,94.07139445
adm4,MMR009023021,Maw Lel,21.95846046,94.10882066
adm4,MMR009023022,Pa Nan,21.96487801,94.05570414
adm4,MMR009023023,Sin Pon,21.93254906,94.04812352
adm4,MMR009023024,Sa Bai,21.94864645,94.00259242
adm4,MMR009023025,Yin Mar,21.93306593,94.07058343
adm4,MMR009023026,Sa Meik,21.96847181,94.14371264
adm4,MMR009023027,Wet Chi Par,22.06815993,94.05916073
adm4,MMR009023028,Pan Hteik,22.04589177,94.08120408
adm4,MMR009023029,Khauk Khu,22.07927086,94.10546459
adm4,MMR009023030,Pyin Thar,22.018018,94.03522471
adm4,MMR009023031,Taw Hpoet,22.03054531,94.13255117
adm4,MMR009023032,Ein Thit,21.99292634,94.13181769
adm4,MMR009023033,Han Thar Wa Di,22.72229643,94.06504456
adm4,MMR009023034,Lel Gyi,22.65461194,94.16556586
adm4,MMR009023035,Myauk Khin Yan,22.66007511,94.07018594
adm4,MMR009023036,Shwe Bo,22.66318283,94.12215035
adm4,MMR009023037,Taung Khin Yan,22.58727496,94.05282783
adm4,MMR009023038,Thar Lin,22.5933396,94.10512886
adm4,MMR009023039,Myin Thar,22.60468454,94.16729692
adm4,MMR009023040,Ywar Ma,22.56585276,94.16269772
adm4,MMR009023041,Chaung Kauk,22.5386843,94.20573001
adm4,MMR009023042,Hnan Khar,22.53726526,94.06139437
adm4,MMR009023043,Yae Shin,22.55693811,94.05190554
adm4,MMR009023044,Ye Hla,22.53889655,94.11111637
adm4,MMR009023045,Hmwayt Lel,22.48847706,94.06981048
adm4,MMR009023046,Thar Si,22.50684626,94.11977763
adm4,MMR009023047,Moe So,22.48441677,94.20257312
adm4,MMR009023048,Yae Shin Ma,22.44781505,94.08519479
adm4,MMR009023049,Kan Thar,22.42152031,94.16671281
adm4,MMR009023050,Kyun Khon Thar,22.40889122,94.0700189
adm4,MMR009023051,Kan,22.41961003,94.10701166
adm4,MMR009023052,Baw Pyin,22.3799186,94.07181879
adm4,MMR009023053,Taung Yar Pyin,22.36230156,94.11520936
adm4,MMR009023054,Htei Hlaw,22.33655139,94.05975336
adm4,MMR009023055,Let Pan,22.39274219,94.22151977
adm4,MMR009023056,Thar Kaung,22.38787811,94.14076239
adm4,MMR009023057,Mauk,22.3295202,94.12013682
adm4,MMR009023058,Mauk Lin,22.29395995,94.08776905
adm4,MMR009023060,Sa Kar,21.99540555,94.38618928
adm4,MMR009023061,Kye,22.04633605,94.39683581
adm4,MMR009023062,Kant Thet,22.09093424,94.37082057
adm4,MMR009023063,Zan Hmway,21.90664647,94.34500333
adm4,MMR009023064,War Pin,21.87060932,94.38370778
adm4,MMR009023065,Khaung Tin,21.83094084,94.38857881
adm4,MMR009023066,Khaung Ton,22.03862874,94.18494919
adm4,MMR009023067,Ta Zan,22.02207442,94.28458648
adm4,MMR009023068,Nyaung Lel,21.96441375,94.22919033
adm4,MMR009023069,Ah Nauk Gant Gaw,22.15795789,94.09663804
adm4,MMR009023070,Shone Shi,22.13684971,94.08764355
adm4,MMR009023071,Kyet Yoe,21.84577339,94.34591787
adm4,MMR009023701,Urban,22.17241436,94.13363705
adm4,MMR009023702,Urban,21.91410046,94.39159295
adm4,MMR009024001,Ah Nyar Ban,21.67135992,94.23770843
adm4,MMR009024002,Kyar Khe,21.66025553,94.13783946
adm4,MMR009024003,Hta Lin,21.69317365,94.05896116
adm4,MMR009024004,Lone Paung,21.76256805,94.15507233
adm4,MMR009024005,Soet Pyar,21.74538919,94.28230852
adm4,MMR009024006,Ah Lel Ban,21.66820683,94.19713034
adm4,MMR009024007,Pyin Ba,21.72948661,94.23413836
adm4,MMR009024008,Ah Kyi War Bin,21.83156658,94.05709337
adm4,MMR009024009,Kyauk Oke,21.79597403,94.16476225
adm4,MMR009024010,Kun Ze,21.7286388,94.11780412
adm4,MMR009024011,Ngar Sin,21.71171396,94.16878568
adm4,MMR009024012,Tin Chaung,21.59911392,94.17268755
adm4,MMR009024013,Kan Thar,21.82767934,94.20079696
adm4,MMR009024014,War Yin Chaing,21.70268025,94.1272957
adm4,MMR009024015,Aung,21.6071302,94.13342291
adm4,MMR009024016,Bu Taung,21.62117017,94.21846621
adm4,MMR009024017,Par Myin,21.69390496,94.14716951
adm4,MMR009024018,Sin Swei,21.79135793,94.19377832
adm4,MMR009024019,Yon Sin,21.69133847,94.31789006
adm4,MMR009024020,Pon Nar,21.713093,94.10712125
adm4,MMR009024021,Tha Ra Khar,21.665465,94.10030831
adm4,MMR009024022,Say Min Taw,21.90105102,94.13440379
adm4,MMR009024023,Htein Taing,21.87384033,94.11779815
adm4,MMR009024024,Dant Dee,21.60915821,94.26346296
adm4,MMR009024025,Aing Ma,21.8233062,94.11427634
adm4,MMR009024026,Hin Khwet Kone,21.85999203,94.03107579
adm4,MMR009024027,Ohn Hnauk,21.83727744,94.24160145
adm4,MMR009024028,Kyin,21.62001168,94.30059199
adm4,MMR009024029,Yin Yaung,21.76748739,94.20997063
adm4,MMR009024030,Than Pu Yar,21.91554523,94.01637069
adm4,MMR009024031,Daw Thar,21.75102781,94.18343013
adm4,MMR009024032,Nyaung Kan,21.86217861,94.08824085
adm4,MMR009024033,Ka Zun Htaunt,21.92443107,94.08441669
adm4,MMR009024034,Yae Myet Ni,21.93040431,94.22397789
adm4,MMR009024035,Kyauk Sar Yay,21.89350245,94.23215971
adm4,MMR009024036,War Boe Chaung,21.7838674,94.09856899
adm4,MMR009024037,Ah Htet Kyaw,21.65965312,94.30405728
adm4,MMR009024038,Taw Yaung,21.74264594,94.04194661
adm4,MMR009024039,Ah Kyi Ban,21.68360799,94.16762901
adm4,MMR009024040,Kyauk Htu,21.59273274,94.27096674
adm4,MMR009024041,Pa Lein Kaing,21.63896908,94.30746333
adm4,MMR009024042,Ah Hnyar War Bin,21.53324228,94.27088246
adm4,MMR009024043,Nat Inn,21.57059787,94.26456013
adm4,MMR009024044,Sin Htoe,21.50194295,94.26499333
adm4,MMR009024045,Auk Kyaw,21.64311913,94.26564882
adm4,MMR009024046,Ohn Htwea,21.76171772,94.12612816
adm4,MMR009024047,Min Lel,21.70454491,94.28850648
adm4,MMR009024048,Kin Pan,21.89994534,94.06783576
adm4,MMR009024049,Let Pan,21.74252447,94.16083314
adm4,MMR009024050,Ah Nyar Taw,21.94621517,94.12805943
adm4,MMR009024051,Inn Nar,21.91527809,94.11015621
adm4,MMR009024052,Lel Kan,21.87480164,94.27401185
adm4,MMR009024053,Taw Ma,21.91527809,94.1506412
adm4,MMR009024054,Shea,21.85890832,94.29894696
adm4,MMR009024055,Wet Thet Ywar Ma,21.77726668,94.0501653
adm4,MMR009024056,Nwe Pyin,21.88574501,94.19455178
adm4,MMR009024057,Yae Shin,21.86290746,94.15649744
adm4,MMR009024058,Pa Zin Chaung,21.75224257,94.10008126
adm4,MMR009024059,Swea Lwe,21.72592223,94.31028178
adm4,MMR009024060,Kha Paung Taw,21.78007327,94.24988113
adm4,MMR009024061,Kyar U Yin,21.83278135,94.15518395
adm4,MMR009024062,Ohn Taw,21.79658141,94.12787793
adm4,MMR009024063,Shaw Hpyu Pin,21.80404111,94.29126023
adm4,MMR009024064,Wet Thet Myauk,21.81492433,94.02109392
adm4,MMR009024065,Myet Hmyaung,21.94580672,94.28046786
adm4,MMR009024066,Myit Kaing,21.84150555,94.29138239
adm4,MMR009024067,Nyaung,21.64106276,94.17448274
adm4,MMR009024068,Yae Poke,21.90549019,94.28350485
adm4,MMR009024069,Sin Sei,21.88675134,94.30503641
adm4,MMR009024070,Hnyit Shauk,21.81763626,94.26302222
adm4,MMR009024071,Ti,21.71125347,94.19862355
adm4,MMR009024701,Urban,21.69704039,94.0950283
adm4,MMR009025001,Khwin Chaung,21.23767915,94.20268703
adm4,MMR009025002,Thee Kone,21.12325637,94.14775615
adm4,MMR009025003,Lel Yin,21.16938619,94.17997167
adm4,MMR009025004,Ah Nyar Ka Tin,21.20216308,94.13366729
adm4,MMR009025005,Kan Chaung,21.29250604,94.13128416
adm4,MMR009025006,Let Mun,21.27443745,94.11431476
adm4,MMR009025007,Hnget Chaung,21.30187453,94.19624025
adm4,MMR009025008,Nyaung Kan,21.28526353,94.20224241
adm4,MMR009025009,Tha Lel,21.26873762,94.2418773
adm4,MMR009025010,Kyin Lein,21.22005516,94.24664094
adm4,MMR009025011,Yaw Let Pan,21.16129439,94.28116251
adm4,MMR009025012,Kya Khat,21.17621549,94.2308224
adm4,MMR009025013,Kyauk Swea,21.12334556,94.23077926
adm4,MMR009025014,Lel Hpyu,21.08305609,94.23698409
adm4,MMR009025015,Poke Pa Kaing,21.01957553,94.21090235
adm4,MMR009025016,Laung Shey,21.01595672,94.14441104
adm4,MMR009025017,In Bu,21.0049439,94.11741674
adm4,MMR009025018,Yin Ke,21.01754528,94.10530686
adm4,MMR009025019,Swea Lwe Kyin,20.98457847,94.05452381
adm4,MMR009025020,Yint Ye Chaung,21.06104491,94.08875712
adm4,MMR009025021,Hlaw Kar,21.06266397,94.14455064
adm4,MMR009025022,Taung Boet Gyi,21.02602728,94.1726086
adm4,MMR009025023,Pein Chaung,20.9789065,94.1493004
adm4,MMR009025024,Yan,20.92579482,94.12417631
adm4,MMR009025025,Kyein Gyi,20.95307785,94.11335488
adm4,MMR009025026,Taung Nga Kut,20.91208486,94.16305548
adm4,MMR009025027,Si Mee,20.99898656,94.17250693
adm4,MMR009025028,Pauk Pant Saing,20.97107224,94.17824779
adm4,MMR009025029,Nga Lel Khon,20.93671274,94.18777011
adm4,MMR009025030,Hnget Pyar Kyin,20.90680296,94.20787667
adm4,MMR009025031,Pale,20.8637712,94.27883099
adm4,MMR009025032,Tint Tu,20.93370133,94.27677154
adm4,MMR009025033,Nyaung Pin,20.99411418,94.28599396
adm4,MMR009025034,Kyun Taw,21.02545123,94.26438959
adm4,MMR009025035,San,21.41890312,94.08455477
adm4,MMR009025036,Tay,21.41384227,94.10011671
adm4,MMR009025037,Pan San,21.41447978,94.1177056
adm4,MMR009025038,Na Thoe,21.4425008,94.14513821
adm4,MMR009025039,Ywar Thar,21.48829538,94.1676141
adm4,MMR009025040,Mi Ae,21.46633613,94.11814799
adm4,MMR009025041,Hnaw,21.48707558,94.10881398
adm4,MMR009025042,Kyee,21.52632783,94.1393087
adm4,MMR009025043,Pein Hne,21.54111633,94.2006195
adm4,MMR009025044,Ah Nyar Pan Pa Lun,21.4672228,94.19988881
adm4,MMR009025045,Ta Pyin,21.46806745,94.25823014
adm4,MMR009025046,Pin Taung,21.43519572,94.26583395
adm4,MMR009025047,Ah Neint,21.39339374,94.23243278
adm4,MMR009025048,Kyauk Leik,21.32512732,94.28068734
adm4,MMR009025049,Man,21.3824554,94.27812455
adm4,MMR009025050,Let Pan,21.37034979,94.22885231
adm4,MMR009025051,Kun Khin,21.33690479,94.21097138
adm4,MMR009025052,Pa Soke,21.36238045,94.18097457
adm4,MMR009025053,Myauk Ma Kyin,21.4199575,94.21167134
adm4,MMR009025054,Nga Lun,21.42889294,94.18165276
adm4,MMR009025055,Taw Kha Lun,21.42352687,94.15385876
adm4,MMR009025056,Lay,21.36105368,94.14929337
adm4,MMR009025057,Min Kyi,21.3999613,94.15606316
adm4,MMR009025058,Yaw,21.34812528,94.12599548
adm4,MMR009025059,Yint Ye,21.36571569,94.10396099
adm4,MMR009025060,Kan Gyi,21.37490618,94.09782035
adm4,MMR009025061,Kyan Taw,21.34506178,94.09738652
adm4,MMR009025062,Taunt Tet,21.36047809,94.07731693
adm4,MMR009025063,Yae Shin,21.35866344,94.05821662
adm4,MMR009025701,Urban,21.14999529,94.15654112
adm4,MMR009025702,Urban,21.41147495,94.13482473
adm4,MMR010001701,Urban,22.00335085,96.09700081
adm4,MMR010002701,Urban,21.97536068,96.09491012
adm4,MMR010003701,Urban,21.95965016,96.09136742
adm4,MMR010004701,Urban,21.9323078,96.10938241
adm4,MMR010005701,Urban,21.90172285,96.10658859
adm4,MMR010006001,Shan Ka Lay Kyun,21.94008979,96.04792886
adm4,MMR010006002,Yin Taw,21.92213325,96.03219591
adm4,MMR010006003,Hin Thar,21.89192523,96.03789416
adm4,MMR010006004,Tat Gyi,21.86528253,96.00218246
adm4,MMR010006005,Bone Taw Naing Ngan,21.86879742,95.99215252
adm4,MMR010006006,Kyee Myin Daing,21.8554742,95.99095609
adm4,MMR010006007,Say Oe Bo,21.84331573,95.98893503
adm4,MMR010006008,Hpa Ye Kyun,21.8329127,95.99708133
adm4,MMR010006009,Pan Chi,21.87900804,96.01634336
adm4,MMR010006010,Nge Toe,21.89747877,96.01786994
adm4,MMR010006011,Bone Oe,21.8827656,96.0342826
adm4,MMR010006012,Taung Tha Man,21.89441827,96.06649758
adm4,MMR010006013,Shwe Kyet Yet,21.88095103,96.00521542
adm4,MMR010006014,Chin,21.83871871,96.01215638
adm4,MMR010006015,Ye Lun Kyaw,21.84847791,95.99919356
adm4,MMR010006016,Sin Ywar Myin Hmu,21.86209905,96.0183399
adm4,MMR010006017,Let Pan Zin,21.87277267,96.0271831
adm4,MMR010006018,Sar Taw,21.84355848,96.03731545
adm4,MMR010006019,Ba Naw,21.82233101,96.01818841
adm4,MMR010006020,Kin Bet,21.78662564,96.15390784
adm4,MMR010006021,Mi Kyaung Tet,21.80443072,96.08892645
adm4,MMR010006022,Leik San Khun,21.83271795,96.0281339
adm4,MMR010006023,Ta Lin Gyi,21.81757361,96.11840176
adm4,MMR010006024,Thu Nge Taw,21.86957936,96.02213377
adm4,MMR010006025,Mon Taw,21.8061837,96.1855467
adm4,MMR010006026,Taung Kaing,21.81231472,96.14941293
adm4,MMR010006027,Daung Yway,21.8529661,96.15082511
adm4,MMR010006028,Sin Boe,21.86896014,96.15366362
adm4,MMR010006029,Sauk Taw Wa,21.83814464,96.11399856
adm4,MMR010006030,Yae Kyi Pauk,21.85729773,96.0370421
adm4,MMR010006031,Myit Laung,21.83735112,96.08941208
adm4,MMR010006032,Kan Peit,21.86244697,96.04646144
adm4,MMR010006033,Ma Gyi Kaing,21.83271706,96.13809069
adm4,MMR010006034,Myit Tu,21.85014794,96.01987817
adm4,MMR010006035,U Yin Taw,21.86127794,96.05585413
adm4,MMR010006036,Da None,21.87109282,96.0704948
adm4,MMR010006037,Taw Twin,21.86246115,96.193362
adm4,MMR010006038,Ta Moke Soe,21.84639038,96.15758777
adm4,MMR010006039,Nat Yae Kan,21.87181449,96.0956688
adm4,MMR010006040,Sar Toe,21.83735112,96.07340112
adm4,MMR010006041,Pyi Lone Kyaw,21.85656709,96.11909579
adm4,MMR010006042,Yae Poke,21.82863808,96.17546136
adm4,MMR010006701,Urban,21.90950428,96.05029435
adm4,MMR010006702,Urban,21.85415075,96.07226699
adm4,MMR010007001,Me Kin Kone,22.01481064,96.138715
adm4,MMR010007002,Sin Ywar Gyi,22.04592511,96.16403608
adm4,MMR010007003,Zee Cho Kone,22.02043149,96.16637085
adm4,MMR010007004,Hnan Gyi,22.01099466,96.18796469
adm4,MMR010007005,Hman Pin,22.04076446,96.18776684
adm4,MMR010007006,Yae Htwet,21.99718287,96.18290615
adm4,MMR010007007,Kywe Yae Kone,22.02586266,96.12971198
adm4,MMR010007008,Nyein Chan Thar Zan,22.03766996,96.12780456
adm4,MMR010007009,Nay Rit Sa Ya,22.04210623,96.14463166
adm4,MMR010007010,Min Kan,22.07348298,96.20903838
adm4,MMR010007011,Boke,22.10578866,96.21650495
adm4,MMR010007012,In Gyin,22.07874685,96.17451439
adm4,MMR010007013,Kan Gyi,22.1377847,96.22652904
adm4,MMR010007014,Kan Pyin,22.10041233,96.18837761
adm4,MMR010007015,Sin But,22.05108576,96.20998953
adm4,MMR010007016,Ma Naw Ma Ya,22.06308627,96.13161692
adm4,MMR010007017,Ywar Thit,22.07152194,96.15714681
adm4,MMR010007018,Da Hat Taw,22.14773026,96.21061815
adm4,MMR010007019,Gan Da Mar,22.11209379,96.16748104
adm4,MMR010007020,Pathein Ka Lay,22.07452921,96.1402273
adm4,MMR010007021,Kyar Ni Kan,22.0907137,96.155012
adm4,MMR010007022,Nan Dar,22.04819579,96.10985613
adm4,MMR010007023,Aung Chan Thar,22.03426204,96.10703689
adm4,MMR010007024,Pauk Myaing,22.04107032,96.09092577
adm4,MMR010007025,Min Ye Hla,22.00597677,96.0596693
adm4,MMR010007026,Done Kone,22.03186447,96.07946832
adm4,MMR010007027,Win Chan,22.04107032,96.07689461
adm4,MMR010007028,Su Kar Kin,22.05403247,96.08766226
adm4,MMR010007029,Ahr Laung,22.04620243,96.06041757
adm4,MMR010007030,Kaung Mun,22.1437847,96.1668495
adm4,MMR010007031,Bagan Tat,22.03204477,96.06642085
adm4,MMR010007032,Boe Hla Kone,21.95007099,96.02984968
adm4,MMR010007033,Kyun Sin,22.00873161,96.03930975
adm4,MMR010007034,Gyaint Gyi,21.98835627,96.02836144
adm4,MMR010007035,Tha Yet Ta Pin,22.01355359,96.07001513
adm4,MMR010007036,Hin Ywet Su,21.9777597,96.04809957
adm4,MMR010007037,Bant Tin,21.93455826,96.17093353
adm4,MMR010007038,Let Thit,21.93270043,96.1929817
adm4,MMR010007039,Bant Kwe,21.94268,96.17886822
adm4,MMR010007040,Ta Laing Shey (South),21.88806987,96.18267548
adm4,MMR010007041,Let Kaung,21.92032579,96.1619867
adm4,MMR010007042,Ta Laing Shey (North),21.88721493,96.20352809
adm4,MMR010007043,Yae Laung,21.89077518,96.14684327
adm4,MMR010007044,Ngwe Taung,21.89387377,96.17196317
adm4,MMR010007045,Ohn Chaw,21.87273099,96.23424819
adm4,MMR010007046,Shwe Sar Yan,21.84187158,96.2144262
adm4,MMR010007047,Se Taw,21.89358946,96.25543714
adm4,MMR010007048,Aing Gyi,21.94077734,96.19998456
adm4,MMR010007050,To Tet Kone,21.94746823,96.14750791
adm4,MMR010007051,Than Ma Taw,21.92905716,96.14917166
adm4,MMR010007052,Kyu Wun,21.92000522,96.22964999
adm4,MMR010007053,Tha Le Kone,21.9180014,96.18559032
adm4,MMR010007054,Yan Kin Taung,21.99287362,96.16108346
adm4,MMR010007055,Shin Taw Kone,21.97666917,96.18118254
adm4,MMR010007056,Yae Kyi,21.95954564,96.18563148
adm4,MMR010007057,Nan U Lwin,21.98454269,96.13909105
adm4,MMR010007058,Kyauk Mee,21.9063811,96.20611097
adm4,MMR010007701,Urban,22.00451801,96.16401396
adm4,MMR010007901,,22.00742665,96.26598574
adm4,MMR010008001,Pyin Sar,21.8448942,96.33648356
adm4,MMR010008002,Thone Taung,21.88796617,96.35922254
adm4,MMR010008003,Aung Chan Thar,21.90160872,96.34113872
adm4,MMR010008004,Let Pan Kone,21.82891872,96.36096581
adm4,MMR010008005,Soe Moe Aing,21.80343106,96.36724426
adm4,MMR010008006,Lun Kaung,21.7734642,96.29532619
adm4,MMR010008007,Leik Kya,21.81115142,96.3960648
adm4,MMR010008008,Shwe Chaung,21.83183936,96.39367541
adm4,MMR010008009,Tha Pyay Kyin,21.89186404,96.38942751
adm4,MMR010008010,Thaik Taw,21.87140021,96.52278291
adm4,MMR010008011,Shwe Thin,21.93856313,96.49621472
adm4,MMR010008014,Pein Hne Kone,21.93449702,96.44542096
adm4,MMR010008015,Wet Wun,22.08556759,96.59915207
adm4,MMR010008016,Pin Lein (East),22.10707816,96.57675418
adm4,MMR010008017,Pin Lein (Middle),22.11113991,96.54077224
adm4,MMR010008018,Tha Pyay Kone,22.13068959,96.52508468
adm4,MMR010008019,Pway Kauk,22.0699929,96.55587992
adm4,MMR010008020,Say Ta Lone,22.08832556,96.52575785
adm4,MMR010008022,Htone Bo,22.04363745,96.57336341
adm4,MMR010008027,Thet Kan Chaing,22.10381086,96.51138028
adm4,MMR010008028,Thet Kan Kone (Hmyawt Taw),22.07601519,96.48830423
adm4,MMR010008029,Me Mauk (Naung Pein),22.23333443,96.46598624
adm4,MMR010008030,Pan U Taung,22.08480873,96.40521478
adm4,MMR010008031,Taung Kyun,21.97389003,96.31327128
adm4,MMR010008032,Sin Lan,22.02463533,96.39669756
adm4,MMR010008033,Inn Yar,21.97565368,96.51772376
adm4,MMR010008034,Nar Lin (Pa Kin),21.95127224,96.57763438
adm4,MMR010008035,Ho Leik,21.94156192,96.59806697
adm4,MMR010008036,Thin Ga Ton,21.96636045,96.54671455
adm4,MMR010008037,Hmyin Taung,21.98192696,96.56528054
adm4,MMR010008038,Naung Hlaing,22.03121299,96.59970936
adm4,MMR010008039,Kone Thar Gyi,21.99272149,96.57149278
adm4,MMR010008040,Kywe Nwar Htauk,21.99663067,96.50356773
adm4,MMR010008041,Zee Pin Gyi,21.85993658,96.32209281
adm4,MMR010008043,Pay Pin,21.83924276,96.30629943
adm4,MMR010008045,Pauk Taw,21.85312893,96.35901812
adm4,MMR010008046,Me Taw,22.17033112,96.46550405
adm4,MMR010008701,Urban,22.03669875,96.48017628
adm4,MMR010008901,,21.89148742,96.6319092
adm4,MMR010008902,,22.10137016,96.45930713
adm4,MMR010008903,,21.80766894,96.28346616
adm4,MMR010009001,Pin Lel Inn,22.38138705,96.08254554
adm4,MMR010009002,Kauk Yoe Pon,22.34595018,96.05499561
adm4,MMR010009003,Nyaung Oke,22.35230703,96.11135745
adm4,MMR010009004,Mway Pon Kan,22.31306074,96.07604456
adm4,MMR010009005,Kyauk Sa Yit Kone (North),22.28572735,96.10802926
adm4,MMR010009006,Mway Hin Thar,22.26687983,96.03823769
adm4,MMR010009007,Sa Kyin,22.28070878,96.07007814
adm4,MMR010009008,Mway Shwe Khe,22.29007677,96.04744068
adm4,MMR010009009,Myay Sun,22.27638454,96.00819748
adm4,MMR010009010,Yae Nant Thar,22.30654246,96.14300016
adm4,MMR010009011,Tha Pyay Thar,22.27513259,96.1573378
adm4,MMR010009012,Myit Kan,22.29520687,96.22842554
adm4,MMR010009013,Gway Pin,22.30981648,96.25454241
adm4,MMR010009014,Sa Kar Pin,22.29933325,96.27851564
adm4,MMR010009015,Sa Lay,22.32666125,96.25717423
adm4,MMR010009016,Zee Hpyu Kone,22.25740031,96.15008967
adm4,MMR010009017,Ah Htet Taung Kaing,22.26754897,96.22857822
adm4,MMR010009018,Kyaung Kone,22.26743745,96.18358502
adm4,MMR010009019,Seik Thar,22.24502117,96.18282825
adm4,MMR010009020,Tha Hpan Kaing,22.24545901,96.24315573
adm4,MMR010009021,Kwayt Taw,22.23676841,96.11892242
adm4,MMR010009022,Taw Pu,22.20543024,96.05057388
adm4,MMR010009023,Pan Ya,22.23181486,96.08663461
adm4,MMR010009024,Tha Yet Taw,22.20374169,96.08447115
adm4,MMR010009025,Thea Kaw,22.19511121,96.08601327
adm4,MMR010009026,Thu Ye Zet,22.21301385,96.06197913
adm4,MMR010009027,Ha Lin,22.21044881,96.07648158
adm4,MMR010009028,U Dein,22.2427907,96.02594507
adm4,MMR010009029,Kyauk Sa Yit Kone (South),22.25316241,96.11672068
adm4,MMR010009030,Wun Su,22.24446355,96.07208251
adm4,MMR010009031,Po Wa,22.211341,96.03100697
adm4,MMR010009032,Wai Hin Ga Ma,22.18594596,96.05635389
adm4,MMR010009033,Thea Kyun,22.22030417,96.002815
adm4,MMR010009034,Yway Su,22.2225084,96.16808143
adm4,MMR010009035,Let Kaung Gyi,22.21113647,96.14035551
adm4,MMR010009036,La Maing,22.21501852,96.19858351
adm4,MMR010009037,Kyar Pin,22.28717716,96.31445698
adm4,MMR010009038,Yae Kyi,22.15134761,96.31199358
adm4,MMR010009039,Kyar,22.18124337,96.19271115
adm4,MMR010009040,Si Taing Kan,22.17411984,96.14679719
adm4,MMR010009041,Taung Kan,22.1882481,96.22513848
adm4,MMR010009042,Htan Pin Kone,22.16656372,96.20298632
adm4,MMR010009043,Tha Min Twin,22.1900851,96.14141387
adm4,MMR010009044,Te Kone,22.14889077,96.10082293
adm4,MMR010009045,Bay Meit,22.19599707,96.10917005
adm4,MMR010009046,Myit Kauk,22.15894298,96.08031278
adm4,MMR010009047,Shan Taw,22.17687927,96.08228377
adm4,MMR010009048,Wet Khe,22.16278647,96.11578853
adm4,MMR010009049,Set Hteik,22.16731982,96.08250646
adm4,MMR010009050,War Yin Doke,22.185059,96.12160754
adm4,MMR010009051,Kan Beit,22.14889077,96.1229054
adm4,MMR010009052,Kyone,22.13529073,96.10967991
adm4,MMR010009053,Thein Kone,22.12671679,96.1336415
adm4,MMR010009054,Kan Ta Bet,22.17845608,96.10634255
adm4,MMR010009055,Nge Toe,22.14041238,96.04196027
adm4,MMR010009056,Hin Thar Kone,22.17342998,96.04087029
adm4,MMR010009057,Shin Hla,22.189636,96.02412589
adm4,MMR010009058,Pyin Kar,22.17380587,96.00315296
adm4,MMR010009059,Auk Taung Kaing,22.16318067,96.05832392
adm4,MMR010009060,Aint Daing,22.11667833,96.01425812
adm4,MMR010009061,Shwe Boe Gyi,22.16374016,96.02807374
adm4,MMR010009062,Shwe Chaung,22.13400957,96.07500583
adm4,MMR010009063,Thone Se Pay,22.08087498,96.03590619
adm4,MMR010009064,Sin Kyun,22.06148481,96.02683102
adm4,MMR010009065,Nyaung Kone,22.09060461,96.07362428
adm4,MMR010009066,Kywe Chan Kone,22.10641528,96.04955936
adm4,MMR010009067,Su Kar,22.07280937,96.065366
adm4,MMR010009068,Shwe Baung,22.11901969,96.04511319
adm4,MMR010009069,Nan Taw Kyun,22.04940553,96.03960913
adm4,MMR010009070,Kone Tan Gyi,22.09733268,96.03997923
adm4,MMR010009071,Chaung Pauk,22.06738907,96.05795072
adm4,MMR010009072,Pauk Wea,22.02323172,96.03782867
adm4,MMR010009073,Hlaing Kyun,22.0657137,96.04372246
adm4,MMR010009074,Lin Mway Chaung,22.1258602,96.15350521
adm4,MMR010009075,Tha Yet Kan (North),22.07960939,96.11201976
adm4,MMR010009076,Tha Lun Hpyu,22.10542976,96.11615585
adm4,MMR010009077,Tha Yet Kan (South),22.07225701,96.09881249
adm4,MMR010009078,Taung Pyone,22.09485722,96.11225312
adm4,MMR010009079,Lun Taung,22.1186356,96.09417449
adm4,MMR010009080,Htee Taw Moe,22.1059677,96.1456306
adm4,MMR010009081,Ka Paing,22.0628228,96.10238995
adm4,MMR010009082,Ya Da Nar Bon Mi,22.14455453,96.14493529
adm4,MMR010009083,Wa Thon Da Ra,22.16120965,96.16757916
adm4,MMR010009701,Urban,22.21551111,96.10978854
adm4,MMR010010001,Khu Lel,22.59254424,96.00315641
adm4,MMR010010002,Nga Pyin Inn,22.60182739,95.96487603
adm4,MMR010010003,Shwe Kyin,22.7260102,95.94128559
adm4,MMR010010004,Shwe Hlay,22.52311133,96.0198819
adm4,MMR010010005,Se Thei,22.46474191,96.01588834
adm4,MMR010010006,Khet Thin,22.48945848,95.99152683
adm4,MMR010010007,Let Pan Kone,22.44147044,95.97833486
adm4,MMR010010008,War Yon Kone,22.56304161,96.03653082
adm4,MMR010010009,Se Gyi,22.4758054,96.03748605
adm4,MMR010010010,Kyaung Seik,22.50301903,96.02060556
adm4,MMR010010011,Htone Gyi,22.40955801,96.04411068
adm4,MMR010010012,Yae Taw,22.43661916,96.03742821
adm4,MMR010010013,Thar Yar Wa Di,22.42677709,96.0119205
adm4,MMR010010014,Mya Sein,22.42061514,95.99499102
adm4,MMR010010015,Hin Thar Hpo,22.38813371,95.9734154
adm4,MMR010010016,Hin Thar Ma,22.34852776,96.01136953
adm4,MMR010010017,Zee Kone,22.3090256,96.01488737
adm4,MMR010010018,Thea Inn,22.31908279,96.02447239
adm4,MMR010010019,Kyun Gyi,22.33331734,96.01143032
adm4,MMR010010020,Let Pan Zin,22.37145539,96.0294613
adm4,MMR010010021,Zee Kyun,22.37695311,95.99991142
adm4,MMR010010022,Sin Thay,22.40317968,96.02502054
adm4,MMR010010023,Shwe Done,22.4115267,96.06754607
adm4,MMR010010024,Shwe Gon Taing,22.39602757,96.1053898
adm4,MMR010010025,Nyaung Pin,22.37991034,96.04896812
adm4,MMR010010026,Taung Inn,22.43363785,96.05995369
adm4,MMR010010027,Kyar U Yin,22.44505419,96.00322832
adm4,MMR010010028,Let Pan Hla,22.56563838,96.07977996
adm4,MMR010010029,Shauk Pin Yoe,22.62942252,96.03448705
adm4,MMR010010030,Nat Taung,22.60261588,96.09411945
adm4,MMR010010031,Mar Le,22.57367251,96.08635611
adm4,MMR010010032,Koke Ko,22.53277598,96.06884524
adm4,MMR010010033,Min,22.51408251,96.05583744
adm4,MMR010010034,Ngwe Taung,22.48712321,96.0737525
adm4,MMR010010035,Nyaung Wun,22.46881124,96.09242306
adm4,MMR010010036,Shwe Pyi,22.4304272,96.09711181
adm4,MMR010010037,Kha Tet Chin,22.37806577,96.14201841
adm4,MMR010010701,Urban,22.54698544,95.99578117
adm4,MMR010010901,,22.56583927,96.19325291
adm4,MMR010011001,Pein Pyit,22.95893455,96.62080354
adm4,MMR010011003,Taung Dun,22.93808124,96.49451977
adm4,MMR010011004,Tha Dut Sho,22.95201637,96.47156333
adm4,MMR010011005,Pyaung Pyin,22.93491355,96.45078695
adm4,MMR010011006,Kyauk Sin,22.95850146,96.41251471
adm4,MMR010011007,Ywar Thar Yar,23.01108742,96.45684045
adm4,MMR010011008,Kyauk War,23.00229253,96.55880158
adm4,MMR010011009,Li Shaw Lel U,22.98127933,96.46176097
adm4,MMR010011010,Chaung Gyi,22.97171825,96.50458978
adm4,MMR010011011,Li Shaw Kyauk Pon,23.00911896,96.50838665
adm4,MMR010011012,Kyet Na Hpa,23.03614814,96.50557837
adm4,MMR010011013,Bawt Lone Gyi,22.92049377,96.3980722
adm4,MMR010011014,Ka Paing,22.91131396,96.37026202
adm4,MMR010011015,Ka Thea,22.91269077,96.45346749
adm4,MMR010011016,Kyat Pyin,22.89015748,96.43847909
adm4,MMR010011017,Ohn Dan,22.98154043,96.25601275
adm4,MMR010011018,Yae Aye,22.88510608,96.38167926
adm4,MMR010011019,Kin,22.94219137,96.33181537
adm4,MMR010011020,Laung Sin,22.82352145,96.32711544
adm4,MMR010011021,Shwe Nyaung Pin,22.86656647,96.21631541
adm4,MMR010011022,Ba Mun,22.88848058,96.51015838
adm4,MMR010011023,Hpyu Yaung,22.86738995,96.52603661
adm4,MMR010011024,Kyauk Ta Lone,22.84517449,96.53359799
adm4,MMR010011025,Nyaung Pin Thar,22.84995503,96.59544099
adm4,MMR010011026,Nyaung Htauk,22.84748413,96.64139022
adm4,MMR010011027,Win Ka Bar,22.90382182,96.66125426
adm4,MMR010011028,Ho Weik,22.91013362,96.59394842
adm4,MMR010011029,Pin Tha Pyay,22.83842549,96.46349118
adm4,MMR010011030,Lwei Ngin,22.82127178,96.48316171
adm4,MMR010011701,Urban,22.925906,96.51724301
adm4,MMR010012001,Gway Pin Hmaw,22.95695912,96.02724708
adm4,MMR010012002,War Hpyu Taung,22.86642695,96.08107288
adm4,MMR010012003,Ohn Zone,22.79467491,96.07558295
adm4,MMR010012004,Kyauk Hle Bee,22.90357966,96.16158532
adm4,MMR010012005,Kyauk Gyi,22.98416971,96.10214858
adm4,MMR010012006,Twin Nge,23.12069856,96.03287849
adm4,MMR010012007,Kyauk Hpyar,23.08228153,96.00816634
adm4,MMR010012008,Kyauk Hpyu,23.11934453,96.12998841
adm4,MMR010012009,Yae Nyar U,23.09855589,96.09691783
adm4,MMR010012010,Sa Bai Na Go,23.02963319,96.03685827
adm4,MMR010012011,Kyar Hnyat,23.22297044,95.99773511
adm4,MMR010012012,Pauk Ta Pin,23.17149693,96.05380128
adm4,MMR010012013,War Yon Kone,23.21279212,96.04918542
adm4,MMR010012014,Se Zin Kone,23.30788606,96.02195663
adm4,MMR010012015,Let Pan Kone,23.33562111,96.035008
adm4,MMR010012016,Ma Gyi Kone,23.43098245,96.04663494
adm4,MMR010012017,Inn Net,23.5766185,96.06354281
adm4,MMR010012018,Kyauk Aik,23.47608719,96.12922399
adm4,MMR010012019,Maing Daing,23.55826977,96.29497235
adm4,MMR010012020,7 Maing Chan Thar,22.89726177,96.05626281
adm4,MMR010012021,Chaung Gyi,22.77117021,96.01471163
adm4,MMR010012022,Hpon Kone,23.50029756,96.03777089
adm4,MMR010012701,Urban,22.85979118,95.99552342
adm4,MMR010012702,Urban,23.48313048,96.01539932
adm4,MMR010012901,,22.81794517,96.1477511
adm4,MMR010012902,,22.99335157,96.17586148
adm4,MMR010012904,,23.38278747,96.07122151
adm4,MMR010013001,Shar Pin,21.67179059,96.01142791
adm4,MMR010013002,Dway Hla,21.65157076,96.00870371
adm4,MMR010013003,Ngar Su,21.65011525,96.0275742
adm4,MMR010013004,Thin Pyo,21.63034433,96.04183457
adm4,MMR010013005,Kyee Eik,21.63283624,96.01539363
adm4,MMR010013006,Sin Kun,21.58502961,96.03610786
adm4,MMR010013007,Pan Khwar,21.59427084,96.06061249
adm4,MMR010013008,Kyee Pya,21.61596539,96.06203357
adm4,MMR010013009,Kyaung Pan Kone,21.64890279,96.05379952
adm4,MMR010013010,Nyaung Shwe,21.64548006,96.08241851
adm4,MMR010013011,Nyaung Wun,21.62933528,96.08044681
adm4,MMR010013012,Put Taing,21.61596539,96.07605196
adm4,MMR010013013,Thin Poke,21.63765994,96.10822416
adm4,MMR010013014,Ngar Oe,21.65361953,96.08425162
adm4,MMR010013015,Ywar Nan,21.65237523,96.10123887
adm4,MMR010013016,Taung Nauk,21.65174029,96.14744504
adm4,MMR010013017,Let Pan,21.65262749,96.12272425
adm4,MMR010013018,Za Yat Hpyu,21.62647631,96.11444025
adm4,MMR010013019,Myaung U,21.61504043,96.0990785
adm4,MMR010013020,Pa Nan,21.59886433,96.08062493
adm4,MMR010013021,Ka Te,21.60242732,96.10028728
adm4,MMR010013022,Let Pan Pin,21.60562264,96.11511337
adm4,MMR010013023,Thu Nge Taw,21.59612076,96.12408951
adm4,MMR010013024,Tan Soe,21.58569393,96.12871538
adm4,MMR010013025,In Daing,21.6245423,96.1416101
adm4,MMR010013026,Thin Taung,21.64077117,96.13841943
adm4,MMR010013027,Htan Zin Taw,21.63261469,96.17118649
adm4,MMR010013028,Hnget Ka Taung,21.61560618,96.1691126
adm4,MMR010013029,Ah Shey Nge Toe,21.64531189,96.17180926
adm4,MMR010013030,Shwe Dar,21.63118521,96.19546485
adm4,MMR010013031,Ye Baw Gyi,21.62975572,96.24522682
adm4,MMR010013032,Hpyauk Seik Pin,21.59292544,96.2651802
adm4,MMR010013033,Ku Lar Kyaung,21.58569392,96.21808409
adm4,MMR010013034,Pu Htoe Ni,21.59006647,96.1821628
adm4,MMR010013035,Pat Tar,21.6037613,96.1596779
adm4,MMR010013036,Pin Ta Lel,21.57434213,96.16852208
adm4,MMR010013037,Let Pan Zin,21.55874859,96.16489978
adm4,MMR010013038,Mont Paung,21.54897795,96.13583685
adm4,MMR010013039,Tha Man Ta Lin,21.55650626,96.13963412
adm4,MMR010013040,Pyi Pan,21.58978853,96.15783132
adm4,MMR010013041,Myin Ka Bet,21.56677426,96.13746956
adm4,MMR010013042,Ywar Pale,21.56736287,96.1109157
adm4,MMR010013043,Myay So Pei Lay Se,21.54980014,96.10514621
adm4,MMR010013044,Ah Nauk Thar Ga Ra,21.57266038,96.09173173
adm4,MMR010013045,Bon Kwin,21.57113053,96.04647356
adm4,MMR010013046,Dan Taing,21.54889491,96.0333711
adm4,MMR010013047,Yan Bet Lo,21.53574601,96.07297721
adm4,MMR010013048,Pay Taw Gyi,21.56685835,96.07174823
adm4,MMR010013049,Sa Bai Taw,21.49611349,96.12480802
adm4,MMR010013050,Shwe Inn,21.48924152,96.10837402
adm4,MMR010013051,Lay Se Kone,21.48206477,96.14245614
adm4,MMR010013052,Su Lay Kone,21.47386703,96.16747938
adm4,MMR010013053,In Yaung,21.5208532,96.1438917
adm4,MMR010013054,Min Su,21.52719823,96.10741214
adm4,MMR010013055,Taw Twin,21.53811414,96.12981493
adm4,MMR010013056,Ka Laing Kyaw,21.54113695,96.15591528
adm4,MMR010013057,Koe Pin,21.52843082,96.16566829
adm4,MMR010013058,Kin,21.47329885,96.31178312
adm4,MMR010013059,Han Myint Mo,21.51994692,96.18123098
adm4,MMR010013060,Ye Ma Au,21.50570813,96.14167277
adm4,MMR010013061,Pyi Taw Thar,21.54270658,96.19521469
adm4,MMR010013062,Shan Taung U,21.561075,96.19520758
adm4,MMR010013063,Hmaing Pan,21.56075734,96.23128075
adm4,MMR010013064,Ka Lay,21.5408006,96.21735
adm4,MMR010013065,Ah Shey Thar Ga Ra,21.51579861,96.21940126
adm4,MMR010013066,Thin Ga Ton,21.50974432,96.24800032
adm4,MMR010013067,Taung Taw,21.48347507,96.28299984
adm4,MMR010013068,Mei Zei Pin,21.61218145,96.11959926
adm4,MMR010013069,Pone Hnyet Kyay,21.50178405,96.20435609
adm4,MMR010013070,Lel Gyi,21.48709678,96.187048
adm4,MMR010013071,Pauk Pin Kwayt,21.46803697,96.19611074
adm4,MMR010013072,Kyar Kar,21.47353068,96.22099958
adm4,MMR010013073,Kha Tet Kone,21.48877853,96.22859482
adm4,MMR010013074,Myay So Moe Kaung,21.45029739,96.2106404
adm4,MMR010013075,Than,21.48707048,96.2565017
adm4,MMR010013076,Saing Ma Lan,21.49449647,96.16102122
adm4,MMR010013077,Pe Khin,21.44999555,96.23572706
adm4,MMR010013078,Paung Laung Gyi,21.45322787,96.26771645
adm4,MMR010013079,Ywar Thit,21.5844513,96.31576381
adm4,MMR010013080,Yae Tha Yauk,21.55724436,96.34371981
adm4,MMR010013081,Chaung Son,21.56935294,96.38285296
adm4,MMR010013082,Ye,21.66809022,96.40800107
adm4,MMR010013083,Tha Yet Pin,21.61141533,96.30367213
adm4,MMR010013084,Ohn Kyaw,21.86373757,96.77918029
adm4,MMR010013085,Za Yit Khe,21.79329153,96.58882844
adm4,MMR010013086,Kyaung,21.59842849,96.34151057
adm4,MMR010013087,Kyet Thar Hin,21.65547533,96.31986971
adm4,MMR010013701,Urban,21.60858558,96.13544331
adm4,MMR010013901,,21.60987473,96.03413054
adm4,MMR010013902,,21.67739526,96.56641675
adm4,MMR010013903,,21.53815137,96.282392
adm4,MMR010014001,Thein Ni Kone,21.74559512,96.11004825
adm4,MMR010014002,Myo Wun Kone,21.73817496,96.0780803
adm4,MMR010014003,Mee Thway Boke,21.79817179,96.20911181
adm4,MMR010014004,Sun Ye,21.73919898,96.2194288
adm4,MMR010014005,Taung Yin,21.67592608,96.15129398
adm4,MMR010014006,Bei Lin,21.70994214,96.10848388
adm4,MMR010014007,Daunt Gyi Kwayt,21.79485881,96.17554484
adm4,MMR010014008,Mon Pin,21.75220088,96.16991798
adm4,MMR010014009,Moe Kaung,21.73717957,96.13977482
adm4,MMR010014010,Nyaung Pin Gyi,21.77509481,96.09810784
adm4,MMR010014011,Ywar Haung Kone,21.78287693,96.08327729
adm4,MMR010014012,Tha Pyay Yoe,21.76676974,96.11204793
adm4,MMR010014013,Khan Lu,21.77861584,96.01963563
adm4,MMR010014014,Si Son,21.79822743,96.05105712
adm4,MMR010014015,Kan Thit,21.68161882,96.09681082
adm4,MMR010014016,Se,21.78736177,96.0552191
adm4,MMR010014017,Mont Paung,21.7449617,96.12228462
adm4,MMR010014018,Ae Pya,21.76993689,96.13188743
adm4,MMR010014019,Taw Ma,21.70542718,96.13231044
adm4,MMR010014020,Shan Kan,21.67253582,96.17628738
adm4,MMR010014021,Ohn Pin Chan,21.71727181,96.11899441
adm4,MMR010014022,Kyet Seint,21.70994214,96.09467004
adm4,MMR010014023,Kyet Hmyar,21.69627817,96.09067303
adm4,MMR010014024,Let Wea,21.72433002,96.08417538
adm4,MMR010014025,Thin Ga Ton,21.75428215,96.06830357
adm4,MMR010014026,Thin Taung Nge,21.67148396,96.09435124
adm4,MMR010014027,U Yin Gyi,21.68731968,96.08159426
adm4,MMR010014028,Kyet Hlyar,21.66417784,96.06981112
adm4,MMR010014029,Ohn Let Kauk,21.65627266,96.03903601
adm4,MMR010014030,Nan Ni,21.66985515,96.03792729
adm4,MMR010014031,Shan,21.68831507,96.02988345
adm4,MMR010014032,Ka Thea Kone,21.69374446,96.04245669
adm4,MMR010014033,Thei Te,21.70587009,96.033873
adm4,MMR010014034,Hin Ngu,21.69311103,96.06720525
adm4,MMR010014035,Myaung Son Nge,21.70704646,96.07019936
adm4,MMR010014036,Thit Khauk,21.69636866,96.05350007
adm4,MMR010014037,Saw Ye,21.70480208,96.01558835
adm4,MMR010014038,Htan Taw,21.75293813,96.02445743
adm4,MMR010014039,Wun Tho,21.72905697,96.03177335
adm4,MMR010014040,Myaung Son Gyi,21.73102626,96.05932132
adm4,MMR010014041,Tat Gyi,21.71455712,96.06922996
adm4,MMR010014042,Byin Nyar Law,21.81517618,96.08550988
adm4,MMR010014043,Let Pan Chaint,21.76281057,96.0217468
adm4,MMR010014044,Pa Leik,21.82391789,96.05313728
adm4,MMR010014045,Myauk Kaing,21.83610742,96.0611167
adm4,MMR010014046,Ta Ohn,21.7955455,96.12392511
adm4,MMR010014047,Ta Bet Swea,21.80207036,96.01641059
adm4,MMR010014048,Kan Swei,21.74966717,96.04880751
adm4,MMR010014701,Urban,21.72764903,96.10403766
adm4,MMR010015001,Pyaw,21.52669411,95.98741487
adm4,MMR010015002,Min Wun,21.50016519,96.01153585
adm4,MMR010015003,Yoe Kan,21.45402276,95.98920698
adm4,MMR010015004,Yit Kan,21.41862321,95.99223311
adm4,MMR010015005,Hin Nyant Kan,21.44067178,95.9477372
adm4,MMR010015006,Ah Nauk Tha Pyay Thar,21.38130643,95.97433804
adm4,MMR010015007,Nwar Shar Yoe,21.38506606,96.0391747
adm4,MMR010015008,Nyaung Gyit,21.41075291,96.05462984
adm4,MMR010015009,Ta Mar Pin,21.42456315,96.076786
adm4,MMR010015010,Wet Htein,21.41415794,96.02043071
adm4,MMR010015011,Thit Tet Kone,21.45791508,96.06535651
adm4,MMR010015012,Pauk Myaing,21.45080842,96.08638429
adm4,MMR010015013,Dar Yei Kaung,21.4812506,96.06292134
adm4,MMR010015014,Yan Aye,21.5025125,96.05272511
adm4,MMR010015015,Hmaing Hin,21.51328068,96.05285358
adm4,MMR010015016,Pon Nar,21.5304902,96.04305962
adm4,MMR010015017,Kyauk Sauk,21.52125125,96.04922449
adm4,MMR010015018,Tho Tan,21.52237882,96.06146813
adm4,MMR010015019,Ywar Mone Gyi,21.51952348,96.07973748
adm4,MMR010015020,Ma Shet,21.49628433,96.08630579
adm4,MMR010015021,Kywe Swea,21.47778718,96.09127307
adm4,MMR010015022,Kyun Hla,21.45912444,96.12606144
adm4,MMR010015023,Ka Thea Kone,21.45889922,96.15023549
adm4,MMR010015024,Yway,21.44268886,96.11837971
adm4,MMR010015025,Ywar Thit,21.43610758,96.15827461
adm4,MMR010015026,Chin,21.45338751,96.16868262
adm4,MMR010015027,Yae Wun,21.45183901,96.18633137
adm4,MMR010015028,Ywar Shey,21.43952685,96.18807043
adm4,MMR010015029,Khan Ti Gyi,21.42761817,96.19669676
adm4,MMR010015030,Hne Wea,21.418481,96.18525603
adm4,MMR010015031,Thi Lin,21.43009045,96.18086776
adm4,MMR010015032,Koke Ko Kone,21.423329,96.16126575
adm4,MMR010015033,Let Pan Seik,21.40798485,96.16673636
adm4,MMR010015034,Shwe Paw Kyun,21.41835128,96.15813904
adm4,MMR010015035,Kyan Taw,21.41433933,96.15292051
adm4,MMR010015036,Inn Yin,21.4627515,96.09858876
adm4,MMR010015037,Kin Sein Zay,21.43977527,96.10827463
adm4,MMR010015038,Laung Taw U,21.42653253,96.10896908
adm4,MMR010015039,Nwar Ku Lay,21.41765348,96.10704037
adm4,MMR010015040,Kywe Tat,21.40515635,96.11466706
adm4,MMR010015041,Ngar Su,21.39896489,96.14279822
adm4,MMR010015042,Oke Shit Kone,21.39228995,96.16483736
adm4,MMR010015043,Ta Laing Kone,21.3762356,96.15800259
adm4,MMR010015044,Kyaung Pan Kone,21.39156768,96.13538632
adm4,MMR010015045,Kone,21.38749695,96.1143144
adm4,MMR010015046,Koke Ko Su,21.36331079,96.13953018
adm4,MMR010015048,Let Khoke Kone,21.34001938,96.15557228
adm4,MMR010015049,Mong Lan,21.34064272,96.17043893
adm4,MMR010015050,Khan Taw,21.3394928,96.13218253
adm4,MMR010015051,Thar Lun,21.36563668,96.12013434
adm4,MMR010015052,Tha Pyay Taung,21.25772896,96.12551916
adm4,MMR010015053,Pwe Lone Kyaw,21.24958403,96.15223816
adm4,MMR010015054,Myaing Kone,21.30662056,96.15467331
adm4,MMR010015055,Hnan Khin,21.30023364,96.18016668
adm4,MMR010015056,Maing Maw,21.30335916,96.21156813
adm4,MMR010015057,Kan Swei,21.30593634,96.25606371
adm4,MMR010015058,Kha Yu Toke,21.33518307,96.21000355
adm4,MMR010015059,Ohn Kone,21.33975963,96.1866787
adm4,MMR010015060,Ka Sun,21.3631507,96.18266857
adm4,MMR010015061,Ein Shey Taung,21.36035516,96.22635917
adm4,MMR010015062,Myit Son Gyi,21.38130074,96.18716022
adm4,MMR010015063,Lan Gwa,21.40240425,96.18252265
adm4,MMR010015064,Shwe Lay,21.3872107,96.20939058
adm4,MMR010015065,Hlwe Pauk,21.38752264,96.23394356
adm4,MMR010015066,Thi Khaung,21.40839822,96.20630258
adm4,MMR010015067,Mon Taw Lay,21.40722699,96.23132783
adm4,MMR010015068,Mon Taw Gyi,21.42508782,96.21872874
adm4,MMR010015069,Min Lel,21.42541873,96.24632961
adm4,MMR010015070,Tay Soe,21.43189618,96.27508417
adm4,MMR010015071,Bon Kwin,21.41922305,96.2698895
adm4,MMR010015072,Tha Pyay Thar (East),21.40378217,96.25239562
adm4,MMR010015073,Ywar Khaing Gyi,21.36024009,96.26507011
adm4,MMR010015074,Myin Ywar Gyi,21.34168493,96.25158121
adm4,MMR010015075,Lun Kyaw,21.38534641,96.28374403
adm4,MMR010015076,Ma Thea,21.37681766,96.27092305
adm4,MMR010015077,Dar Wei Inn,21.33376896,96.30665963
adm4,MMR010015078,Mya Na Di (Daing),21.33262848,96.28602948
adm4,MMR010015079,Nwar Ku Gyi,21.30973289,96.29814466
adm4,MMR010015080,Khin Lel,21.2549512,96.32467248
adm4,MMR010015081,Kyi Taing,21.19982499,96.34319752
adm4,MMR010015082,Pa Khan,21.30749241,96.12594042
adm4,MMR010015701,Urban,21.42800543,96.13122668
adm4,MMR010015702,Urban,21.35843146,96.15605377
adm4,MMR010015901,,21.2081188,96.26516313
adm4,MMR010016001,Aung Thar,21.55819811,95.98599087
adm4,MMR010016002,Ba Leit Ba,21.81653473,95.99267549
adm4,MMR010016003,Chaung Gwa,21.66979253,95.91255778
adm4,MMR010016004,Chaung Son,21.68879035,95.86455052
adm4,MMR010016005,In Kan,21.64435098,95.9283595
adm4,MMR010016006,Gway Kone,21.73327955,95.77399671
adm4,MMR010016007,Gaung Kwe,21.81551373,95.94306115
adm4,MMR010016008,Gway Saung,21.51316736,95.90692202
adm4,MMR010016009,Han Thar Wa Di,21.83906533,95.97422045
adm4,MMR010016010,Hta Naung Kaing,21.75095573,95.79638259
adm4,MMR010016011,Inn Ku,21.831811,95.82418274
adm4,MMR010016012,Ku Toet Seik,21.81066883,95.90754307
adm4,MMR010016013,Ka Bo,21.63234607,95.88502782
adm4,MMR010016014,Kan Gyi,21.73674779,95.81500131
adm4,MMR010016015,Kyat Pyin,21.66825341,95.84817129
adm4,MMR010016016,Kya Swei,21.63764176,95.85583561
adm4,MMR010016017,La Wa Ke,21.70183582,95.86414952
adm4,MMR010016018,Let Saung Yu,21.84921905,95.91136822
adm4,MMR010016019,Let Pan Zin,21.89100243,95.82773228
adm4,MMR010016020,Lein Kone,21.80376155,95.84326787
adm4,MMR010016021,Mee Thway Taik,21.84817019,95.96158476
adm4,MMR010016022,Kan Chaw,21.67644268,95.99034869
adm4,MMR010016023,Myaing Thar,21.53814443,95.82936989
adm4,MMR010016024,Myin Thei,21.79814994,95.87322852
adm4,MMR010016025,Myin Saing,21.61616365,95.95037756
adm4,MMR010016026,Shwe Moe Myay,21.63035751,95.98293598
adm4,MMR010016027,Myay Ngu,21.86023962,95.8831986
adm4,MMR010016028,Moe Nan Chon,21.75765325,95.86674352
adm4,MMR010016029,Ngar Yar Pyar,21.83968085,95.93323488
adm4,MMR010016030,Nga Zin Yaing,21.72518634,95.92926624
adm4,MMR010016031,Nwar Taw Kone,21.51040572,95.94348063
adm4,MMR010016032,Nwar Chan Gyi Kone,21.61232579,95.90295817
adm4,MMR010016033,Pan Ya,21.79639705,95.96731171
adm4,MMR010016034,Pyar,21.71384799,95.88725026
adm4,MMR010016035,Pyu Kan,21.76297784,95.88993518
adm4,MMR010016036,Pauk Myaing,21.88647764,95.86578883
adm4,MMR010016037,Sa Kar Inn,21.77148059,95.9820311
adm4,MMR010016038,Sin Te,21.83370644,95.89754313
adm4,MMR010016039,Sa Kar Te,21.7643896,95.83958875
adm4,MMR010016040,Sa Par Twin,21.54435077,95.86366939
adm4,MMR010016041,Htauk Yit,21.87733686,95.83639586
adm4,MMR010016042,Ta Pei,21.84926163,95.84916518
adm4,MMR010016043,Tha Put Pin,21.82785746,95.87632492
adm4,MMR010016044,Thu Nge Taw,21.78503492,95.92067751
adm4,MMR010016045,Thea Maung Kan,21.73575921,95.97861985
adm4,MMR010016046,Thar Myar Ba,21.71837861,95.99077618
adm4,MMR010016047,Taung Ta Lone,21.63556558,95.80792915
adm4,MMR010016048,Htan Lone Tat,21.59422192,95.99801292
adm4,MMR010016049,Thein Ni Kan,21.58680117,95.91512379
adm4,MMR010016050,Taung Pyone,21.70672324,95.84060893
adm4,MMR010016051,Tha Pyay Kan,21.76633635,95.77316727
adm4,MMR010016052,Htan Pauk Kone,21.73803039,95.84088617
adm4,MMR010016053,Tha Man,21.77807999,95.8146853
adm4,MMR010016054,Thin Tein,21.54838272,95.92200602
adm4,MMR010016055,U Ti,21.85436649,95.98058779
adm4,MMR010016056,Wan Thar Kone,21.49598235,95.86006643
adm4,MMR010016057,Yae Khar,21.68130701,95.95008098
adm4,MMR010016058,Zay Cho,21.78241036,95.9494011
adm4,MMR010016059,Zee Pin Kwayt,21.83620338,95.95075895
adm4,MMR010016060,Zee Chaung,21.75254543,95.92862178
adm4,MMR010016061,Zee Kan,21.70752732,95.80210875
adm4,MMR010016701,Urban,21.81512901,95.97078439
adm4,MMR010017001,Pin Lel,21.70180981,95.52049474
adm4,MMR010017002,Hpet Pin Aing,21.72558251,95.46792664
adm4,MMR010017003,Nga Nan,21.75371501,95.44936976
adm4,MMR010017005,Ku La,21.71571684,95.42590109
adm4,MMR010017006,Kan Ni,21.69646096,95.48386177
adm4,MMR010017007,Pay Taw,21.68190051,95.54547907
adm4,MMR010017008,Nyaung Wun,21.66235911,95.55734739
adm4,MMR010017009,Nwar Ku Aing,21.67340145,95.51456103
adm4,MMR010017010,Kan Chaw,21.61070074,95.57899474
adm4,MMR010017011,Pyawt (Shwe Bon Thar),21.6403574,95.52066755
adm4,MMR010017012,Ka Taw,21.6718723,95.39216458
adm4,MMR010017013,Sar Kyu,21.70734649,95.38274747
adm4,MMR010017014,Kyi,21.69412216,95.3764017
adm4,MMR010017015,Kan Taw,21.69099324,95.43390925
adm4,MMR010017016,Gint Ge,21.65068193,95.39609134
adm4,MMR010017017,Sin Gut,21.64047169,95.4286063
adm4,MMR010017018,Kyar Taing,21.65735488,95.46161573
adm4,MMR010017019,Ya Thar,21.6266881,95.4643067
adm4,MMR010017020,Tat,21.6107604,95.48805171
adm4,MMR010017021,Koke Ke,21.60731336,95.5224924
adm4,MMR010017022,Ywar Thar Yar,21.58051129,95.5028289
adm4,MMR010017023,Zee Pin Kan,21.5865417,95.43765137
adm4,MMR010017024,Taw Pu,21.62062606,95.41511171
adm4,MMR010017025,Kaing,21.63798013,95.38081851
adm4,MMR010017026,Yan Ta Po,21.63829084,95.36416063
adm4,MMR010017027,Nyaung To,21.6182488,95.36344366
adm4,MMR010017028,Sin Chaung,21.59186776,95.35955609
adm4,MMR010017029,Ta Loke Myo,21.57890499,95.35074193
adm4,MMR010017030,Ye Taing,21.55981997,95.39169655
adm4,MMR010017031,Aint Ma,21.55334934,95.4151031
adm4,MMR010017032,Tu Ywin Boet,21.54562322,95.44580416
adm4,MMR010017033,Thit Yon,21.55762843,95.46637547
adm4,MMR010017034,Htein Pan,21.55441911,95.50011741
adm4,MMR010017035,Yon Htoe,21.54660608,95.55343466
adm4,MMR010017036,Pyar,21.50723031,95.60340512
adm4,MMR010017037,Mee Pauk,21.52454101,95.58011178
adm4,MMR010017038,Kan Swei,21.48803386,95.53496068
adm4,MMR010017039,Pyoe Kan,21.51721485,95.52791931
adm4,MMR010017040,Kyee Pin Kan,21.5150753,95.4943266
adm4,MMR010017041,Thin Pyun,21.48993249,95.48764369
adm4,MMR010017042,Lel Thit,21.50544736,95.43342651
adm4,MMR010017043,Thar Paung,21.53563868,95.37131711
adm4,MMR010017044,Gaung Kwe,21.47691149,95.37063979
adm4,MMR010017046,Nat Htar,21.45540584,95.42614699
adm4,MMR010017047,Pyawbwe,21.47740897,95.44865334
adm4,MMR010017048,Ba Lon,21.43929811,95.48310065
adm4,MMR010017049,Kan Sint (South),21.42444287,95.4651252
adm4,MMR010017050,Kun Saik,21.41249613,95.44019304
adm4,MMR010017051,Chay Say,21.39143294,95.44670708
adm4,MMR010017052,Ku,21.41049216,95.40694749
adm4,MMR010017053,Ywar Si,21.41895071,95.38516317
adm4,MMR010017054,Shar Taw,21.43896264,95.32506696
adm4,MMR010017055,Aye,21.44371279,95.37433123
adm4,MMR010017056,Kun Thee Pin (Lay Ein Tan),21.4610738,95.34709908
adm4,MMR010017057,Lint Gyi,21.42008924,95.27912806
adm4,MMR010017058,Thea Hpyu Wa,21.43756255,95.35946267
adm4,MMR010017059,Kaing Taung,21.40843699,95.29398498
adm4,MMR010017060,Daunt Thit,21.42396977,95.33240922
adm4,MMR010017061,Zee Taw,21.40919099,95.33394094
adm4,MMR010017062,Hta Naung Taing,21.39009384,95.29912425
adm4,MMR010017063,Hta Naung Kone,21.39059897,95.34744116
adm4,MMR010017064,Gyoke Pin,21.40955796,95.36310815
adm4,MMR010017065,Sar Khar,21.38576192,95.39680017
adm4,MMR010017066,Gway Pin Yoe,21.3674959,95.44804691
adm4,MMR010017701,Urban,21.45825857,95.39797635
adm4,MMR010017702,Urban,21.73736594,95.41861263
adm4,MMR010018001,Oe Bo,21.30661433,95.44586872
adm4,MMR010018002,Thar Yar Gyi,21.29860404,95.39811608
adm4,MMR010018003,Hpa Yar Hla,21.31225064,95.39658169
adm4,MMR010018004,Hnan,21.35013102,95.40606654
adm4,MMR010018005,Kan Sint,21.33827665,95.41935954
adm4,MMR010018006,Nan Myint,21.32360038,95.41652296
adm4,MMR010018007,Moe Hnaung Khin,21.34564685,95.43658527
adm4,MMR010018008,Dan Daing,21.25214322,95.513807
adm4,MMR010018009,Aung Thar,21.23830358,95.51230212
adm4,MMR010018010,Ah Lel Chaint,21.28782758,95.49536696
adm4,MMR010018011,Na Be Kan,21.26104948,95.46214023
adm4,MMR010018012,Kyauk Chaw,21.2252941,95.4674163
adm4,MMR010018013,Let Thea Chin,21.26122903,95.41874828
adm4,MMR010018014,Hle Ku Ma,21.30673631,95.58037307
adm4,MMR010018015,Za Yat Gyi,21.29375579,95.53663993
adm4,MMR010018016,Chaung Son,21.33438584,95.57263599
adm4,MMR010018017,Ma Gyi Pin Te,21.31369253,95.50303795
adm4,MMR010018018,Shwe Si Gyi,21.28404011,95.58857819
adm4,MMR010018019,War Gyi Aing,21.26772248,95.60805615
adm4,MMR010018020,Yone Si Gyi,21.21015014,95.55641423
adm4,MMR010018021,Than Bo,21.24435405,95.57500097
adm4,MMR010018022,Let Pa Taw,21.20578342,95.59638274
adm4,MMR010018023,Shwe Pyi Taw,21.1735094,95.55982092
adm4,MMR010018024,Yae Khar,21.17766474,95.60227839
adm4,MMR010018025,Pan Paung,21.20455447,95.51155251
adm4,MMR010018026,Si Mee Kan,21.18443488,95.43124869
adm4,MMR010018027,Yone Taw,21.07872001,95.44532841
adm4,MMR010018028,Khar Tet Kone,21.12340325,95.41867238
adm4,MMR010018029,Ma Gyi Cho,21.1430826,95.49071378
adm4,MMR010018030,Lel Kwet Gyi,21.15608227,95.4259416
adm4,MMR010018031,Ah Yar Taw,21.17637241,95.45104313
adm4,MMR010018032,Ta Laing Yat (Ywar Thit),21.15541715,95.30660466
adm4,MMR010018033,Tha Met Ku,21.11910279,95.28465706
adm4,MMR010018034,Ta Dar,21.12087463,95.2464237
adm4,MMR010018035,Tha Pyay Wa,21.18393734,95.22091094
adm4,MMR010018036,Shwe Pyi Thit,21.18605415,95.29347462
adm4,MMR010018037,Wea Laung,21.1366058,95.3794821
adm4,MMR010018038,Aye,21.09693337,95.32605771
adm4,MMR010018039,Aye Chan Thar,21.17938766,95.34008281
adm4,MMR010018040,Za Gyan,21.24867071,95.2842977
adm4,MMR010018041,Kan Mye,21.21926628,95.29815928
adm4,MMR010018042,Min Yin,21.21615657,95.34024523
adm4,MMR010018043,Pa Dat Sar Kone (Sa Lin Ga Thu),21.21797972,95.37385038
adm4,MMR010018044,Kan Thar Yar,21.23287769,95.39820505
adm4,MMR010018045,Min Tee,21.24409381,95.43179113
adm4,MMR010018046,Nat Saunt,21.24964343,95.36196757
adm4,MMR010018047,Kyauk Yin,21.28155472,95.41262273
adm4,MMR010018048,Inn Te,21.27533166,95.35453913
adm4,MMR010018049,Chaung Pauk,21.37447355,95.29396137
adm4,MMR010018050,Ta Pin Kan,21.34872034,95.34097375
adm4,MMR010018051,Kan,21.32147193,95.29644662
adm4,MMR010018052,Ya Thit,21.37371919,95.27105425
adm4,MMR010018053,Aung Za Bu,21.34473165,95.24435347
adm4,MMR010018054,Ngar Pin Sin,21.36168875,95.22734846
adm4,MMR010018055,Kone Pu Htoe,21.34410813,95.28064396
adm4,MMR010018056,Kywe Zin,21.3639134,95.30903378
adm4,MMR010018057,Hpet Taw,21.36069186,95.37182014
adm4,MMR010018058,Nan Te,21.31162716,95.35932817
adm4,MMR010018059,Thee Kone,21.29621948,95.29910915
adm4,MMR010018060,Tha Put Su,21.16544161,95.32756348
adm4,MMR010018061,Se Kone,21.21339251,95.39894522
adm4,MMR010018062,Kaing,21.21788999,95.4277795
adm4,MMR010018063,Kyauk Kar Ywar Ma,21.17193836,95.39292711
adm4,MMR010018064,Te Gyi Kone,21.19441192,95.38207405
adm4,MMR010018065,Hle Pwe Kone,21.08148848,95.37700283
adm4,MMR010018066,Kyee Pin Te,21.05630302,95.39049451
adm4,MMR010018067,Taung Lu Lin,21.09942575,95.41318685
adm4,MMR010018068,Tha Put Pin Te,21.05161769,95.48954634
adm4,MMR010018069,Kywe Ta Lin,21.04363251,95.43383411
adm4,MMR010018070,Kan Taw,21.26778157,95.24174375
adm4,MMR010018071,Da Maik Thar,21.31673959,95.26767862
adm4,MMR010018072,Kyar Poet,21.30491245,95.21709484
adm4,MMR010018073,Mar Lar,21.28373905,95.159776
adm4,MMR010018074,Kyaw Zi,21.30350334,95.18635049
adm4,MMR010018075,Min Kyo,21.31584744,95.241451
adm4,MMR010018076,Sin Hpyu,21.29777293,95.20198006
adm4,MMR010018077,Thar Yar Aye,21.30858902,95.15441017
adm4,MMR010018701,Urban,21.28016649,95.45054509
adm4,MMR010019001,Hta Naung Pin Le,21.40390906,95.65958768
adm4,MMR010019002,Nyaung Kone,21.39421741,95.61984801
adm4,MMR010019003,Gway Pin Taw,21.45522163,95.69629833
adm4,MMR010019004,Tha Min Bay,21.44232201,95.66355488
adm4,MMR010019005,Htan Gwa,21.44597494,95.71443861
adm4,MMR010019006,Moe Kan,21.4313287,95.634763
adm4,MMR010019007,Sein Pan Kan,21.4317391,95.75560436
adm4,MMR010019008,Oke Twin,21.41174615,95.72280994
adm4,MMR010019009,Hpa Yar Gyi,21.37856714,95.69308739
adm4,MMR010019010,Kyee Kan,21.39299616,95.71326712
adm4,MMR010019011,Daunt Boe,21.37957684,95.74991863
adm4,MMR010019012,Ta Pei,21.33714326,95.75020342
adm4,MMR010019013,Ywar Thar Aye,21.32281851,95.68385799
adm4,MMR010019014,Su Yit Kone,21.33629417,95.67777752
adm4,MMR010019015,Aung Pan Kone,21.35957492,95.64526216
adm4,MMR010019016,Kyar Pwar,21.33970986,95.63489216
adm4,MMR010019017,Hpa Lan Kone,21.30777029,95.63384531
adm4,MMR010019018,Let Wea,21.42350921,95.51384237
adm4,MMR010019019,Bu Kaing,21.46721409,95.60727497
adm4,MMR010019020,Hlyaw Hpyu,21.43463365,95.61848002
adm4,MMR010019021,Kyaung Nan,21.45401695,95.57286591
adm4,MMR010019022,Na Nwin Taw Boe,21.4732207,95.53045709
adm4,MMR010019023,Gway Kone,21.4092704,95.58350408
adm4,MMR010019024,Thin Ta Yar,21.37524653,95.58210876
adm4,MMR010019025,Pya Yar Chaung,21.39133395,95.55183804
adm4,MMR010019026,Ma Lel,21.36988519,95.52685862
adm4,MMR010019027,Myin Ni,21.40774595,95.51995615
adm4,MMR010019028,Thu Soe,21.38168218,95.48894346
adm4,MMR010019029,In Chaung,21.35751287,95.56957147
adm4,MMR010019030,Moe Tein Pyin,21.33487531,95.60511382
adm4,MMR010019031,Ywar Gyi,21.44959985,95.53273255
adm4,MMR010019032,Nyaung Chay Paw,21.34361029,95.49051611
adm4,MMR010019033,Nyaung Pin Thar,21.34406599,95.53945147
adm4,MMR010019034,Pyin Si,21.38761884,95.84980788
adm4,MMR010019035,Ka Nar,21.46700788,95.88921718
adm4,MMR010019036,Ya Thit,21.43542955,95.90165525
adm4,MMR010019037,Pa Daung,21.43343835,95.92774001
adm4,MMR010019038,Tha Pyay Thar,21.38549478,95.90861441
adm4,MMR010019039,Yone Pin Kan,21.47940624,95.94289815
adm4,MMR010019040,Zay Deik,21.42360464,95.82146708
adm4,MMR010019041,Tha Yet Kan,21.44236758,95.86076559
adm4,MMR010019042,Zee Kan,21.47587471,95.83270884
adm4,MMR010019043,Bon Thar,21.33440873,95.93627888
adm4,MMR010019044,Khet Lan,21.36631878,95.81224942
adm4,MMR010019045,Koke Ko Zee,21.32115721,95.83044315
adm4,MMR010019046,Shwe Pyayt Yin,21.34903446,95.85585002
adm4,MMR010019047,Htein Ba Lar,21.34864453,95.88284921
adm4,MMR010019048,Hle Sa Htun,21.32890677,95.87371844
adm4,MMR010019049,Sar Taung,21.31047841,95.78732792
adm4,MMR010019050,Daing Lel,21.38040166,95.77953658
adm4,MMR010019051,Wet Lu,21.52881208,95.70998032
adm4,MMR010019052,Say Khin Gyi,21.6068653,95.75958274
adm4,MMR010019053,Taw Zauk,21.61238262,95.72564324
adm4,MMR010019054,Mya Wa Di,21.57702655,95.73561458
adm4,MMR010019055,Zi,21.56969812,95.77223942
adm4,MMR010019056,Kyun Daunt,21.56177068,95.72592749
adm4,MMR010019057,Pe Chet,21.47585109,95.75497768
adm4,MMR010019058,Thin Tee,21.51278546,95.74673159
adm4,MMR010019059,Myet Shu,21.54216894,95.78627828
adm4,MMR010019060,Kan Gyi,21.61217642,95.68971598
adm4,MMR010019061,Su Hpyu Kone,21.55773822,95.68017186
adm4,MMR010019062,Si Thar,21.5960924,95.64410086
adm4,MMR010019063,Ma Gyi Kone,21.54780943,95.63237535
adm4,MMR010019064,Ka Daung,21.49563971,95.66076473
adm4,MMR010019701,Urban,21.42560977,95.65558623
adm4,MMR010020001,Kan Hpyu,21.04424804,95.20218144
adm4,MMR010020002,Seik Tein,21.06786272,95.24639487
adm4,MMR010020003,Myin Thar Taung,21.04245485,95.32982009
adm4,MMR010020004,Su Hpyu Kone,21.03364115,95.37809936
adm4,MMR010020005,Lay Pin (South),20.99391399,95.41518724
adm4,MMR010020006,Kan Bar Te (South),20.9846313,95.45298554
adm4,MMR010020007,Tha Pyay Kaing,20.92997666,95.46513217
adm4,MMR010020008,Ku,20.94404851,95.42926458
adm4,MMR010020009,Dee Doke Kone,20.97935784,95.36711482
adm4,MMR010020010,Ku Lel,20.94361218,95.34067672
adm4,MMR010020011,Hlaing Thar,20.98709128,95.31287479
adm4,MMR010020012,Kyar Nay Aint,21.04603724,95.28752715
adm4,MMR010020013,Lel Gyi Myauk,21.03108593,95.26356873
adm4,MMR010020014,Khway Tauk Kone,21.00118182,95.23371038
adm4,MMR010020015,Thee Kone-Daung Lel (a) Thee Kone (West),20.99619955,95.19416655
adm4,MMR010020016,Daung Lel,20.97384043,95.17209552
adm4,MMR010020017,Popa Lwin,20.9586132,95.2189863
adm4,MMR010020018,Taung Paw (South),20.93278307,95.28893512
adm4,MMR010020019,Taung Paw (North),20.95878712,95.24073838
adm4,MMR010020020,Myauk Taw,20.96870289,95.25405772
adm4,MMR010020021,Kyauk Ta Gar,20.98451347,95.24572279
adm4,MMR010020022,Son Kone,20.96664064,95.27792635
adm4,MMR010020023,Nat Kan Lel,20.90855394,95.29968489
adm4,MMR010020024,Pyin Ma Gyi,20.89978938,95.31927762
adm4,MMR010020025,Kyauk Khwet,20.93072312,95.34087119
adm4,MMR010020026,Kyauk Chaw,20.92405683,95.40138142
adm4,MMR010020027,Thit Tein,20.90753947,95.48456664
adm4,MMR010020028,Sin Myint,20.86966892,95.47923967
adm4,MMR010020029,Aing Ma (North),20.88904435,95.40667885
adm4,MMR010020030,Ohnt Hmone Yoe,20.83328183,95.44256848
adm4,MMR010020031,Hpet Taw Yae,20.86034886,95.43451478
adm4,MMR010020032,Moe Nan Kyin,20.82314244,95.40665637
adm4,MMR010020033,Thet Kei Kyin,20.85029539,95.3982597
adm4,MMR010020034,Gaung Ye,20.88036986,95.35114487
adm4,MMR010020035,Wet Thar Chin,20.83388332,95.35790487
adm4,MMR010020036,Lun Aing,20.8652467,95.33097566
adm4,MMR010020037,Se,20.86679339,95.30064595
adm4,MMR010020038,Hlyaw Taw,20.888563,95.27141522
adm4,MMR010020039,Let Pan Aint,20.86848462,95.23682731
adm4,MMR010020040,Se Pauk,20.8769355,95.19448457
adm4,MMR010020041,Popa,20.92758635,95.22384318
adm4,MMR010020042,Than Bo,20.92378868,95.16071306
adm4,MMR010020043,Hnit Kyat Khwe,20.90901898,95.12420115
adm4,MMR010020044,Ta Nga Kan,20.89505276,95.08494388
adm4,MMR010020045,Nyaung Kan Daunt,20.86810662,95.05335548
adm4,MMR010020046,In Taing (East),20.84873546,95.0583824
adm4,MMR010020047,Da War,20.83488196,95.05532631
adm4,MMR010020048,Sin Tat Kyin,20.82331429,95.0544586
adm4,MMR010020049,Sin Taing Kan,20.83714446,95.08427319
adm4,MMR010020050,Be Myar (a) Si Yin Su,20.83657099,95.10558152
adm4,MMR010020051,Let Pan Pin,20.86820444,95.13379861
adm4,MMR010020052,Taung Zin,20.86120166,95.13433364
adm4,MMR010020053,Kan Pauk,20.84994099,95.16102407
adm4,MMR010020054,Kan Pat Lel,20.84421875,95.20302863
adm4,MMR010020055,Ma Gyi Taing,20.82040603,95.22680994
adm4,MMR010020056,In Taw Kyei,20.81240858,95.18632718
adm4,MMR010020057,In Taw,20.82441714,95.1537382
adm4,MMR010020058,Lel Yar,20.81737115,95.11990017
adm4,MMR010020059,Ywar Lu,20.79684876,95.14317764
adm4,MMR010020060,Si Pauk Kan,20.79876665,95.1028131
adm4,MMR010020061,Ta Gar Ma,20.81275185,95.09015677
adm4,MMR010020062,Bin Gwa,20.78407544,95.05369507
adm4,MMR010020063,Twin Hpyu,20.77066057,95.08483544
adm4,MMR010020064,Za Lin Taung,20.76814912,95.11999788
adm4,MMR010020065,Son,20.76815891,95.14192064
adm4,MMR010020066,Kyauk Sit Kan,20.74397057,95.14910646
adm4,MMR010020067,Hin Khwet Aing,20.72295148,95.12027358
adm4,MMR010020068,Hpa Yar Gyi Kone,20.73135551,95.07727554
adm4,MMR010020069,Ta Laing Kan (a) Ka Zi,20.73345184,95.03159501
adm4,MMR010020070,Ah Hmyaung Kan,20.69823154,95.02832656
adm4,MMR010020071,Kywe Kan,20.66872003,95.046693
adm4,MMR010020072,Ma Gyi Ngoke To,20.6615237,95.0225122
adm4,MMR010020073,Khin Mun,20.62666846,95.03059075
adm4,MMR010020074,Yae Sone,20.59598445,95.06906435
adm4,MMR010020075,Ngar Shan Taung,20.65438169,95.07073601
adm4,MMR010020076,Kan Lwin,20.69390814,95.097204
adm4,MMR010020077,Kan Ni,20.67431677,95.11033038
adm4,MMR010020078,Pway Kyit,20.64544527,95.10880714
adm4,MMR010020079,Me Dee,20.66314625,95.1557125
adm4,MMR010020080,Ka Taw,20.65846781,95.21343851
adm4,MMR010020081,Nyaung Pin Thar,20.68565914,95.21841315
adm4,MMR010020082,Aing Hlar (North),20.70727879,95.17966701
adm4,MMR010020083,Aing Hlar (South),20.69356443,95.19732676
adm4,MMR010020084,Min Gaung (South),20.73424912,95.20318572
adm4,MMR010020085,Min Gaung (North),20.75833781,95.20451113
adm4,MMR010020086,Wet Gyi Kan,20.78620092,95.18888768
adm4,MMR010020087,Thea Boke Ma,20.78856369,95.23346162
adm4,MMR010020088,Kaing,20.81512696,95.25999661
adm4,MMR010020089,Nyaung Chaing,20.82968119,95.26841779
adm4,MMR010020090,Kyauk Pon,20.80808308,95.32060504
adm4,MMR010020091,Tei Pin Te,20.78464712,95.36492818
adm4,MMR010020092,Zay Kone,20.77370917,95.26507108
adm4,MMR010020093,Nyaung Hto,20.73828741,95.26679492
adm4,MMR010020094,Tha Yet Taw,20.73510839,95.24208639
adm4,MMR010020095,Lel Gyi Taung,20.7067972,95.22533524
adm4,MMR010020096,Ma Gyi Kone,20.70279697,95.26025563
adm4,MMR010020097,Mon Kan,20.73446571,95.28869905
adm4,MMR010020098,Ywar Kauk,20.72656042,95.31797389
adm4,MMR010020099,Sin Gaung,20.71453063,95.36401634
adm4,MMR010020100,Kha Paung Kone,20.75646304,95.37131133
adm4,MMR010020101,Ta Lin Kone,20.73429386,95.39518534
adm4,MMR010020102,Kyoet Pin Thar,20.74578329,95.4319708
adm4,MMR010020103,Kyet Su Taw,20.78739678,95.46615435
adm4,MMR010020104,Taung Paw Ba Lon,20.78353006,95.42012886
adm4,MMR010020105,Let Pan Pyar,20.80294958,95.40606465
adm4,MMR010020106,Taung U,20.82262688,95.48050417
adm4,MMR010020107,Byi Sin Inn,20.83639786,95.50046172
adm4,MMR010020108,Yae Ngan,20.81111265,95.50957116
adm4,MMR010020109,Kyet Pyit,20.77994388,95.51908599
adm4,MMR010020701,Urban,20.84233809,95.13006216
adm4,MMR010021001,Thaung Pyin,21.75649783,95.65256818
adm4,MMR010021002,Ah Nauk Taw,21.78229687,95.64449234
adm4,MMR010021003,Gyo,21.79431687,95.67518377
adm4,MMR010021004,Pan,21.80922207,95.69935822
adm4,MMR010021005,Taung Lel Taw,21.75664442,95.71051303
adm4,MMR010021006,Htun Thar,21.81645127,95.65711919
adm4,MMR010021007,Ta Mar Pin,21.86365177,95.68307652
adm4,MMR010021008,Ywar Thit,21.89965336,95.70672641
adm4,MMR010021009,Kyauk Ta Lone,21.90103105,95.76915557
adm4,MMR010021010,Chin Thayt Let,21.85016591,95.7169759
adm4,MMR010021011,Tha Nat Sit,21.84664786,95.76911657
adm4,MMR010021012,Si Taung,21.79860294,95.74675864
adm4,MMR010021013,Myo Thar,21.69947611,95.69875765
adm4,MMR010021014,Gyun Kan,21.70477267,95.75527896
adm4,MMR010021015,Shwe Taung,21.64915703,95.77165825
adm4,MMR010021016,Tha Yet Kan,21.6603378,95.73481245
adm4,MMR010021017,Pyin Hla Taw,21.64421341,95.65955305
adm4,MMR010021018,Kywe Zein,21.69735496,95.6495021
adm4,MMR010021019,Pauk Sein,21.70114963,95.59342806
adm4,MMR010021020,Min Nay Kone,21.6957068,95.57123655
adm4,MMR010021021,Than Bo,21.73377709,95.58985298
adm4,MMR010021022,Hpyu Twin Kone,21.66813708,95.60618307
adm4,MMR010021023,Kaung Zin,21.72757995,95.5593818
adm4,MMR010021024,Than Kone,21.85866748,95.64476577
adm4,MMR010021025,Ngan Lunt,21.89666032,95.65029574
adm4,MMR010021026,Sat Pyar Kyin,21.85514982,95.61269936
adm4,MMR010021027,Ma Gyi,21.81938298,95.63216329
adm4,MMR010021028,Yae Lel Thaung,21.89383204,95.53031367
adm4,MMR010021029,Ku Lar,21.88461348,95.59425805
adm4,MMR010021030,Sin Tat,21.89984543,95.56722125
adm4,MMR010021031,Ywar Bo,21.84694103,95.58540529
adm4,MMR010021032,Sin Hpyu Kone,21.8613064,95.53374781
adm4,MMR010021033,Let Pan Thar,21.87684446,95.52195393
adm4,MMR010021034,Yae Zin,21.85981645,95.49527236
adm4,MMR010021035,Tha Kyin,21.82671225,95.52725927
adm4,MMR010021036,Let Pa Kyin,21.77658003,95.58264822
adm4,MMR010021037,Ma Gyi Kyat,21.83829249,95.55663205
adm4,MMR010021038,Nat Gyi,21.82055566,95.49233354
adm4,MMR010021039,Ma Yoe Kone,21.8337487,95.47009567
adm4,MMR010021040,Moe Taung,21.77100979,95.47261821
adm4,MMR010021041,Kone Lel,21.77412374,95.52193547
adm4,MMR010021042,Tha Yet Cho Pin,21.75473881,95.50057199
adm4,MMR010021043,Ngan Myar,21.78288321,95.44004519
adm4,MMR010021044,Aing Thar,21.7296727,95.64404403
adm4,MMR010021701,Urban,21.90346701,95.68679462
adm4,MMR010022001,Let Pan Chay Paw,21.27321003,95.0853657
adm4,MMR010022002,Taung Zin,21.03712762,95.05453583
adm4,MMR010022003,Tu Ywin Taing,21.07440698,94.96048039
adm4,MMR010022004,Myin Ka Par,21.14908906,94.8725803
adm4,MMR010022005,Sint Ku,20.93391769,94.86768734
adm4,MMR010022006,Kya Oh,21.00505101,94.86008999
adm4,MMR010022007,Taung Bi Lay,20.93005435,94.98478508
adm4,MMR010022008,Myay Ne Lay,21.17102672,94.94242074
adm4,MMR010022009,Kan Bar Ni,21.17497967,94.98811541
adm4,MMR010022010,Si Thar,21.16178981,94.96641916
adm4,MMR010022011,In Taing,21.15240858,94.99127692
adm4,MMR010022012,Myay Thin Twin,21.12462844,95.03228306
adm4,MMR010022013,Yan San,21.18632535,95.03879764
adm4,MMR010022014,Pu Lin,21.21200163,94.97972234
adm4,MMR010022015,Let Htoke,21.26432965,95.14015934
adm4,MMR010022016,Thit Htaunt,21.25040641,95.05400847
adm4,MMR010022017,Pyawt Kan,21.21778857,95.08006104
adm4,MMR010022018,Ah Htet Nyint,21.24597296,95.02882456
adm4,MMR010022019,Auk Nyint,21.2360943,95.01053527
adm4,MMR010022020,Mee Laung Hpyar,20.97444288,94.86225666
adm4,MMR010022021,Kyauk Pyin Kan,21.02395781,94.90250311
adm4,MMR010022022,Htee Pu,21.00651187,95.09175669
adm4,MMR010022023,Sa Par Thin,20.95883504,95.01287973
adm4,MMR010022024,Kyun Khin Gyi,20.93986144,95.09524947
adm4,MMR010022025,Da Hat See,20.96558172,95.09289728
adm4,MMR010022026,Nga Min May,20.94167851,95.04079741
adm4,MMR010022027,Nyaung Pin Thar,20.98424587,95.05700384
adm4,MMR010022028,Su Ti,20.98473703,95.02285149
adm4,MMR010022029,Tha Pyay Aint,20.92317808,95.01666183
adm4,MMR010022030,Nyaung Ni Kyin,20.88705801,95.00433304
adm4,MMR010022031,Dan,20.90686231,94.94249073
adm4,MMR010022032,Chaung Shey,21.0155165,94.96623508
adm4,MMR010022033,Chaung Wa,21.02059184,94.9997559
adm4,MMR010022034,Ywar Thit Taung,20.98799784,94.98483831
adm4,MMR010022035,Pan Kone Pin,20.98889004,94.99980202
adm4,MMR010022036,War Khin Gyi,21.00393686,95.01955524
adm4,MMR010022037,Nyaung Pin (Tet Ma),20.96552714,94.95355932
adm4,MMR010022038,Taw,21.07490514,94.88384889
adm4,MMR010022039,Dan Kyin (Nat Pa Lin),21.04907923,94.99022759
adm4,MMR010022040,Pyun,21.0584113,95.03990049
adm4,MMR010022041,Kone Hpa Yar (Nyaung Pin Kan),21.0806773,95.04520225
adm4,MMR010022042,Chauk Kan,21.09835913,95.01522549
adm4,MMR010022043,Kone Tan Gyi,21.14469206,94.93510346
adm4,MMR010022044,Taung Ba,21.14003098,94.96668974
adm4,MMR010022045,Ku,21.106054,94.98356398
adm4,MMR010022046,Zee Za Hmyin,21.01437655,94.93645257
adm4,MMR010022047,Kyauk Kan,21.06292602,94.92375522
adm4,MMR010022048,Nyaung To,21.11330118,94.94481021
adm4,MMR010022049,Pya Taing Taung Nauk,21.10280873,94.95875818
adm4,MMR010022050,Nwar Kyoe Aing,21.10405913,94.87759665
adm4,MMR010022051,Hpwar Saw,21.12051237,94.8914683
adm4,MMR010022052,Min Nan Thu,21.16538592,94.90065502
adm4,MMR010022053,Taung Bi,21.17948616,94.86833973
adm4,MMR010022055,Taung Ywar Naung,21.10488927,94.84632825
adm4,MMR010022056,Ywar Thar,21.04416355,94.85873218
adm4,MMR010022057,Kan Ni Pauk,21.05455507,94.90593087
adm4,MMR010022058,Shwe Ka Hpyu,20.98758748,94.9089772
adm4,MMR010022059,Myay Ni,20.90385216,94.89206835
adm4,MMR010022060,Pyin Chaung,20.96159785,94.89991676
adm4,MMR010022061,Kan Thar Yar,21.17268828,95.08520575
adm4,MMR010022062,Ku Lar Te,21.19888178,95.0998983
adm4,MMR010022063,Kamma,21.2322961,95.20096006
adm4,MMR010022064,Sin Thar Mway,21.20690589,95.12829064
adm4,MMR010022065,Taw Pyar,21.15372898,95.17973842
adm4,MMR010022066,Se,21.152784,95.09996046
adm4,MMR010022067,Kan Ni Gyi,21.11268354,95.0897171
adm4,MMR010022068,Kan Tein,21.08345476,95.11164406
adm4,MMR010022069,Ta Pauk Kone,21.08899365,95.09029849
adm4,MMR010022070,Myay Ne Gyi,21.10085788,95.13351186
adm4,MMR010022071,Taung Taw,21.06933893,95.12665652
adm4,MMR010022072,Ywar Pale,21.07884864,95.14824661
adm4,MMR010022073,Byu Gyi,21.03132403,95.15687575
adm4,MMR010022074,Ku Taw,21.08101932,95.18190667
adm4,MMR010022075,Set Set Yo,21.03041508,95.13215185
adm4,MMR010022076,Thea Pyin Taw,21.05886174,94.94933411
adm4,MMR010022701,Urban,21.19679218,94.9130746
adm4,MMR010022702,Urban,21.12971746,94.86147001
adm4,MMR010022703,Urban,21.14981409,95.1380445
adm4,MMR010023001,Ka Tin,20.47686381,96.06005645
adm4,MMR010023002,Kan Beit,20.51810878,96.15274568
adm4,MMR010023003,Htan Taw Kyan Pin,20.51184146,96.1322193
adm4,MMR010023004,Su Tat Oke Hpo,20.50254155,96.11118124
adm4,MMR010023005,Zee Taw Pin Chaung Khwa,20.51924575,96.09050508
adm4,MMR010023006,Shwe Dar Thar Si,20.50353266,96.07419069
adm4,MMR010023007,In Taw Gyi,20.3980187,95.98621571
adm4,MMR010023008,Aing To,20.35637129,95.94045221
adm4,MMR010023009,Kyauk Hpu,20.40832946,95.94687762
adm4,MMR010023010,Myo Hla,20.35151917,96.03163685
adm4,MMR010023011,Inn Paung,20.34256512,95.98511104
adm4,MMR010023012,Kan Swei,20.39741218,96.18668113
adm4,MMR010023013,Kan Htet,20.53578386,96.11436727
adm4,MMR010023014,Kamma,20.4073186,96.02393456
adm4,MMR010023015,Kywe Tat,20.43637633,96.11002911
adm4,MMR010023016,Kan U,20.43369671,95.80573995
adm4,MMR010023017,Ku Lar Myaw,20.4414702,95.99482647
adm4,MMR010023018,Gway Kone,20.44803319,95.92245324
adm4,MMR010023019,Hnget Thaik,20.4793065,96.13658949
adm4,MMR010023020,Se Kan,20.40347734,95.81510042
adm4,MMR010023021,Sin Twin Kyaung Kone,20.4390302,96.39206242
adm4,MMR010023022,Se Gyi,20.44701117,96.15994272
adm4,MMR010023023,Sat Toe Gyi,20.26640888,95.89980225
adm4,MMR010023024,Zee Hpyu Kone,20.37982323,96.17441397
adm4,MMR010023025,Kan Gyi (Taung Kan Gyi),20.48451924,95.89160781
adm4,MMR010023026,Taung Bo,20.3220013,96.20905189
adm4,MMR010023027,Ta Bet Kar,20.53352308,96.06937566
adm4,MMR010023028,Hta Naung Kone,20.51952399,96.18479377
adm4,MMR010023029,Htein Kan,20.41641634,96.18670709
adm4,MMR010023030,Htee Hlaing,20.35455175,96.18003327
adm4,MMR010023031,Nwar Bu Kyin,20.30259358,96.12192892
adm4,MMR010023032,Nan Lon,20.5187153,96.25029436
adm4,MMR010023033,Nan Khwe,20.53409122,96.39535577
adm4,MMR010023034,Peit Se,20.3110848,96.0757872
adm4,MMR010023035,Pyar Si,20.28869982,95.95886656
adm4,MMR010023036,Pu Tee Kone,20.38972965,96.05541116
adm4,MMR010023037,Pauk Aing,20.44552909,96.04516538
adm4,MMR010023038,Hpo Kone,20.47967601,95.98560571
adm4,MMR010023039,Bwet,20.4123729,96.24910592
adm4,MMR010023040,Ma Gyi Kone,20.40004042,96.08438829
adm4,MMR010023041,Myin Nar,20.46453324,96.24791802
adm4,MMR010023042,Shwe Dar Shwe Kone,20.50826043,96.04327768
adm4,MMR010023043,Yin Gat Kone,20.4123729,95.86153294
adm4,MMR010023044,Ywar Tan Lel Thar,20.50167371,95.99055763
adm4,MMR010023045,Yae U,20.3707255,96.23530818
adm4,MMR010023046,Ywar Tan Thea Kyun,20.46722178,96.02667477
adm4,MMR010023047,Hlwa Sin,20.3351161,95.82766099
adm4,MMR010023048,Let Pan Kone,20.39822087,96.1128939
adm4,MMR010023049,War Tee,20.54566623,96.11156225
adm4,MMR010023050,War Yon Taw,20.31290434,96.01280041
adm4,MMR010023051,War Hpyu Taung,20.31246937,96.47950453
adm4,MMR010023052,Thein Kone,20.45563768,96.17995535
adm4,MMR010023053,Thin Pan Kone,20.45098773,96.13466253
adm4,MMR010023054,Thaik Hmyaung,20.40509471,95.9083703
adm4,MMR010023055,Thit Son Gyi,20.46453324,95.85605213
adm4,MMR010023056,Thea Kwe,20.27627334,96.16661184
adm4,MMR010023057,Ohn Thee Kwe,20.45093303,96.08282741
adm4,MMR010023058,In Taing,20.42490755,96.29992248
adm4,MMR010023059,In Gyin Kan,20.47543101,96.08730576
adm4,MMR010023060,Inn Kone,20.36728857,96.09624988
adm4,MMR010023061,Ah Nauk Oke Hpo,20.50470208,96.01618448
adm4,MMR010023062,Ah Lel Kone,20.34060189,96.10864932
adm4,MMR010023063,Oke Shit Kone,20.39074051,96.14536168
adm4,MMR010023701,Urban,20.42574567,96.14028511
adm4,MMR010023901,,20.26677895,96.45450129
adm4,MMR010024001,Min Lan,20.56719986,96.06684632
adm4,MMR010024002,Kyauk Se,20.60356603,96.16817615
adm4,MMR010024003,Kone Thar,20.63378242,96.21074763
adm4,MMR010024004,Kyo Kone,20.70042719,96.06866933
adm4,MMR010024005,Kyu Taw Wa,20.61590555,96.09698152
adm4,MMR010024006,Kyi Ni,20.68469506,96.01243079
adm4,MMR010024007,Yin Taw Ywar Ma,20.72269392,95.93447847
adm4,MMR010024008,Kyi,20.6660571,95.91156297
adm4,MMR010024009,Kyaung,20.58316174,95.62883475
adm4,MMR010024010,Kan Gyi (North),20.58916104,95.9053162
adm4,MMR010024011,Kan Te,20.57378849,95.71705581
adm4,MMR010024012,Chaung Ma Gyi,20.67481255,95.97159466
adm4,MMR010024013,Gway Zee,20.59985751,96.12791888
adm4,MMR010024014,Gway Pin Yoe,20.66172493,96.15484279
adm4,MMR010024015,Ge Gyi,20.52583798,95.79262341
adm4,MMR010024016,Gway Inn (Taw Twin Hla),20.64449042,95.97892447
adm4,MMR010024017,San Taw,20.6111138,95.59058693
adm4,MMR010024018,Sa Bai Kone,20.51005432,95.94413112
adm4,MMR010024019,Se Ywar Let Pan Taing,20.68343651,95.61506873
adm4,MMR010024020,Seik Gyo,20.54064071,95.90162102
adm4,MMR010024021,Su Chin Kone,20.63703155,96.16269546
adm4,MMR010024022,Sar Taung,20.70928109,96.00147645
adm4,MMR010024023,Se Ywar Kyet Ti,20.63464885,96.10230108
adm4,MMR010024024,Za Gyan (South),20.56620053,96.14874017
adm4,MMR010024025,Nyaung Shwe,20.64028068,96.01900845
adm4,MMR010024026,Nyaung Kone (North),20.71999265,95.85933759
adm4,MMR010024027,Nyaung Kone (South),20.53587532,95.75134228
adm4,MMR010024028,Ta Mar Kone,20.6850592,95.98611795
adm4,MMR010024029,Tei Lay Pin,20.66119112,95.79587317
adm4,MMR010024030,Twin,20.68857304,96.24869579
adm4,MMR010024031,Taung Lel,20.65157847,95.7118828
adm4,MMR010024032,Hta Yan Kar,20.62208555,95.98429331
adm4,MMR010024033,Htan Taw Gyi,20.75701332,95.88360444
adm4,MMR010024034,Da Hat Kone,20.70123708,95.92341718
adm4,MMR010024035,Nat Sone Hmaw,20.62663433,95.82197402
adm4,MMR010024036,Pay Pin Shey,20.45010997,95.75596208
adm4,MMR010024037,Pin Myaing,20.73415399,95.96795917
adm4,MMR010024038,Pyaw Kone,20.74143691,95.87580127
adm4,MMR010024039,Hpet Taw,20.58734727,96.01542821
adm4,MMR010024040,Hpaung Taw,20.64083157,96.27971432
adm4,MMR010024041,Hpwe Thin,20.74324371,95.96129852
adm4,MMR010024042,Hpyin Zin,20.67255536,95.94750828
adm4,MMR010024043,Bat Ta,20.55450366,96.02204629
adm4,MMR010024044,Hpa Yar Gyi,20.62598451,96.13747051
adm4,MMR010024045,Baw Di Kone,20.58222957,95.84053016
adm4,MMR010024046,Moe Nan Kone,20.55160262,96.09347943
adm4,MMR010024047,Moe Kaung,20.58564444,96.29084969
adm4,MMR010024048,Myay Ni Kone,20.63855511,96.05578381
adm4,MMR010024049,Ma Gyi Kone,20.62208555,95.88638593
adm4,MMR010024050,Me Tee,20.68078649,95.88822919
adm4,MMR010024051,Myin Te,20.62446825,95.75287865
adm4,MMR010024052,Mi Hpa Yar Kone,20.61900804,95.63765805
adm4,MMR010024053,Yin Taw Myo Ma,20.71383687,95.9607239
adm4,MMR010024054,Yar Gyi,20.59002748,95.97188462
adm4,MMR010024055,Yan Aung,20.54583932,95.97132194
adm4,MMR010024056,Ywar Htin,20.58894443,95.94613409
adm4,MMR010024057,Shan Su,20.63738315,95.93741413
adm4,MMR010024058,Shan Su Kone,20.66002765,95.59579658
adm4,MMR010024059,Shwe Nyaung Hpu,20.58007074,96.21340534
adm4,MMR010024060,Hlaing Pan,20.58244617,95.78744661
adm4,MMR010024061,Hlwe Pauk Kone,20.65652632,95.96685812
adm4,MMR010024062,Let Thea Kyoe,20.68314132,95.8254002
adm4,MMR010024063,War Yon,20.75438612,95.99415213
adm4,MMR010024064,War Yin Doke,20.7371526,95.92822225
adm4,MMR010024065,Wet Let,20.66952284,96.01050612
adm4,MMR010024066,Tha Pyay Yoe,20.68487998,96.03180727
adm4,MMR010024067,Thein Kone,20.70592378,96.12169301
adm4,MMR010024068,Tha Nat Khar Taw,20.66389102,96.07919677
adm4,MMR010024069,Thee Pin,20.64543504,95.63270632
adm4,MMR010024070,Tha Hpan Chaung,20.52136254,95.84467719
adm4,MMR010024071,Ohn Pin,20.57464826,96.10112839
adm4,MMR010024072,Oke Sar Nwe,20.65999206,96.12535236
adm4,MMR010024073,Aye Ka Rit Kone,20.7212417,95.98648433
adm4,MMR010024074,Kan Thar,20.59167907,96.07713494
adm4,MMR010024075,Tha Pyay Pin,20.61208076,96.02316189
adm4,MMR010024701,Urban,20.60112167,96.04170805
adm4,MMR010028001,Ah Yar Taw,20.90144309,95.71126816
adm4,MMR010028002,Yae Cho,20.96158619,95.77899495
adm4,MMR010028003,Lein Taw,20.93367603,95.78788306
adm4,MMR010028004,Kyauk Hpyu Kone,20.91433626,95.83179011
adm4,MMR010028005,Nyaung Pin Hlyo,20.88656634,95.76214559
adm4,MMR010028006,Shwe Sit Thi,20.87003663,95.78520387
adm4,MMR010028007,Mway,20.848548,95.77425929
adm4,MMR010028008,Se Aung Kone,20.85201924,95.72857934
adm4,MMR010028009,Mei Za Li Kone,20.86505958,95.66637197
adm4,MMR010028010,Gway Aing,20.8965067,95.67922144
adm4,MMR010028011,Aint Gyi Lel,20.82576475,95.73992642
adm4,MMR010028012,Than Bo U Yin,20.87180492,95.5441185
adm4,MMR010028013,Ta Pyaw,20.8206058,95.68723344
adm4,MMR010028014,Yae Wai,20.80794069,95.62312886
adm4,MMR010028015,Ohn Ton,20.88426334,95.61343353
adm4,MMR010028016,Mon Taing,20.80443753,95.74042219
adm4,MMR010028017,Tha Yet Pin,20.76411672,95.64965602
adm4,MMR010028018,Kywei Kan,20.6782342,95.72878766
adm4,MMR010028019,Kyauk Hpu,20.71315289,95.69454686
adm4,MMR010028020,Myauk Lel,20.7611623,95.71391476
adm4,MMR010028021,Thee Pin Kone,20.74442055,95.58644836
adm4,MMR010028022,Thee Kone,20.82125542,95.77252719
adm4,MMR010028023,Ah Lel,20.77716543,95.76492291
adm4,MMR010028024,Sat Pyar Kyin,20.71103624,95.77754389
adm4,MMR010028025,Kan Ni,20.77962745,95.81104149
adm4,MMR010028026,Khin Te,20.81681094,95.85030055
adm4,MMR010028027,Inn,20.76584014,95.83987612
adm4,MMR010028028,Shwe Pa Daing,20.81086025,95.89740275
adm4,MMR010028029,Kywe Ta Lin,20.85513116,95.82810551
adm4,MMR010028030,Ga Lon Kone,20.88937639,95.81761444
adm4,MMR010028031,Myin Kan,20.84057534,95.80220127
adm4,MMR010028032,Zaung Chan Kone,20.89644872,95.90254877
adm4,MMR010028033,Hta Mon Kan,20.86409976,95.89437283
adm4,MMR010028034,Taw Ma,20.87337165,95.92295574
adm4,MMR010028035,Ka Hpyu,20.89721125,95.92641611
adm4,MMR010028036,Nyaung Kaing,20.87709757,95.9383974
adm4,MMR010028037,Yone Taw Gyi,20.85301102,95.95715105
adm4,MMR010028038,Nyaung Kan,20.94466695,95.93705162
adm4,MMR010028039,Kan Thar,20.95721083,95.95647713
adm4,MMR010028040,Se Kone,20.9871402,95.93347466
adm4,MMR010028041,Koke Ko Kone,20.75418008,95.95715388
adm4,MMR010028042,Za Yat Kone,20.82754275,95.53852386
adm4,MMR010028043,Kan Taung,20.81466208,95.924599
adm4,MMR010028044,Nyaung Zauk,20.97151595,95.85200595
adm4,MMR010028045,Myar,20.77613008,95.91799419
adm4,MMR010028046,Khin Lu,20.84507676,95.92068456
adm4,MMR010028047,Pyin Thar,20.84940203,95.97014352
adm4,MMR010028048,Hle Pwe,20.76565673,95.97830106
adm4,MMR010028049,Mauk Lauk,20.83549366,95.92436522
adm4,MMR010028050,Kyaung,20.96882242,95.92087222
adm4,MMR010028051,Nyaung Myint,20.82306313,95.94856561
adm4,MMR010028052,Kwet Nge,20.80560536,95.96181072
adm4,MMR010028053,Hlyaw Hpyu Kan,20.92722944,95.87917206
adm4,MMR010028054,Ma Gyi Su,20.95136283,95.90531429
adm4,MMR010028055,War Yon,20.79275277,95.99399885
adm4,MMR010028056,Kan Gyi,20.82723343,95.96880344
adm4,MMR010028057,Shan Te,20.92572797,95.91128779
adm4,MMR010028058,Shan Ma Nge,20.83748494,95.61994763
adm4,MMR010028701,Urban,20.8819179,95.86694287
adm4,MMR010029001,Htan Taw,21.1138782,95.65139217
adm4,MMR010029002,Kan Bar Hpyu,21.1107692,95.62189635
adm4,MMR010029003,Pan Aing,21.13717001,95.63072659
adm4,MMR010029004,Yae Ni,21.1329104,95.60869831
adm4,MMR010029005,Yae Htwet,21.13986776,95.58201768
adm4,MMR010029006,Hpyauk Seik Kyin,21.10635881,95.5889834
adm4,MMR010029007,Myin U Hleit,21.09601897,95.54089666
adm4,MMR010029008,Kyauk Tan,21.06205884,95.57637021
adm4,MMR010029009,Kan Twin,21.0768255,95.62002533
adm4,MMR010029010,Kone Te,21.06648572,95.65693545
adm4,MMR010029011,Lel Gyi,21.08147349,95.67703186
adm4,MMR010029012,Thein Kone,21.06037536,95.68939313
adm4,MMR010029013,Htan Pin Kan,21.05169378,95.72062079
adm4,MMR010029014,Hma Yoe,21.06220083,95.76681086
adm4,MMR010029015,Hpet Kone,21.05164116,95.80892899
adm4,MMR010029016,Htan Ma Gyi,21.02216047,95.76819497
adm4,MMR010029017,Ywar Thit,21.00554798,95.75261642
adm4,MMR010029018,Tha But Kone,21.02088259,95.69839234
adm4,MMR010029019,Yone Pin Zauk,21.04203866,95.6654527
adm4,MMR010029020,Kan Gyi,21.10561421,95.68042823
adm4,MMR010029021,Ku Gyi,21.08795298,95.71676969
adm4,MMR010029022,Yone Taw,21.14114565,95.70628705
adm4,MMR010029023,Oke Hpo Kan,21.10039535,95.74555989
adm4,MMR010029024,Nat Sin Kone,21.11950376,95.7680063
adm4,MMR010029025,War Khwa,21.12779886,95.69615639
adm4,MMR010029026,Myin Twin,21.16430547,95.73823263
adm4,MMR010029027,Son Twin,21.16485749,95.67385927
adm4,MMR010029028,Thea Kan,21.13972578,95.66934613
adm4,MMR010029029,Aing Ma Yoe,21.16542544,95.63416722
adm4,MMR010029030,Wan Be Lu,21.18629754,95.66711785
adm4,MMR010029031,Tha Pyay Pin,21.20631772,95.64275122
adm4,MMR010029032,Kywe Chan,21.23040744,95.64106296
adm4,MMR010029033,Thet Kei Kyin,21.27091892,95.65431197
adm4,MMR010029034,Ein Gyi Taw,21.30188579,95.66750061
adm4,MMR010029035,Tha Yet Kaung Pin,21.29718946,95.70496318
adm4,MMR010029036,Thone Taung,21.2963985,95.74661663
adm4,MMR010029037,Pyawbwe,21.26893403,95.69843269
adm4,MMR010029038,Hnaw Kan,21.23854879,95.7113319
adm4,MMR010029039,Bauk Khway Taw,21.22662187,95.68700354
adm4,MMR010029040,Nyaung Oke,21.2680821,95.74355819
adm4,MMR010029041,Let Swayt,21.24066119,95.76652414
adm4,MMR010029042,Myauk Lel,21.19893439,95.71329454
adm4,MMR010029043,Yae Ngan,21.17493517,95.782247
adm4,MMR010029044,Oke Gyi,20.99532491,95.64203848
adm4,MMR010029045,Kyat Se,21.01875278,95.60269928
adm4,MMR010029046,Se To,20.95017302,95.59908526
adm4,MMR010029047,Da Hat Tan,20.93838809,95.62998871
adm4,MMR010029048,Le Taw,20.92646117,95.66231055
adm4,MMR010029049,Hpyauk Seik Kone,20.9514509,95.69562162
adm4,MMR010029050,Yae Cho Bu Tar,20.95339012,95.72294462
adm4,MMR010029051,Yar Gyi Kone,20.95300274,95.52706281
adm4,MMR010029052,Lel Byar,21.00955487,95.51680619
adm4,MMR010029701,Urban,21.09667156,95.64957029
adm4,MMR010030001,Kun Chan Yoe,20.84783347,95.99700407
adm4,MMR010030002,Kyet Mauk,20.83072102,95.98994186
adm4,MMR010030003,Se Gyi,20.87051489,96.00387074
adm4,MMR010030004,Ah Pyauk,20.86874362,95.97222752
adm4,MMR010030005,Nyaung To,20.83038758,96.01599173
adm4,MMR010030006,Bo Kone,20.84512752,96.02771994
adm4,MMR010030007,Min Hla,20.84381815,96.04481207
adm4,MMR010030008,Kat Kyay Inn,20.86687739,96.0270491
adm4,MMR010030009,Ywar Pale,20.89658369,96.03243751
adm4,MMR010030010,Hnget Hpyin Kone,20.85551941,96.09799204
adm4,MMR010030011,Kyar Bet Kone,20.84040767,96.13291956
adm4,MMR010030012,Oke Hpo,20.81182236,96.12156823
adm4,MMR010030013,Ywar Mun Thar,20.85932842,96.07759958
adm4,MMR010030014,Zee Pin Pauk,20.84163226,96.07179276
adm4,MMR010030015,Kan Thit,20.83651062,96.08787094
adm4,MMR010030016,Tha Min Zar Kone,20.82912892,96.10611399
adm4,MMR010030017,Koke Ko Su,20.82193402,96.07936741
adm4,MMR010030018,Kywe Tat Son,20.79883742,96.24302495
adm4,MMR010030019,Hlaing Tet,20.80799266,96.17174561
adm4,MMR010030020,Ywar Gyi,20.90195707,96.00185543
adm4,MMR010030021,Myin Kwet,20.89693919,95.98583734
adm4,MMR010030022,Kone Taung,20.88718458,95.976633
adm4,MMR010030023,Kan Shey,20.89048856,96.11110415
adm4,MMR010030024,Ma Gyi Kan,20.88822566,96.06279682
adm4,MMR010030025,Aung Thar,20.87601398,96.09027327
adm4,MMR010030026,Yin Ma Yoe,20.9062218,96.08040289
adm4,MMR010030027,Hnan Kan,20.8270836,96.04877315
adm4,MMR010030028,Ma Yway,20.81182236,96.0857384
adm4,MMR010030029,Tha Nat Kan,20.81685699,96.05867722
adm4,MMR010030030,Inn Win,20.74828648,96.01595265
adm4,MMR010030031,Aing Dun,20.81433968,96.04452925
adm4,MMR010030032,Han Zar,20.9925973,96.03882168
adm4,MMR010030033,Wet Toe,21.01764508,96.00131946
adm4,MMR010030034,Kyauk Pa Nar,20.99291196,96.07096488
adm4,MMR010030035,Nyaung Pin Thar,20.95420819,96.01818443
adm4,MMR010030036,Bweit Char,20.94272292,96.04760626
adm4,MMR010030037,Thea Pon,20.97167209,96.07308942
adm4,MMR010030038,Thar Ga Ra,20.98300002,96.10892057
adm4,MMR010030039,Hnget Gyi Thaik,20.94209359,96.10274288
adm4,MMR010030040,Wan Thar,21.02233312,96.02934472
adm4,MMR010030041,Tha Pyay Wa,20.96721006,95.99341376
adm4,MMR010030042,Ta Mar Kone,20.92885187,95.95446538
adm4,MMR010030043,Nyaung Aing,20.9013445,95.94685787
adm4,MMR010030044,Hpa Yar Kone,20.91566175,95.94037926
adm4,MMR010030045,Bu Yon,20.92714701,95.98275962
adm4,MMR010030046,Ah Lel Kan,21.00321845,96.17048621
adm4,MMR010030047,Myin Chan,21.02810641,96.1519998
adm4,MMR010030048,Za Win,20.94783467,96.15882995
adm4,MMR010030049,Oke Twin,20.9018165,96.17376609
adm4,MMR010030050,Thet Kei Deik,20.90969774,96.30445547
adm4,MMR010030051,Kant Hpyu,20.79183118,96.09909696
adm4,MMR010030052,Koke Ko Kan,20.71758024,96.17215322
adm4,MMR010030053,Nyaung Pin Hla,20.7290364,96.13928304
adm4,MMR010030054,Shwe Toke Kone,20.75235071,96.14942373
adm4,MMR010030055,Taw Kin,20.77107326,96.15405438
adm4,MMR010030056,Oke Kone,20.76131865,96.12616889
adm4,MMR010030057,Tha Man Kan,20.81409693,96.00596155
adm4,MMR010030058,Nyan Kan,20.79448719,96.03123388
adm4,MMR010030059,Thu Kaung Kone,20.73120117,96.07934657
adm4,MMR010030060,Nyaung Yan Zay,20.74243876,96.0493403
adm4,MMR010030061,Nyaung Yan Myo Ma,20.75463141,96.03463226
adm4,MMR010030062,Oke Shit Kone,20.77846789,96.07568879
adm4,MMR010030063,Zee Taw Aing,20.75955639,96.07989127
adm4,MMR010030064,Ma Gyi Yoe,20.76761195,96.10701433
adm4,MMR010030065,Inn Kone,20.77831055,96.0475925
adm4,MMR010030066,Pauk Taw,20.77058893,96.01434351
adm4,MMR010030067,Inn,20.75663819,96.01517669
adm4,MMR010030068,Sin Win,20.81866348,96.03245159
adm4,MMR010030069,Lu Kone,20.73554256,96.01862195
adm4,MMR010030070,Hin Gut Aing,20.7067318,96.01987976
adm4,MMR010030071,Ma Gyi Khwa,20.72308688,96.04678988
adm4,MMR010030072,Yin Mar Pin,20.76839786,96.37268737
adm4,MMR010030073,Pyi Nyaung,20.85081574,96.36157585
adm4,MMR010030074,Kyat Sa Khan,20.80841868,96.47565525
adm4,MMR010030075,War Ywet,20.89696745,96.46936977
adm4,MMR010030076,Thea Put,20.86388958,96.5339923
adm4,MMR010030077,Kywe Dat,20.81230868,96.53393594
adm4,MMR010030078,Myin Daik,20.5581043,96.52507055
adm4,MMR010030079,Lel Pyin,20.62508073,96.39608411
adm4,MMR010030080,Sin Taung,20.55702542,96.49584749
adm4,MMR010030701,Urban,20.8550743,96.05048877
adm4,MMR010031001,Yae Sone,21.11289076,96.05104244
adm4,MMR010031002,Nyaung To,21.23698698,95.88910534
adm4,MMR010031003,Koke Ko Khar Hla,21.20324655,95.84885835
adm4,MMR010031004,Aung Thar,21.2403682,95.81142825
adm4,MMR010031005,Myauk Se,21.23900737,95.8416263
adm4,MMR010031006,Pa Din,21.26505421,95.88986771
adm4,MMR010031007,Khar Tet Kone,21.28060501,95.84899825
adm4,MMR010031008,Koke Ko Su,21.29934831,95.90398741
adm4,MMR010031009,Khan Taw,21.25287661,95.96116904
adm4,MMR010031010,Taung Bo,21.25934691,95.94087545
adm4,MMR010031011,Kone Gyi,21.2914367,95.97267974
adm4,MMR010031012,Pe Nant Thar,21.25560217,95.98185232
adm4,MMR010031013,Hpa Lan Kan,21.21595702,95.96180143
adm4,MMR010031014,Tha Khut Myint,21.30123522,96.05224901
adm4,MMR010031015,Shwe Taung,21.26715016,96.02162542
adm4,MMR010031016,Byin Gyi,21.36903315,96.06072626
adm4,MMR010031017,Sin Chi Taing,21.37604083,96.08506432
adm4,MMR010031018,Nyaung Pin,21.2862391,96.08914085
adm4,MMR010031019,Tha Nat Khar Taw,21.25759491,96.05703429
adm4,MMR010031020,Hpa Yar Hpyu,21.21981371,95.99596884
adm4,MMR010031021,Inn Kan Kone,21.22951156,96.05885134
adm4,MMR010031022,Daing Kaung Kone,21.2218341,96.02669355
adm4,MMR010031023,Thin Gan Swea,21.19960986,96.06334008
adm4,MMR010031024,Inn Khan,21.22900841,96.09645242
adm4,MMR010031025,Su Pan,21.17071836,96.1107682
adm4,MMR010031026,Gon,21.18587125,96.13737456
adm4,MMR010031027,Myay Taing Kan,21.16902764,96.03688169
adm4,MMR010031028,Khin Gyi,21.15670463,96.05879176
adm4,MMR010031029,Khin Ban,21.16952768,96.07998478
adm4,MMR010031030,Nyaung Oke Hpee,21.11724543,96.09217845
adm4,MMR010031031,Hpa Yar Su,21.17233467,96.01132485
adm4,MMR010031032,Nay Pu Kone,21.18223455,95.9693074
adm4,MMR010031033,Lein Pin,21.12626989,96.00780075
adm4,MMR010031034,Ywe Thee,21.07717454,96.10170034
adm4,MMR010031035,Yoe Son,21.11010681,96.13251121
adm4,MMR010031036,Kone,21.11926582,96.11543434
adm4,MMR010031037,Ta Mar Kan,21.03885362,96.10993308
adm4,MMR010031038,Tha But Kone,21.03090773,96.07456817
adm4,MMR010031039,Nyaung Pin Thar,21.13475551,96.04991653
adm4,MMR010031040,Yae Twin,21.09186862,96.07677038
adm4,MMR010031041,Pan Kyaing,21.01536209,95.82363119
adm4,MMR010031042,Oh Ma Twayt,21.03092331,95.88470159
adm4,MMR010031043,Shwe Hpa Lar Kan,21.03858519,95.927635
adm4,MMR010031044,Pe Khin Kyaw,21.03797907,95.96795088
adm4,MMR010031045,Ma Hlwa Pin,21.09475189,95.95421224
adm4,MMR010031046,Za Win,21.1383922,95.94993576
adm4,MMR010031047,Kyaung Kone,21.04941415,95.84593708
adm4,MMR010031048,Hpa Lan Kyin,21.10435207,95.87042588
adm4,MMR010031049,Inn Yin,21.09091316,95.91828743
adm4,MMR010031050,Dar Hla,21.11535981,95.92013508
adm4,MMR010031051,Shauk Taw,21.124501,95.88252273
adm4,MMR010031052,Te Su,21.13435143,95.84945529
adm4,MMR010031053,Pin Ta Le,21.16665083,95.85515307
adm4,MMR010031054,Hpo Kone,21.18874732,95.88190374
adm4,MMR010031055,Lu Khin,21.21617702,95.92350916
adm4,MMR010031056,Thone Daunt Aing,21.17023571,95.90127348
adm4,MMR010031057,Ku Lar,21.17329255,95.92812037
adm4,MMR010031058,Aung Chan Thar,21.0706218,95.89122181
adm4,MMR010031059,Gyan Lon,21.00726922,95.88573191
adm4,MMR010031060,Ywar Tan,21.07656842,95.99579727
adm4,MMR010031061,Nat Kan,21.06969912,96.0457219
adm4,MMR010031062,Htee Hlaing,21.07772645,95.96325321
adm4,MMR010031063,Kaing,21.32700926,96.08067074
adm4,MMR010031064,Ywar Wai,21.33975346,96.00352357
adm4,MMR010031065,Yar Thin Char,21.32556903,96.03362089
adm4,MMR010031066,Htan Pin Kone,21.26244383,96.10313541
adm4,MMR010031067,Kywei Kan,21.05959719,96.13954123
adm4,MMR010031068,Taung Se,21.07843783,95.84946921
adm4,MMR010031069,Tha Hpan,21.01615892,95.84866734
adm4,MMR010031701,Urban,21.0987752,96.03203611
adm4,MMR010031901,,21.15446216,95.81498872
adm4,MMR010031902,,21.14760719,96.18775555
adm4,MMR011001001,Ka Toe,16.57348061,97.67024835
adm4,MMR011001002,Kawt Sein,16.58712063,97.62506389
adm4,MMR011001005,Kawt Tun,16.54871368,97.64477246
adm4,MMR011001006,Kawt Hnat,16.58935184,97.66890411
adm4,MMR011001007,Kawt Hlar,16.58680126,97.69284434
adm4,MMR011001008,Kawt Pauk,16.54079628,97.63156994
adm4,MMR011001010,Min Ywar,16.46339925,97.68256749
adm4,MMR011001011,Mu Yaung,16.45784194,97.69724304
adm4,MMR011001014,Kawt Kha Ni,16.40602716,97.63577576
adm4,MMR011001016,Kyar Inn,16.39123173,97.65054314
adm4,MMR011001017,Kawt Kha Mei,16.3717856,97.65864701
adm4,MMR011001018,Hpar Auk,16.35708139,97.66186211
adm4,MMR011001019,Yo Goe,16.36652235,97.68199962
adm4,MMR011001701,Urban,16.46026554,97.64750211
adm4,MMR011001800,,16.52341652,97.63914941
adm4,MMR011002001,An Ka Ye,16.41631384,97.85671587
adm4,MMR011002002,Ah Hta Yan,16.22373186,97.90622357
adm4,MMR011002003,Bar Bu Kone,16.503725,97.70274616
adm4,MMR011002004,Bein Byaw,16.37610623,97.70244188
adm4,MMR011002005,Dhamma Tha,16.49960378,97.81772493
adm4,MMR011002006,Hla Ka Zaing,16.1647565,97.87817439
adm4,MMR011002007,Ka Dar,16.20406237,97.83967654
adm4,MMR011002008,Ka Laing Ka Naing,16.35797352,97.74725169
adm4,MMR011002009,Kha Naung,16.40886152,97.72747015
adm4,MMR011002010,Kawt Bwee,16.4483985,97.77349934
adm4,MMR011002011,Kawt Kha Lein,16.45582438,97.8362392
adm4,MMR011002012,Kawt Pa Laing,16.50660316,97.84082326
adm4,MMR011002013,Kawt Ka Lawt,16.29584906,97.78543313
adm4,MMR011002014,Kawt Pa Naw,16.3936615,97.82865155
adm4,MMR011002015,Kawt That,16.51812839,97.74390345
adm4,MMR011002016,Kha Yon,16.5356205,97.69543581
adm4,MMR011002017,Kun Ngan,16.34748454,97.81108023
adm4,MMR011002018,Kyaik Pa Yan,16.443371,97.74471977
adm4,MMR011002019,Kyee Oke,16.3711475,97.9433474
adm4,MMR011002020,Kyon Kwei,16.2539505,98.02599748
adm4,MMR011002021,Kyon Sein,16.5293565,97.67991016
adm4,MMR011002022,Kyon Wan,16.4786235,97.71175305
adm4,MMR011002023,Kyun Ywar,16.24399575,97.80082858
adm4,MMR011002024,La Mu Kho,16.28396625,97.9227167
adm4,MMR011002025,Let Pan,16.53425405,97.72404703
adm4,MMR011002026,Mei Ka Yo,16.3976553,97.76436599
adm4,MMR011002027,Mi Ka Thit,16.304994,97.98088656
adm4,MMR011002028,Moke Soe Kyun,16.44113741,97.890324
adm4,MMR011002029,Nga Pu Inn,16.18560625,98.05306838
adm4,MMR011002030,Nga Pyay Ma,16.322489,97.88295801
adm4,MMR011002031,Ni Don,16.3387295,97.76486798
adm4,MMR011002033,Hpar Pyauk,16.388654,97.88366415
adm4,MMR011002034,Pein Hne Kone,16.43420389,97.68859191
adm4,MMR011002035,Hpa Non,16.267963,97.87154353
adm4,MMR011002036,Hpar Thein,16.2433582,97.94801921
adm4,MMR011002037,Ta Ra Nar,16.49523033,97.7595054
adm4,MMR011002038,Than Ka Laung,16.485382,97.79834765
adm4,MMR011002039,U Lay,16.2790965,97.83278998
adm4,MMR011002040,Yae Twin Kone,16.40613505,97.69382519
adm4,MMR011002041,Hlwa Sin Kone,16.44302149,97.81075448
adm4,MMR011002042,Chaung Hnit Khwa,16.16593335,97.99161919
adm4,MMR011002043,Ka Ton Si,16.33377625,97.85078009
adm4,MMR011002044,Yae Pu,16.19891136,97.96094288
adm4,MMR011002701,Urban,16.36675447,97.72140931
adm4,MMR011003001,Ywar Lut,16.4361805,97.53724171
adm4,MMR011003002,Da Yei,16.4979155,97.50884239
adm4,MMR011003003,Ka Lwi,16.48832054,97.5317072
adm4,MMR011003004,Ka Mar Mo,16.46330053,97.52159962
adm4,MMR011003005,Nyaung Lan,16.45749256,97.54170077
adm4,MMR011003006,Taw Ka Nar,16.47896603,97.4777779
adm4,MMR011003007,Hnee Hmoke,16.415774,97.53451446
adm4,MMR011003008,Se Pa Lar,16.28700178,97.49189445
adm4,MMR011003009,Zee Kone,16.31393489,97.47766453
adm4,MMR011003010,Mu Yit Gyi,16.3516075,97.51176299
adm4,MMR011003011,Taw Pun,16.37034103,97.48346896
adm4,MMR011003012,Kayin Win Sein,16.37066251,97.51471346
adm4,MMR011003013,Mu Kwe,16.38148852,97.51280585
adm4,MMR011003014,Ka Lawt,16.40473652,97.50793824
adm4,MMR011003015,Kun Yaik,16.43182201,97.48053535
adm4,MMR011003016,Ka Ma Nin,16.40721301,97.54289924
adm4,MMR011003017,Saw Ke,16.37970254,97.54477371
adm4,MMR011003018,Ka Yaik Du,16.293221,97.51309721
adm4,MMR011003019,Mu Yit Ka Lay,16.29059801,97.54955707
adm4,MMR011003020,Hpan Hpa,16.31961552,97.51459032
adm4,MMR011003021,Ta Ku Pa Ti,16.33328292,97.52414715
adm4,MMR011003022,Ku Lar Toet,16.34346601,97.52928831
adm4,MMR011003023,Kha Yaik Thit,16.35607141,97.57043401
adm4,MMR011003024,Kun Thea,16.34662752,97.55295834
adm4,MMR011003025,Ma Yan,16.33433147,97.55612176
adm4,MMR011003026,Ku Lar Bi,16.32009801,97.55042821
adm4,MMR011003027,Wei Lan,16.30792536,97.53881684
adm4,MMR011003028,Hin Thar Kyun,16.26033731,97.59269956
adm4,MMR011003029,Kawt Ka Daik,16.28891951,97.53470291
adm4,MMR011003030,Ah Bit,16.27335201,97.5445962
adm4,MMR011003031,Kun Hlar,16.22835829,97.54685455
adm4,MMR011003032,Ka Mar Kay,16.24104021,97.52853245
adm4,MMR011003033,Kha Yaik Hnee Hu,16.23356637,97.50714034
adm4,MMR011003034,Thet Kaw,16.39425551,97.56755312
adm4,MMR011003035,Taung Sun,16.48411153,97.55143941
adm4,MMR011003036,Daung Yat (West),16.47305453,97.56843469
adm4,MMR011003037,Daung Yet (East),16.47729134,97.594501
adm4,MMR011003038,Kawt Mu Pun,16.45708691,97.59459876
adm4,MMR011003039,Ka Hnyaw,16.44430301,97.57288631
adm4,MMR011003040,Boe Net,16.4191105,97.57432885
adm4,MMR011003041,Mu Du,16.4633405,97.56156182
adm4,MMR011003042,Nat Hmaw,16.37332573,97.57460252
adm4,MMR011003043,Daung U,16.47214751,97.5273673
adm4,MMR011003701,Urban,16.35703271,97.54490767
adm4,MMR011003800,,16.51218418,97.46975901
adm4,MMR011004001,Mya Mar Lar,16.05187352,97.58478141
adm4,MMR011004002,Hnit Kaing,16.0565345,97.61443853
adm4,MMR011004003,Sin Taung,16.031639,97.61634464
adm4,MMR011004004,Kayin Thaung,15.98998816,97.61946806
adm4,MMR011004005,Pa Dar Ngan,16.0469995,97.6379975
adm4,MMR011004006,Kun That,16.041247,97.6586571
adm4,MMR011004007,Kyon Ka Dat,16.009296,97.6623496
adm4,MMR011004008,Set Se,15.950962,97.65798647
adm4,MMR011004009,Taung Hpa Lu,16.008827,97.68792322
adm4,MMR011004010,War Kha Yu,15.991439,97.71132347
adm4,MMR011004012,Kyon Ka Yoke,15.939446,97.68775983
adm4,MMR011004013,Pa Nga,15.8959755,97.71690072
adm4,MMR011004014,Wea Yet Ywar Thit,15.920646,97.74614317
adm4,MMR011004015,Wea Ka Li,15.931707,97.80470583
adm4,MMR011004016,Wea Ka War,15.939269,97.71824056
adm4,MMR011004017,Wea Win Ka Yar,15.875132,97.79498638
adm4,MMR011004018,Ka Yoke Pi,15.87225901,97.72987023
adm4,MMR011004019,Sa Khan Gyi,15.820869,97.81916116
adm4,MMR011004020,Wea Ka Laung,15.83266881,97.7430953
adm4,MMR011004021,An Khe,15.7844495,97.73347938
adm4,MMR011004022,Kawt Lay,15.77029594,97.75856318
adm4,MMR011004023,Htin Shu,15.73859519,97.75099349
adm4,MMR011004024,Wea Kha Mi,15.72388599,97.83760438
adm4,MMR011004025,Kyaung Ywar,15.6932955,97.75844701
adm4,MMR011004026,Ah Nin,15.6630852,97.78072572
adm4,MMR011004701,Urban,15.97402431,97.7231782
adm4,MMR011004702,Urban,16.07378053,97.56865702
adm4,MMR011005001,Tar Pa Thun,16.36070919,97.63075991
adm4,MMR011005002,Kwayt Wan,16.3370195,97.65666311
adm4,MMR011005003,Naing Pyaing,16.3153465,97.65359299
adm4,MMR011005004,Kyauk Ta Lone,16.33189847,97.71224296
adm4,MMR011005005,Hmein Ga Nein,16.3276132,97.68794481
adm4,MMR011005006,Kawt Kha Pon,16.31171979,97.68591645
adm4,MMR011005007,Kun Tar,16.3054725,97.71094831
adm4,MMR011005008,Be Yan,16.29017491,97.70534287
adm4,MMR011005009,Kin Chaung,16.28659922,97.64728416
adm4,MMR011005010,Kyon Hpaik,16.26285307,97.75707618
adm4,MMR011005011,Wet Te,16.2564387,97.68903576
adm4,MMR011005012,Nyaung Kone,16.2359994,97.72663415
adm4,MMR011005013,Kawt Pa Yan,16.251273,97.65562815
adm4,MMR011005014,Ka Tone Paw,16.206914,97.63933838
adm4,MMR011005015,Ba Lauk Nyaung Waing,16.16166,97.64015142
adm4,MMR011005016,Wea Ka Li,16.1296815,97.63698566
adm4,MMR011005017,Kyaik Ywea,16.221023,97.70866343
adm4,MMR011005018,Ta Khun Taing,16.1926825,97.69177626
adm4,MMR011005019,Taw Ku,16.2032465,97.67646011
adm4,MMR011005020,Naing Hlon Let Tet,16.17000575,97.77523054
adm4,MMR011005021,Ah Khun,16.16765932,97.7082857
adm4,MMR011005027,Hpe Do,16.13650725,97.70480478
adm4,MMR011005028,Ka Lawt Thawt,16.12892148,97.76884803
adm4,MMR011005029,Kawt Pi Htaw,16.09162957,97.80904017
adm4,MMR011005030,Do Mar,16.056817,97.82191007
adm4,MMR011005031,Taung Pa,16.09832525,97.66764828
adm4,MMR011005032,Hton Man,16.0763075,97.66797967
adm4,MMR011005033,Kun Ka Bwee,16.05825191,97.70157626
adm4,MMR011005034,Hnee Pa Daw,16.0337125,97.80694666
adm4,MMR011005035,Set Thwei,16.0727535,97.75091187
adm4,MMR011005036,Ka Mar Oke,16.08872433,97.61733901
adm4,MMR011005037,Yaung Daung,16.0103205,97.79878808
adm4,MMR011005038,Kun Hlar,16.00484463,97.74594074
adm4,MMR011005701,Urban,16.25482881,97.72757299
adm4,MMR011005702,Urban,16.14753745,97.73554577
adm4,MMR011006001,Ah Sin,15.21802087,97.79000084
adm4,MMR011006002,Zee Hpyu Thaung,15.18832464,97.80357841
adm4,MMR011006003,Ah Baw,15.26645799,97.83014587
adm4,MMR011006004,Tu Myaung,15.29186281,97.87959481
adm4,MMR011006005,Kyaung Ywar,15.313702,97.9748493
adm4,MMR011006006,An Din,15.33893686,97.76050406
adm4,MMR011006007,Ka Lawt,15.20303821,97.90382084
adm4,MMR011006008,Kyauk Mi Kyaung,15.2742035,97.94616699
adm4,MMR011006009,Chaung Taung,15.23803384,97.88335756
adm4,MMR011006010,Du Yar,15.26839149,97.77167188
adm4,MMR011006011,Thin Gan Kyun,15.3547616,97.82354023
adm4,MMR011006012,Ahr Yu Taung,15.3888505,97.95790655
adm4,MMR011006013,Han Gan,15.1302775,97.88777795
adm4,MMR011006014,Mawt Ka Nin,15.50633685,97.88127463
adm4,MMR011006015,Don Hpi,15.517217,97.94096449
adm4,MMR011006016,Kawt Dut,15.50349004,97.78847526
adm4,MMR011006017,Ku Lar Koke,15.54328682,97.65488911
adm4,MMR011006018,Bay La Maing,15.62509218,97.8156409
adm4,MMR011006019,Thaung Pyin,15.44439518,97.79610915
adm4,MMR011006020,Hnit Kayin,15.57925608,97.77225361
adm4,MMR011006021,Be La Mu,15.57053821,97.93252972
adm4,MMR011006022,Ka Nin Ka Mawt,15.60062623,97.88406731
adm4,MMR011006023,Hnin Son,15.4700775,97.9972605
adm4,MMR011006024,Taung Bon,15.414381,97.84193208
adm4,MMR011006025,Koe Maing,15.1557485,97.90197665
adm4,MMR011006026,Kawt Hlaing,15.15347493,97.82535903
adm4,MMR011006027,Ka Byar,15.0607697,97.83411529
adm4,MMR011006028,Ma Gyi,14.92622305,97.81531241
adm4,MMR011006029,Yin Yei,15.09430481,97.83071493
adm4,MMR011006030,Kyon Nye,15.01132926,97.8258596
adm4,MMR011006701,Urban,15.25017743,97.85282164
adm4,MMR011006702,Urban,15.50154969,97.8340596
adm4,MMR011006901,,15.19124912,98.08568766
adm4,MMR011007002,Win Pa,17.0879405,97.34015655
adm4,MMR011007003,Kawt Hlaing,17.0405475,97.42592832
adm4,MMR011007004,Chaung Zauk,17.116287,97.29608593
adm4,MMR011007005,Wi Yaw,17.1081485,97.37188892
adm4,MMR011007006,Pein Hne Taw,17.14910123,97.47561007
adm4,MMR011007007,Da Nu,17.0052756,97.38733187
adm4,MMR011007008,Win Hpone,17.05466338,97.46750794
adm4,MMR011007009,Mat Cha,17.1103975,97.45708464
adm4,MMR011007010,Naung Ka Toke,17.16896436,97.4275934
adm4,MMR011007013,Ta Dar U,17.08098451,97.30694686
adm4,MMR011007014,Moe Kaung,17.10442155,97.29393399
adm4,MMR011007015,Don Wun,17.14115833,97.2913241
adm4,MMR011007016,Ka Taik Ka Lay,17.04495502,97.23135917
adm4,MMR011007017,Ka Taik Gyi,17.02222908,97.24954985
adm4,MMR011007018,Da Nu Ka Taik,17.07190651,97.26225234
adm4,MMR011007019,Seik Kyun,16.98151835,97.21872469
adm4,MMR011007020,Taw Gyi,17.09151338,97.2063141
adm4,MMR011007021,Thaung Gyi,17.05964054,97.17056602
adm4,MMR011007022,Za Yit Chaung,17.00920809,97.35271262
adm4,MMR011007023,Myay Ni Kone,16.953949,97.3433814
adm4,MMR011007024,Sin Hpyu Kyun,16.92113952,97.31064471
adm4,MMR011007025,Naung Bo,17.02060252,97.32496068
adm4,MMR011007026,Paw Taw Mu,16.92947222,97.3414605
adm4,MMR011007027,Bu Din Chaung,16.94635653,97.27199312
adm4,MMR011007028,Ma Yan Kone,16.93315674,97.19924254
adm4,MMR011007029,Zaik Ka Ye,16.87361153,97.2809698
adm4,MMR011007030,Htein Pin,16.89023054,97.23669135
adm4,MMR011007031,Naung Ku Lar,16.9875575,97.34165216
adm4,MMR011007032,Day Ba Rein,16.83166002,97.35409007
adm4,MMR011007033,Tha Yet Taw,16.84864501,97.35198025
adm4,MMR011007034,Aung Saing,16.82736378,97.40324976
adm4,MMR011007035,Taung Sun,16.8743255,97.34074766
adm4,MMR011007036,Oke Hpo Chaung,16.81860122,97.26091722
adm4,MMR011007037,Kyauk Tan,16.80578235,97.3956142
adm4,MMR011007038,Kyon Par,16.867348,97.39831502
adm4,MMR011007039,Gawt,16.88737,97.39517391
adm4,MMR011007040,Win Sein Ywar Thit,16.856584,97.42751443
adm4,MMR011007041,Win Sein Ah Lel,16.8547,97.3997285
adm4,MMR011007042,Du Yin Seik,16.9859705,97.42704655
adm4,MMR011007043,Htaung Hmu,16.93422977,97.43322694
adm4,MMR011007044,Sin Kyone,16.93554978,97.46173312
adm4,MMR011007045,Zay Ma Thwei (Upper),16.89669024,97.41547836
adm4,MMR011007046,Zay Ma Thwei (Lower),16.89175322,97.4580275
adm4,MMR011007047,Sa Khan Gyi,16.8584993,97.46378307
adm4,MMR011007048,Ah Nan Pin,16.79052598,97.46173154
adm4,MMR011007049,Kyet Tu Yway Thaung,16.79986465,97.49219866
adm4,MMR011007701,Urban,16.91293095,97.37070345
adm4,MMR011007702,Urban,17.05269541,97.30652599
adm4,MMR011007901,,17.103415,97.41535702
adm4,MMR011008001,Nyaung Kone Lay,16.6056195,97.36429321
adm4,MMR011008002,Pan Kone,16.71929,97.39819278
adm4,MMR011008003,Oke Ta Dar,16.65750301,97.43767248
adm4,MMR011008004,Da Rein,16.5723685,97.38439629
adm4,MMR011008005,Day Kin,16.552076,97.44415222
adm4,MMR011008006,Ka Mar Bi,16.62590745,97.41520834
adm4,MMR011008007,Ah Hauk,16.5836695,97.41526537
adm4,MMR011008008,Htan Pin Chaung Gyi,16.639138,97.33421044
adm4,MMR011008010,Tat Hmu Chaung,16.68942,97.33926196
adm4,MMR011008011,Kawt Htaw,16.5817585,97.45449667
adm4,MMR011008012,Kywe Chan,16.60383075,97.48091683
adm4,MMR011008013,Kawt Kayin,16.54522373,97.49668429
adm4,MMR011008014,Ka Daing,16.57256558,97.48465427
adm4,MMR011008015,Bant Bway Kone,16.62594504,97.4990366
adm4,MMR011008016,Tha Pyay Kone,16.5631635,97.35040771
adm4,MMR011008017,Hpa Lat,16.6805465,97.38929652
adm4,MMR011008018,Yin Nyein (North),16.776779,97.34088121
adm4,MMR011008019,Yin Nyein (South),16.775928,97.37846973
adm4,MMR011008020,Ywar Tan Shey,16.759376,97.37350353
adm4,MMR011008021,Hpyu Ba,16.742352,97.37114367
adm4,MMR011008022,Ka Tun,16.7301705,97.38495211
adm4,MMR011008023,Kyauk Yae Twin,16.7961275,97.40995758
adm4,MMR011008024,Inn Pyaung,16.773156,97.41586372
adm4,MMR011008025,Mya Lay Chaung,16.78417208,97.28244388
adm4,MMR011008026,Htan Pin Chaung Lay,16.756654,97.27775095
adm4,MMR011008027,Nyaung Kone Gyi,16.722783,97.26978505
adm4,MMR011008028,Kyon Haw,16.7297045,97.32530393
adm4,MMR011008029,Thea Kone,16.686657,97.28238282
adm4,MMR011008030,Ka Taik,16.7576295,97.43494099
adm4,MMR011008031,Ohn Ta Pin,16.6702645,97.54217245
adm4,MMR011008032,Sin Ywar,16.694217,97.53176896
adm4,MMR011008033,Wea Pa Tan,16.52744252,97.38413024
adm4,MMR011008034,Moke Ta Ma-Kywe Chan,16.612783,97.58651283
adm4,MMR011008035,Kyauk Sa Yit,16.6560035,97.55607009
adm4,MMR011008036,Let Pan Taw,16.64248741,97.57099793
adm4,MMR011008037,Oke Kan,16.56455517,97.52079307
adm4,MMR011008038,Hmaw Bi,16.675139,97.58537431
adm4,MMR011008039,Nat Hmaw,16.714323,97.56045651
adm4,MMR011008040,Thea Ein,16.76553118,97.52163081
adm4,MMR011008041,Thea Hpyu Kone,16.56722838,97.56402367
adm4,MMR011008042,Kawt Ka Daik,16.74794641,97.53891172
adm4,MMR011008043,Kyar Bo,16.554091,97.40644949
adm4,MMR011008044,Moke Ta Ma,16.55061355,97.58868225
adm4,MMR011008045,Nat Gyi Chaung,16.6063095,97.51635578
adm4,MMR011008046,Kyon Ka,16.65754234,97.4828516
adm4,MMR011008047,Ah Hlat,16.52431052,97.35788214
adm4,MMR011008048,Let Pan Kyun,16.64681312,97.60074265
adm4,MMR011008049,Kya Khat Ngu,16.6007585,97.54402873
adm4,MMR011008050,Ei Byit,16.70144125,97.54206274
adm4,MMR011008051,Tha Byu Chaung,16.80434279,97.35052853
adm4,MMR011008701,Urban,16.62178061,97.45718084
adm4,MMR011008702,Urban,16.697792,97.39768677
adm4,MMR011008800,,16.50852237,97.41889637
adm4,MMR011008901,,16.7033995,97.46614919
adm4,MMR011009001,Ah Baing,17.3053277,97.11239174
adm4,MMR011009002,Kyu Chaung,17.27640061,97.10687709
adm4,MMR011009003,Thone Gwa,17.5394265,96.93592627
adm4,MMR011009004,Win Kan,17.58913005,96.96216413
adm4,MMR011009005,Hle Lan Ku,17.373638,96.99304946
adm4,MMR011009006,In Ga Po,17.4473845,96.98121235
adm4,MMR011009007,Ka Daing Dut,17.4696145,97.03875063
adm4,MMR011009008,Kan Ni,17.477982,96.92178878
adm4,MMR011009009,Kha Ywea,17.59379153,96.89483182
adm4,MMR011009010,Moke Kha Mawt,17.55100827,96.8927023
adm4,MMR011009011,Kawt Htin,17.30325401,96.9751386
adm4,MMR011009012,Kawt Bein,17.29102401,97.07620202
adm4,MMR011009013,Kyaung Ywar,17.41170985,97.02439764
adm4,MMR011009014,Kyaik Ka Thar,17.34580208,96.90806189
adm4,MMR011009015,Kyaik Pi,17.27143745,96.97805897
adm4,MMR011009016,Kin Mun Chaung,17.4146635,97.09028256
adm4,MMR011009017,Ma Lawt Chaung,17.32771083,96.92583531
adm4,MMR011009018,Mar Lar Hpu,17.46696939,97.13827891
adm4,MMR011009019,Moke Kha Mu,17.327803,96.95248891
adm4,MMR011009020,Ma Yan Chaung Kwar Yi Ywar Thit,17.429775,96.9136732
adm4,MMR011009021,Kyun Taw,17.3375765,97.06602103
adm4,MMR011009022,Hnget Pyaw Taw,17.3626475,97.09596689
adm4,MMR011009025,Bo Yar Gyi,17.3444765,96.98041833
adm4,MMR011009026,Pyin Ka Doe Kone,17.455502,96.94564239
adm4,MMR011009027,Hpet Ka Leik,17.32014283,97.03697524
adm4,MMR011009028,Pi Ti,17.40626774,97.14712333
adm4,MMR011009029,Sit Taung,17.46315976,96.88796165
adm4,MMR011009030,Sut Pa Nu,17.3993789,96.90341605
adm4,MMR011009031,Kha Lun,17.3892485,96.94656924
adm4,MMR011009032,War Boe Chaung,17.53916759,97.04471713
adm4,MMR011009033,Kwin Ka Lay,17.362086,97.03260012
adm4,MMR011009034,Zee Pyaung,17.518508,96.97566756
adm4,MMR011009035,Moke Pa Lin,17.4426075,96.9017554
adm4,MMR011009701,Urban,17.31089729,97.01379461
adm4,MMR011009702,Urban,17.500337,96.89686948
adm4,MMR011010001,Hnin Pale,17.16071955,97.23136553
adm4,MMR011010002,Shwe Hlay,17.16664066,97.2699169
adm4,MMR011010003,Nyaung Pa Lin,17.1347704,97.25683641
adm4,MMR011010004,Leik Khone,17.11764136,97.24101752
adm4,MMR011010005,Ta Bet Swea,17.17490207,97.29960163
adm4,MMR011010006,Ah Naing Pun,17.19152693,97.2428421
adm4,MMR011010007,Mu Thin,17.12807161,97.22394392
adm4,MMR011010008,Zwe Ka Lar,17.15896042,97.17551246
adm4,MMR011010009,Zoke Thoke,17.16414285,97.15230958
adm4,MMR011010010,Zoke Ka Li,17.07861551,97.08642621
adm4,MMR011010011,Kawt Ka Dut,17.18498599,97.14991792
adm4,MMR011010012,Yun Da Lin Kone,17.17277777,97.19192765
adm4,MMR011010013,Taung Sun,17.21040202,97.15072867
adm4,MMR011010014,Pauk Taw,17.17350443,97.11391449
adm4,MMR011010015,Kin Ywar,17.20554126,97.10654104
adm4,MMR011010016,Taung Gyi,17.13197787,97.01680105
adm4,MMR011010017,Win Ka,17.1895485,97.04993477
adm4,MMR011010018,Ah Yet Thi Ma,17.23271236,97.00400478
adm4,MMR011010019,Ma Yan Kone,17.25035836,97.10473874
adm4,MMR011010020,Thein Ngu,17.2678205,97.04685047
adm4,MMR011010021,Thea Hpyu Chaung,17.27426009,97.15366639
adm4,MMR011010022,Ah Lu,17.2390025,97.15739122
adm4,MMR011010023,Win Pyan,17.26325601,97.18620501
adm4,MMR011010024,Kyauk Yae Twin,17.21157562,97.19229888
adm4,MMR011010025,Hpoe War Thein,17.31694605,97.14814849
adm4,MMR011010026,Gon Hnyin Nwe,17.323541,97.17248972
adm4,MMR011010027,Win Thaung,17.36879801,97.16155749
adm4,MMR011010028,Ka Di Pu,17.24089911,97.27373011
adm4,MMR011010029,Dauk Yat,17.2001665,97.2922719
adm4,MMR011010030,Shwe Yaung Pya,17.15250545,97.34846509
adm4,MMR011010031,Kya Khat Chaung,17.21909301,97.35625787
adm4,MMR011010032,Ta Nyin Kone,17.26373036,97.23868518
adm4,MMR011010033,Ka Zaing,17.27438407,97.2085016
adm4,MMR011010034,Yin Ohn,17.37884923,97.24928359
adm4,MMR011010035,Me Lan,17.37043792,97.22390361
adm4,MMR011010036,Me Lan Gaung,17.364618,97.31760529
adm4,MMR011010037,Ah Hone Wa,17.31273332,97.31622474
adm4,MMR011010038,Hpa Yar Seik,17.26649278,97.27193563
adm4,MMR011010039,Nat Gyi,17.44621793,97.21549803
adm4,MMR011010040,Me Na Than,17.4197553,97.30497772
adm4,MMR011010041,Me Pa Li,17.56431278,97.27172559
adm4,MMR011010042,Pi Ti,17.50062856,97.19600559
adm4,MMR011010043,Baw Naw Khee,17.63987155,97.3492644
adm4,MMR011010044,Ah Su Chaung,17.4962635,97.30401041
adm4,MMR011010045,Win Tar Pan,17.2493452,97.44682858
adm4,MMR011010046,Lay Kay,17.43292436,97.39637483
adm4,MMR011010047,Kyoe Waing,17.4535846,97.41594177
adm4,MMR011010048,Paing Da Wei,17.31273382,97.21313651
adm4,MMR011010049,Kyar Kwin,17.33577673,97.21954195
adm4,MMR011010050,Kyauk Lone Gyi,17.40270179,97.20135821
adm4,MMR011010051,Sin Inn,17.23674562,97.12827833
adm4,MMR011010701,Urban,17.22420288,97.23949642
adm4,MMR012001001,Maung Ni Pyin,20.20330673,92.84016027
adm4,MMR012001002,Thin Pone Tan,20.23641922,92.84146901
adm4,MMR012001003,Chaung Nwe,20.19707049,92.9015756
adm4,MMR012001004,Kyet Taw Pyin,20.25314057,92.8013755
adm4,MMR012001005,Aung Daing,20.23165047,92.80368938
adm4,MMR012001006,Gant Gaw Kyun,20.20011936,92.87658399
adm4,MMR012001007,Kyay Taw,20.17871114,92.90670213
adm4,MMR012001008,Ywar Thit Kay,20.20362647,92.86110701
adm4,MMR012001009,Nar Yi Kan,20.22090245,92.84666051
adm4,MMR012001010,Say Tha Mar,20.20005796,92.78608455
adm4,MMR012001011,Zaw Pu Gyar,20.20831683,92.81347547
adm4,MMR012001012,Kha Tin Paik,20.24793614,92.82378596
adm4,MMR012001013,Kywi Te,20.26812615,92.83945723
adm4,MMR012001014,Thein Tan,20.22234382,92.8673967
adm4,MMR012001015,Kyar Ma Thauk,20.24504245,92.86108829
adm4,MMR012001016,Nyo Yaung Chaung,20.24708481,92.91475739
adm4,MMR012001017,Chi Laing Hpin,20.27329553,92.89821832
adm4,MMR012001018,Ah Myint Kyun,20.29444635,92.87998791
adm4,MMR012001019,Par Da Leik,20.2865764,92.86440054
adm4,MMR012001020,Myit Nar,20.220949,92.90755678
adm4,MMR012001021,Nga/Tauk Tet,20.2647624,92.8754279
adm4,MMR012001022,Taw Kan,20.23523832,92.87693919
adm4,MMR012001023,War Bo,20.23870449,92.89590335
adm4,MMR012001024,U Yin Thar,20.17259899,92.85298914
adm4,MMR012001025,Khaung Doke Kar,20.18462508,92.80655467
adm4,MMR012001026,Thin Ga Net,20.17500286,92.87923542
adm4,MMR012001027,Bu May,20.15667467,92.83388829
adm4,MMR012001701,Urban,20.14146794,92.88781205
adm4,MMR012002001,Ah Htet Thin Pone Tan,20.82404033,92.75143914
adm4,MMR012002002,Hpar Pway,20.62878747,92.83472712
adm4,MMR012002003,Aw Ra Ma,20.61003025,92.84770977
adm4,MMR012002004,Sin Thi Pein Hne Taw,20.584531,92.84787968
adm4,MMR012002005,Thet Kyaing Taung,20.52841042,92.86741179
adm4,MMR012002006,U Yin Thar,20.56304411,92.91658568
adm4,MMR012002007,Dat Pa,20.51411215,92.90210962
adm4,MMR012002008,Pyaing Taung,20.4621673,92.85507738
adm4,MMR012002009,Poe Shee Pyin,20.46958798,92.87778718
adm4,MMR012002010,Ya Hat Taung,20.47752355,92.91128569
adm4,MMR012002011,Gant Gar,20.45425622,92.92932085
adm4,MMR012002012,Kyet Sin Ta Lin,20.44209242,92.90815173
adm4,MMR012002013,Zay Di Pyin,20.42039476,92.89700804
adm4,MMR012002014,Taw Hpyar Kan Chaung,20.42708869,92.88278489
adm4,MMR012002015,Kyauk Pyin Seik,20.41745557,92.87287118
adm4,MMR012002016,Kan Bu,20.39386321,92.89902378
adm4,MMR012002017,Doe Tan,20.4063208,92.92800339
adm4,MMR012002018,Pauk Taw Pyin,20.42252901,92.93288662
adm4,MMR012002019,Pein Hne Taw,20.40699765,92.95037434
adm4,MMR012002020,Nat Taung,20.41974509,92.98859297
adm4,MMR012002021,Kan U,20.42368319,92.97044579
adm4,MMR012002022,Kha Mway Kyein Chaung,20.46455622,92.99232215
adm4,MMR012002023,Gant Gar Gyi,20.45635639,92.96564915
adm4,MMR012002024,Htaung Laung Pun,20.48041388,92.93651612
adm4,MMR012002025,Hpaung Seik,20.49695301,92.9322494
adm4,MMR012002026,Myo,20.51857791,92.93469275
adm4,MMR012002027,Hmo Hin Taw,20.55023581,92.97419201
adm4,MMR012002028,Yoe Ta Yoke,20.55965565,92.9542646
adm4,MMR012002029,Shin Taw (Daing Net),20.57496769,92.93709332
adm4,MMR012002030,Thea Taw,20.59384668,92.92344078
adm4,MMR012002031,Ga Nan Taung,20.60441871,92.92140711
adm4,MMR012002032,Ah Htet Myat Hle,20.58884131,92.89533544
adm4,MMR012002033,Pet Khwet Seik,20.63289259,92.94029112
adm4,MMR012002034,Nga/Pyauk Se,20.61353279,92.95621918
adm4,MMR012002035,Kywe Lan Chaung,20.63003143,92.99830119
adm4,MMR012002036,Let Wea Myan,20.6150383,92.98014741
adm4,MMR012002037,Kar Di,20.61449538,93.00653567
adm4,MMR012002038,Thea Tet,20.59408109,93.01933156
adm4,MMR012002039,Pyin Hlyar Shey,20.58867582,92.99048605
adm4,MMR012002040,Aung Seik,20.58512444,92.96286961
adm4,MMR012002041,Myin Kat Taw,20.57253786,93.02462195
adm4,MMR012002042,Gwa Son,20.56156123,93.02936224
adm4,MMR012002043,Kyein Chaung,20.55284955,93.05966018
adm4,MMR012002044,Min Zi Chaung,20.58336522,93.05103293
adm4,MMR012002045,Yin Chaung,20.56287905,93.06152843
adm4,MMR012002046,Nyaung Chon,20.52859968,93.06025934
adm4,MMR012002047,Thu Pon,20.54524741,93.02911656
adm4,MMR012002048,Sin Htein Gyi,20.53251156,93.03711325
adm4,MMR012002049,Sar Ngan Kan,20.55255717,93.00703609
adm4,MMR012002050,Tauk Son,20.52303436,92.99630987
adm4,MMR012002051,Kyan Khin,20.51014961,92.96866192
adm4,MMR012002052,Pan Ni Lar,20.49793307,92.98848879
adm4,MMR012002053,Hpa Yar Gyi,20.49859671,93.00864089
adm4,MMR012002054,Chin Thayt,20.51740369,93.02512158
adm4,MMR012002055,Myet Thauk,20.49120892,93.04311036
adm4,MMR012002056,Aung Hpyu Pyin,20.47591041,93.01444195
adm4,MMR012002057,Pe Si Nan,20.42790386,93.01703904
adm4,MMR012002058,Yoe Ngu,20.42336777,93.00408821
adm4,MMR012002059,Kyauk Seik,20.35839766,93.01252007
adm4,MMR012002060,Thea Hpyu Chaung,20.38633963,92.99593632
adm4,MMR012002061,Thar Si,20.36686049,92.98607315
adm4,MMR012002062,Let Wea Sar Taik,20.38460927,92.96618796
adm4,MMR012002063,Moe Tein Pyin,20.38478408,92.95132745
adm4,MMR012002064,Ah Me Khin,20.36870279,92.94494145
adm4,MMR012002065,Di Par Yon,20.36032239,92.96225034
adm4,MMR012002066,Wet Hnoke Thee,20.33961462,92.97102458
adm4,MMR012002067,Yar Chaung,20.32094709,92.9635972
adm4,MMR012002068,Yae Pauk Chaung,20.31346464,92.99043909
adm4,MMR012002069,Nat Seik,20.31517452,93.00934687
adm4,MMR012002070,Tan Swei,20.29099823,92.99101395
adm4,MMR012002071,Paik Seik (Kyaw Zan),20.27108563,92.98387875
adm4,MMR012002072,Ah Lel Kyun,20.29410568,92.96889356
adm4,MMR012002073,Pa Day Thar,20.30599574,92.9489675
adm4,MMR012002074,Ah Htoke Thei,20.32776876,92.93827843
adm4,MMR012002075,Tan Bet Hlan,20.31338758,92.91102937
adm4,MMR012002076,Kyein Kyun,20.33524261,92.91588756
adm4,MMR012002077,Ma Gyi Chaung,20.35585481,92.91826833
adm4,MMR012002078,Ah Lel Chaung,20.37496441,92.91738522
adm4,MMR012002079,Thin Pone Tan,20.36946885,92.88356175
adm4,MMR012002080,Kan Pyin,20.38126452,92.85282677
adm4,MMR012002081,Ku Lar Chaung,20.3447542,92.88690178
adm4,MMR012002082,Met Ka Lar Kya,20.31862719,92.89017635
adm4,MMR012002083,Kon Tan Kyein Chaung,20.34084346,92.94898548
adm4,MMR012002084,Kun Taung,20.29048872,92.9147136
adm4,MMR012002085,Aing Din Ywar Thit,20.26944602,92.95041842
adm4,MMR012002086,Hgnet Gyi Kyun,20.27810165,92.96235114
adm4,MMR012002087,Tan Khoe,20.25784266,92.97056126
adm4,MMR012002088,Kywe Htoe,20.24766665,92.95642264
adm4,MMR012002089,Kan Chaung,20.23099316,92.93932576
adm4,MMR012002090,Sa Par Htar,20.2517273,92.93062941
adm4,MMR012002091,Aung Zay Ya,20.21345338,92.92156345
adm4,MMR012002092,Kha Maung Taw,20.20375335,92.92255725
adm4,MMR012002701,Urban,20.33302042,93.00238627
adm4,MMR012003001,Ywar Haung Taw,20.6236776,93.20292042
adm4,MMR012003002,Ka La Ka,20.56673049,93.15324022
adm4,MMR012003003,Pu Zun Hpe,20.60823238,93.14685872
adm4,MMR012003004,Pu Rein,20.57274692,93.238049
adm4,MMR012003005,Myet Yeik Kyun,20.60208469,93.25168406
adm4,MMR012003006,Sin Oe,20.64046955,93.23462643
adm4,MMR012003007,Gon Kyun,20.68352708,93.31087385
adm4,MMR012003008,Byoke Chaung,20.69302881,93.26580696
adm4,MMR012003009,Maw Ywar,20.68874083,93.22509089
adm4,MMR012003010,Lay Hnyin Taung,20.68400068,93.20716443
adm4,MMR012003011,Cheik Chaung,20.7334993,93.21798879
adm4,MMR012003012,Sin Ke,20.76272875,93.26319881
adm4,MMR012003013,Pyi Lone Gyi,20.814705,93.20234715
adm4,MMR012003014,Maung Shwi Kan,20.62367228,93.16726552
adm4,MMR012003015,Kin Seik,20.58624736,93.16479775
adm4,MMR012003016,Pi Pin Yin,20.54065814,93.24392494
adm4,MMR012003017,Nan Kyar,20.53294956,93.25104167
adm4,MMR012003018,Kon Baung,20.52056721,93.26036571
adm4,MMR012003019,Myaung Bway,20.49714737,93.27980213
adm4,MMR012003020,Bu Ta Lone,20.48917916,93.26522877
adm4,MMR012003021,Let Than Chi,20.4641411,93.26705058
adm4,MMR012003022,Nga Me Pyin,20.46047817,93.24141122
adm4,MMR012003023,Kywe Te,20.48182368,93.24519509
adm4,MMR012003024,Oke Kar Kyaw,20.50492896,93.24601581
adm4,MMR012003025,Let Pan Taw,20.50165839,93.23308449
adm4,MMR012003026,Yin Thei,20.50146657,93.21220268
adm4,MMR012003027,Than Shin Pyin,20.49788486,93.17707657
adm4,MMR012003028,Kyay Pin Lel,20.51353347,93.19891289
adm4,MMR012003029,Zee Zar,20.48025199,93.22832273
adm4,MMR012003030,Koke Ka Rit Htaunt,20.46667568,93.16056033
adm4,MMR012003031,Nyaung Pin Lel,20.4583604,93.14131396
adm4,MMR012003032,Pyaung Paw,20.46237861,93.11499384
adm4,MMR012003033,Kyein Chaung,20.45380571,93.17783605
adm4,MMR012003034,Ah Kyee Taw Ma,20.47597076,93.14826177
adm4,MMR012003035,Kant Tha Ri,20.47434141,93.21378857
adm4,MMR012003036,Nan Tet,20.44542378,93.23857422
adm4,MMR012003037,Tha Baw,20.40728931,93.19464531
adm4,MMR012003038,Thu Nge Taw,20.3860686,93.15079882
adm4,MMR012003039,Shin Shey,20.42712852,93.22714663
adm4,MMR012003040,Kyar Kan,20.43168999,93.16414418
adm4,MMR012003041,Hpa Yar Myar,20.41957847,93.12429961
adm4,MMR012003042,Thar Yar Kone,20.39951101,93.10703467
adm4,MMR012003043,Lay Hnyin Thar,20.50386249,93.08610873
adm4,MMR012003044,Set Thar,20.47169267,93.08888005
adm4,MMR012003045,Ah Lel Chaung,20.43499463,93.07976523
adm4,MMR012003046,Pyar Te,20.50080157,93.1106815
adm4,MMR012003047,Ye Hpyar,20.46370883,93.06569627
adm4,MMR012003048,Nyaung Pin Lel (Ku Lar Pone),20.39643507,93.042526
adm4,MMR012003049,Zee Pin Gyi,20.41731774,93.05611517
adm4,MMR012003050,Nat Chaung,20.3783021,93.05912735
adm4,MMR012003051,Shauk Pon Kyun,20.57206366,93.24800882
adm4,MMR012003052,Paung Toke,20.55169161,93.22366961
adm4,MMR012003053,Ku Toe,20.53003684,93.19355833
adm4,MMR012003054,Ma Har Htee,20.52381158,93.21808847
adm4,MMR012003055,Baung Dut,20.5666025,93.20256527
adm4,MMR012003056,Su Rit Chaung,20.51982004,93.15839689
adm4,MMR012003057,Maung Hnit Ma,20.49456504,93.14157814
adm4,MMR012003058,Than Tha Yar,20.52815649,93.14342779
adm4,MMR012003059,Naung Min,20.52821675,93.10714937
adm4,MMR012003060,Ka Da Wa,20.54739373,93.09200422
adm4,MMR012003061,Tan Tin,20.54755795,93.12619779
adm4,MMR012003062,Cha Yar,20.57918842,93.11929342
adm4,MMR012003063,Taw Bway,20.56766997,93.09669907
adm4,MMR012003064,Than Chaung,20.64821622,93.14846633
adm4,MMR012003065,Wai Thar Li,20.66219037,93.16344557
adm4,MMR012003066,Hpa Yar Gyi,20.71415008,93.15479404
adm4,MMR012003067,Bu Ywet Ma Nyoe,20.70268874,93.12483472
adm4,MMR012003068,Ma Kyar Se,20.72257125,93.17893842
adm4,MMR012003069,Pyaing Cha,20.74280445,93.13912714
adm4,MMR012003070,Pya Hla,20.64630989,93.11421501
adm4,MMR012003071,Tin Htein Kan,20.66940693,93.11563682
adm4,MMR012003072,Kin Chaung,20.62715205,93.12154462
adm4,MMR012003073,Thin Pan Kaing,20.63765581,93.06378185
adm4,MMR012003074,Ah Yet Thay Ma,20.62252584,93.08170782
adm4,MMR012003075,Bar Nyo,20.58987638,93.09036046
adm4,MMR012003076,Na Kan,20.60273886,93.10691538
adm4,MMR012003077,Kone Baung,20.68040962,93.06484132
adm4,MMR012003078,Wet Hla,20.68148507,93.08213764
adm4,MMR012003079,Gwa Son,20.70556309,93.08321166
adm4,MMR012003080,Tha Pyay Kan,20.73091694,93.10125815
adm4,MMR012003081,Shar Shey Pyin,20.7481078,93.08062801
adm4,MMR012003082,Oke Kan,20.70689083,93.05756802
adm4,MMR012003083,Taung Taik,20.69125587,93.03473871
adm4,MMR012003084,Taung Myint,20.72523648,93.06386018
adm4,MMR012003085,Kan Sauk,20.75055743,93.06117842
adm4,MMR012003086,Hteik Wa Pyin,20.77839395,93.07378722
adm4,MMR012003087,Taung U,20.81424296,93.07455885
adm4,MMR012003088,Ei Vi Ti Kar,20.81951312,93.12997449
adm4,MMR012003089,Kyauk Kyat,20.8349646,93.07364166
adm4,MMR012003090,Kyi Yar Pyin,20.7904542,93.09594871
adm4,MMR012003091,Pauk Pin Kwin,20.77508452,93.11893735
adm4,MMR012003092,Oe Htein,20.74192659,93.11493716
adm4,MMR012003093,Tein Nyo,20.70007683,93.11162801
adm4,MMR012003094,Shwe Kyin Pyin,20.72322743,93.08805075
adm4,MMR012003095,Kyauk Se Pyin,20.82950244,93.08828272
adm4,MMR012003096,Kyaung Taung,20.63051443,93.28004571
adm4,MMR012003701,Urban,20.59409906,93.18683183
adm4,MMR012004001,Tha Lu Chaung,20.94997009,92.8000657
adm4,MMR012004002,Sa Par Seik,21.04193491,92.85779615
adm4,MMR012004003,Than Hmyar,21.0744384,92.90829315
adm4,MMR012004004,Mee Wa,21.10174363,92.95611655
adm4,MMR012004005,Mun Htaunt,21.07744426,92.9718538
adm4,MMR012004006,Laung Shey,21.03483545,93.00783718
adm4,MMR012004007,Kyin Gyi,21.01929702,92.93026699
adm4,MMR012004008,Taung Mu Zi,20.97186127,92.91281032
adm4,MMR012004009,Tha Pauk Kan,20.95534331,92.87205864
adm4,MMR012004010,Wea Gyi Daunt,20.92991755,92.92256473
adm4,MMR012004011,Aung Ya,20.94715628,92.94048188
adm4,MMR012004012,Ma Tin Hmaing Chaung,20.94762433,92.97089944
adm4,MMR012004013,Tin Ma,21.00189163,93.01005315
adm4,MMR012004014,Mar Lar,20.97826112,93.01241592
adm4,MMR012004015,Min Thar Taung,20.94674527,93.06724738
adm4,MMR012004016,Me Taung Thar Si,20.94272671,93.04156522
adm4,MMR012004017,Myauk Taung,20.94717748,93.01730956
adm4,MMR012004018,Taung Bway,20.95382704,92.98987199
adm4,MMR012004019,Ya Da Nar Pon,20.91510111,93.00060456
adm4,MMR012004020,Na Ga Yar,20.89172839,92.99177817
adm4,MMR012004021,Than Htaung,20.90404807,92.96174116
adm4,MMR012004022,Shin Kyan,20.91007591,92.93211518
adm4,MMR012004023,Htauk Lay Min Tan,20.89123891,92.8887587
adm4,MMR012004024,Ngar Saung Bet,20.89312261,92.93157166
adm4,MMR012004025,Taung Htaung Ha Yar,20.87076937,92.93876347
adm4,MMR012004026,Pi Htu,20.87955997,92.9592842
adm4,MMR012004027,Taung Htaung,20.84682545,92.92893242
adm4,MMR012004028,Wa Kin,20.86423471,92.96091725
adm4,MMR012004029,Lan Ma Taw,20.84501088,93.00962464
adm4,MMR012004030,Khaung Toke,20.87354608,93.01467739
adm4,MMR012004031,Ah Lel Kyun,20.91256164,93.03235226
adm4,MMR012004032,Pauk Taw,20.87026705,93.05925688
adm4,MMR012004033,Sa Par Seik,20.8852812,93.05558024
adm4,MMR012004034,Kyauk Ta Lone,20.85699743,93.04871947
adm4,MMR012004035,Tha Yet Ta Pin,20.84932155,93.05548129
adm4,MMR012004036,Thit Ta Pon,20.89186304,93.07650723
adm4,MMR012004037,Nyaung Chaung,20.85222945,93.07211854
adm4,MMR012004038,Ywar Ma Pyin,20.83092138,93.05363127
adm4,MMR012004039,Kyar Nin Kan,20.80814149,93.05332433
adm4,MMR012004040,Tha Win Kaing,20.81304443,93.01880471
adm4,MMR012004041,Let Saung Kauk,20.81696658,92.9669332
adm4,MMR012004042,Paik Thei,20.83045008,92.96307856
adm4,MMR012004043,Kyaung Swei Hpyu,20.61978501,93.03648403
adm4,MMR012004044,Shauk Chaung,20.83024889,92.92325608
adm4,MMR012004045,Nga/Ta Paung,20.82510011,92.89068112
adm4,MMR012004046,Hpa Yar Paung,20.7913191,92.96875767
adm4,MMR012004047,Kun Ohn Chaung,20.77549602,92.94600513
adm4,MMR012004048,Thin Ga Net,20.75603112,92.95662037
adm4,MMR012004049,Kar Di,20.74236923,92.94392293
adm4,MMR012004050,Auk Lar,20.73880154,92.89999165
adm4,MMR012004051,Kan Sauk,20.69977965,92.90595847
adm4,MMR012004052,Taung Min Ku Lar,20.65939784,92.89747594
adm4,MMR012004053,Saung Du,20.63978015,92.9218426
adm4,MMR012004054,Kha Maung Taw,20.65960754,92.92591387
adm4,MMR012004055,Pan Hpe Chaung,20.67667977,92.93087617
adm4,MMR012004056,Pyein Chaung,20.70649399,92.94462032
adm4,MMR012004057,Pyaung Seik,20.68237426,92.96245218
adm4,MMR012004058,Gwa Son,20.66255774,92.96147159
adm4,MMR012004059,Ohn Pa Tee,20.63776937,92.95568336
adm4,MMR012004060,Aung Zay Ya,20.63783493,92.97719152
adm4,MMR012004061,Ba Ra War,20.6444973,92.99579403
adm4,MMR012004062,Bo Min,20.66931766,92.99218686
adm4,MMR012004063,Doke Kan Chaung,20.70240687,92.99607075
adm4,MMR012004064,Ah Pauk Wa,20.71081395,92.96794594
adm4,MMR012004065,Ywar Thit Kay,20.73022044,92.97640278
adm4,MMR012004066,Kyauk Hpyu,20.72767872,93.01851262
adm4,MMR012004067,Ka Thit Taw,20.7410871,92.98030666
adm4,MMR012004068,Pa Laung,20.75653344,92.98948484
adm4,MMR012004069,Sin Oe Chaing,20.77926342,93.0038388
adm4,MMR012004070,Sein Chon,20.78060685,93.04166552
adm4,MMR012004071,Sa Hpo Thar,20.75709657,93.04750808
adm4,MMR012004072,Yun Chaung,20.74271964,93.03456482
adm4,MMR012004073,La Mu Ta Pin,20.7398313,93.00901181
adm4,MMR012004074,Goke Pi Htaunt,20.7087779,93.02787172
adm4,MMR012004075,Ah Kha Sar,20.68955845,93.02175926
adm4,MMR012004076,Na Gu May,20.66314384,93.0204824
adm4,MMR012004077,Zin Khar Chay,20.65916708,93.0382919
adm4,MMR012004078,Let Khoke Pin Yin,20.65988528,93.06567533
adm4,MMR012004079,Gaw Yaw Ma Ni,20.63841129,93.04631641
adm4,MMR012004701,Urban,20.84611472,92.96722581
adm4,MMR012004901,,20.96546586,93.10935091
adm4,MMR012005001,Kin Seik,20.3840883,93.26946391
adm4,MMR012005002,Ywar Pyin,20.39393752,93.29591091
adm4,MMR012005003,Chaik Taung,20.4041003,93.24859937
adm4,MMR012005004,Taung Poet Gyi,20.38414599,93.24017173
adm4,MMR012005005,Pan Zin Maw,20.36835391,93.22861057
adm4,MMR012005006,Thein Taung,20.33825629,93.22009993
adm4,MMR012005007,Nga/Way,20.32193967,93.23762522
adm4,MMR012005008,Bar Bu Taung,20.34777159,93.25237032
adm4,MMR012005009,San Ba Lay,20.38764875,93.30558884
adm4,MMR012005010,Na Yan,20.41655016,93.2965675
adm4,MMR012005011,Pwint Htee,20.4021821,93.27908964
adm4,MMR012005012,Than Shin,20.43881236,93.28664187
adm4,MMR012005013,Sat Kyar,20.47277893,93.28530833
adm4,MMR012005014,Ku Toe Seik,20.42870491,93.25967083
adm4,MMR012005015,Win Zar,20.45544052,93.28451313
adm4,MMR012005016,Pan Myaung,20.63196564,93.32197904
adm4,MMR012005017,Na Ga Yar,20.57775236,93.2793332
adm4,MMR012005018,Shwe Ta Mar,20.53001561,93.27744707
adm4,MMR012005019,Min Hpu,20.51326541,93.34912791
adm4,MMR012005020,Oe Pyin Taung,20.53618438,93.30831461
adm4,MMR012005021,Pyin Yaung,20.55129763,93.33311965
adm4,MMR012005022,Htein Pin,20.59051419,93.33243301
adm4,MMR012005023,Thaung Khaung Maw,20.43277029,93.31672862
adm4,MMR012005024,Tha Toe,20.44684821,93.33723034
adm4,MMR012005025,Ku Lar Ma Taung,20.48584927,93.39331704
adm4,MMR012005026,Don Gyi,20.42992693,93.35364231
adm4,MMR012005027,Min Zi,20.4870503,93.36215919
adm4,MMR012005028,Tat Yar,20.4101114,93.34366902
adm4,MMR012005029,Hpon Thar Wa,20.39600532,93.37172446
adm4,MMR012005030,Ngan Tet,20.30075107,93.39842974
adm4,MMR012005031,Min Ku Lan,20.30714917,93.49461342
adm4,MMR012005032,Sa Par Htar,20.47011806,93.31599769
adm4,MMR012005033,Ah Wa,20.36775139,93.32214499
adm4,MMR012005034,Thin Paung Chaung,20.34651738,93.33995355
adm4,MMR012005035,Ah Htet Hnget Pyaw Chaung,20.29262041,93.35256249
adm4,MMR012005036,May Lun,20.23861959,93.39628351
adm4,MMR012005037,Kyaung Taung,20.215665,93.4380892
adm4,MMR012005038,Kay Tha Lar Pyun Wa,20.32286281,93.29981337
adm4,MMR012005039,Kay Tha Lar Chaung Wa,20.28371913,93.31404026
adm4,MMR012005040,Kywe Kyo,20.29144713,93.32920506
adm4,MMR012005041,Taung Shey Pyin,20.21301698,93.34921656
adm4,MMR012005042,Yin Bway,20.17992715,93.39264282
adm4,MMR012005043,Yin Chaung,20.15789966,93.3659599
adm4,MMR012005044,Auk Hnget Pyaw Chaung,20.12310062,93.37850219
adm4,MMR012005045,Zin Yaw Maw,20.14017527,93.40144918
adm4,MMR012005046,Kyein Chaung,20.22749406,93.37320185
adm4,MMR012005047,Hpa Laung Pyin,20.30360882,93.27650143
adm4,MMR012005048,Thin Ga Net,20.295416,93.25038853
adm4,MMR012005049,Chaw Chaung,20.25962533,93.28446886
adm4,MMR012005050,Thar Yar Kone,20.20988656,93.31415136
adm4,MMR012005051,Yan Taing,20.16285278,93.32518799
adm4,MMR012005052,Khway Tauk Chaung,20.1839321,93.28545431
adm4,MMR012005053,Aing Wun,20.21107053,93.21164311
adm4,MMR012005054,Oke Ta Rar,20.20739862,93.24677468
adm4,MMR012005055,La Har Kyay,20.17492601,93.23366218
adm4,MMR012005056,Kywe Tet,20.18329815,93.20370081
adm4,MMR012005057,Khaung Laung Chaung,20.24094101,93.24892859
adm4,MMR012005058,Sun Ye,20.23759347,93.17070706
adm4,MMR012005059,Kyaung Shey Chaung,20.20655277,93.1494493
adm4,MMR012005060,That Pone,20.24310147,93.20180157
adm4,MMR012005061,Chaung Shey,20.26908541,93.22199782
adm4,MMR012005062,Pale Pauk,20.29377318,93.22395914
adm4,MMR012005701,Urban,20.36016588,93.2716446
adm4,MMR012005901,,20.57743402,93.6089948
adm4,MMR012006001,Ah Ngu,20.02573112,93.37561172
adm4,MMR012006002,Ah Lel Kyun,20.13934909,93.2384942
adm4,MMR012006003,Ah Twin Nga Khu Chaung,20.12970912,93.27342453
adm4,MMR012006004,Pyayt Chaung,19.81643022,93.45240673
adm4,MMR012006005,Chaung Kya,20.06678305,93.40893614
adm4,MMR012006006,Chon Chaung,20.04658586,93.65158268
adm4,MMR012006007,Daing Bon,20.06971807,93.446755
adm4,MMR012006008,Gaung Hpyu,20.09010718,93.35747275
adm4,MMR012006009,Kyet Yae Gyi,20.10739101,93.30271771
adm4,MMR012006010,Kyauk Hpya Lar,20.09050913,93.42234996
adm4,MMR012006011,Kha Yan Pyin,20.02005636,93.42420436
adm4,MMR012006012,Kyauk Nga Nwar,20.1450051,93.42023168
adm4,MMR012006013,Kaw,20.13424844,93.61094719
adm4,MMR012006014,Kyun Kya,19.77071599,93.50477355
adm4,MMR012006015,Ngwe Twin Tu,19.85002091,93.56619292
adm4,MMR012006016,Koke Ko,19.72532545,93.55158398
adm4,MMR012006017,Kyun Thar Yar,19.69976863,93.47691798
adm4,MMR012006019,Kyay Taw,19.78653775,93.75850338
adm4,MMR012006020,Laung Da Reik,19.91267727,93.44835287
adm4,MMR012006021,Myauk Kyein,20.10673648,93.24561681
adm4,MMR012006022,Nga Man Ye Gyi,20.06526538,93.21389877
adm4,MMR012006023,Nga Shwe Pyin,20.01777342,93.40672962
adm4,MMR012006024,Moe Thee Nat Taung,19.95645625,93.53882752
adm4,MMR012006025,Nyaung Khet Kan,19.90574867,93.74735641
adm4,MMR012006026,Ngan Taung,19.75427187,93.6841651
adm4,MMR012006027,Ohn Chaung,19.72624155,93.44380169
adm4,MMR012006028,Pyin Chaung,20.0672589,93.27440878
adm4,MMR012006029,Pyin Nga Khu Chaung,20.06860355,93.24357461
adm4,MMR012006030,Pe Kauk,20.12085057,93.35712509
adm4,MMR012006031,Hpa Lar Kya,20.04604768,93.43428768
adm4,MMR012006032,Pin Kat Taung Maw,20.12166555,93.44303874
adm4,MMR012006033,Pin Kat Chaung,20.15362262,93.49277669
adm4,MMR012006034,Pauk Tu Taung,19.80920188,93.72434721
adm4,MMR012006035,Say Myit Swe,20.02610921,93.45512309
adm4,MMR012006036,Shauk Chon,20.17629597,93.45887221
adm4,MMR012006037,Sa Hnyin,19.97954363,93.70834785
adm4,MMR012006038,Sin Kyat,19.91662008,93.41922588
adm4,MMR012006039,Sat Tet,19.78186273,93.55498026
adm4,MMR012006040,Seik Ta Ra,19.85672306,93.67336372
adm4,MMR012006041,Thin Ga Net,20.17036657,93.2595604
adm4,MMR012006042,Taung Shey,19.73098911,93.60564655
adm4,MMR012006043,Tha Yet Taung,19.79730182,93.68804145
adm4,MMR012006044,Tat Yar,19.83726559,93.76931433
adm4,MMR012006045,Wa Baw Gyi,19.87148837,93.58989955
adm4,MMR012006046,Yae Shin,20.02559384,93.49448602
adm4,MMR012006047,Yet Chaung,20.0806618,93.49119512
adm4,MMR012006048,Yoe Sa Nwin,20.06198697,93.54878858
adm4,MMR012006049,Yae Gaung Chaung,19.94992466,93.61518166
adm4,MMR012006050,Yae Ni Gyi,19.76953669,93.61551651
adm4,MMR012006051,Yae Kaung Chein,19.72839444,93.75291876
adm4,MMR012006052,Nga Pa Thon,19.69876441,93.52768141
adm4,MMR012006053,Ko Yan Pyin,19.84135507,93.48238922
adm4,MMR012006054,Htu Che,20.03445428,93.36496312
adm4,MMR012006055,Wet Gaung,20.12404271,93.33125538
adm4,MMR012006056,Nga Sin Pone,20.09407622,93.45777891
adm4,MMR012006057,Oke Kan,20.00139504,93.55593466
adm4,MMR012006058,Maung Shin,20.0994538,93.43277533
adm4,MMR012006059,Thin Paung Chaung,19.80009565,93.6438633
adm4,MMR012006060,Kyauk Hpyar,19.69838224,93.74783872
adm4,MMR012006701,Urban,20.055359,93.36639467
adm4,MMR012006702,Urban,19.8525647,93.76111823
adm4,MMR012007001,Nat Taung Pyin,20.19698962,93.05344943
adm4,MMR012007002,Ywar Chaung Gyi,20.20891658,93.0748879
adm4,MMR012007003,Nga Khu Shey,20.24234052,93.10812446
adm4,MMR012007004,Tha Yet Cho,20.25726801,93.0659779
adm4,MMR012007005,Nga Khu Chaung,20.26715396,93.07361753
adm4,MMR012007006,Saing Toke,20.17405337,93.09597726
adm4,MMR012007007,Thar Si,20.16542367,93.12751708
adm4,MMR012007008,Gyin Dway,20.1470307,93.12526113
adm4,MMR012007009,Pyun Khaung,20.17805255,93.1713234
adm4,MMR012007010,Chaung Zauk,20.1535764,93.19890358
adm4,MMR012007011,Thit Poke,20.12551399,93.21457451
adm4,MMR012007012,Pon Nar Gyi,20.09282534,93.17946574
adm4,MMR012007013,Ah Lel Kyun,20.14393255,93.15908656
adm4,MMR012007014,Chaung Thar Gyi,20.11650258,93.12855296
adm4,MMR012007015,Sin Paik,20.07320002,93.14115994
adm4,MMR012007016,Myint Gar,20.10380089,93.03703229
adm4,MMR012007017,Kan Seik,20.08971121,93.1052212
adm4,MMR012007018,Taung Poke Kay,20.1262125,93.08781413
adm4,MMR012007019,Zee Cho Maw,20.11065117,93.06527085
adm4,MMR012007020,Nan Tet Kyun,20.15073109,93.07881893
adm4,MMR012007021,Ku Lar Chaung,20.378499,93.1944796
adm4,MMR012007022,Thin Pone Chaung,20.35052076,93.15361607
adm4,MMR012007023,Yin Ye Kan,20.34558958,93.19063166
adm4,MMR012007024,Let Ma Yar,20.24858201,93.14242294
adm4,MMR012007025,Chaung Nwe,20.29364817,93.19006174
adm4,MMR012007026,Kan Myint,20.30523051,93.14579388
adm4,MMR012007027,Ngwe Dwin Dway,20.2869468,93.10546317
adm4,MMR012007028,Nga Wet Swei,20.32938921,93.05595152
adm4,MMR012007029,Se Thone Tan,20.33275716,93.08721433
adm4,MMR012007030,Hin Kha Yaw,20.36480706,93.10394641
adm4,MMR012007031,Gan Kya,20.33034859,93.11097042
adm4,MMR012007032,Kan Pyin Ywar Haung,20.07080669,93.08093652
adm4,MMR012007033,Nga Pyi Tet,20.03103167,93.11643115
adm4,MMR012007034,Kyauk Taung,20.04968692,93.05007553
adm4,MMR012007035,Myauk Pyin,19.99482496,93.10065552
adm4,MMR012007036,Hpa Tu Gyi,19.86728282,93.12935386
adm4,MMR012007037,Tha Yet Chaung,20.05069893,93.1285441
adm4,MMR012007038,Kyauk Su,20.00943795,93.14723694
adm4,MMR012007039,Byaing Thit,19.89749797,93.20149551
adm4,MMR012007040,Taung Nyo,20.17618529,93.03778579
adm4,MMR012007041,Tha Win Chaung,20.15929125,93.00728126
adm4,MMR012007042,Taung Hpu,20.15285332,92.99977433
adm4,MMR012007043,Nga Pyi Kyun,20.21128318,92.96417289
adm4,MMR012007044,Ah Wa Kan,20.17959245,93.0104751
adm4,MMR012007045,Kyein Khway Maw,20.20259135,93.01729465
adm4,MMR012007046,Ma Naw Thi Ri,20.23693749,93.01497651
adm4,MMR012007047,Let Pan Pyar,20.26666182,93.0313278
adm4,MMR012007048,Thea Chaung,20.23203402,93.05526156
adm4,MMR012007049,Pein Hne Chaung,20.09826707,93.01133243
adm4,MMR012007050,Pyaing Taung,19.94848589,93.00340801
adm4,MMR012007051,Sin Tet Maw,19.95665048,93.06464979
adm4,MMR012007052,Gyin Chaung,19.957774,92.98376808
adm4,MMR012007053,Chaung Wa,20.06872032,92.94561673
adm4,MMR012007701,Urban,20.1758093,93.0594654
adm4,MMR012008001,Thein Taung,20.59859375,92.64742938
adm4,MMR012008002,Hpet Leik,20.62522674,92.65051311
adm4,MMR012008003,Kyein Tan,20.60676285,92.66781265
adm4,MMR012008004,Pyin Shey,20.58760676,92.68408126
adm4,MMR012008005,Zay Di Pyin,20.57401953,92.67480003
adm4,MMR012008006,Chut Pyin,20.58801174,92.62451317
adm4,MMR012008007,Ah Htet Nan Yar,20.53947516,92.63647796
adm4,MMR012008008,Pauk Pin Yin (Pauk Taw),20.54390946,92.66600408
adm4,MMR012008009,Auk Nan Yar,20.55804656,92.67519422
adm4,MMR012008010,Kyaung Taung,20.54967712,92.71801417
adm4,MMR012008011,Gwa Son,20.53890384,92.6845026
adm4,MMR012008012,Ka Nyin Chaung,20.52030341,92.7122287
adm4,MMR012008013,Kyun Paw,20.5202738,92.68447549
adm4,MMR012008014,Pan Hpaw Pyin,20.51501747,92.65392315
adm4,MMR012008015,Mi Nyo Htaunt,20.50345867,92.67539185
adm4,MMR012008016,Thit Ka Toe,20.49051979,92.66074311
adm4,MMR012008017,Yan Aung Pyin,20.48378398,92.69992235
adm4,MMR012008018,Kon Tan,20.45884746,92.68343585
adm4,MMR012008019,Pyar Pin Yin,20.49669941,92.70390752
adm4,MMR012008020,Nyaung Pin Hla,20.4746012,92.72195105
adm4,MMR012008021,Nat Chaung,20.45914479,92.71513288
adm4,MMR012008022,Myin Hpu,20.44560707,92.68227179
adm4,MMR012008023,Kyauk Sar Taing,20.46550559,92.66800339
adm4,MMR012008024,Aung Seik,20.42358804,92.68519528
adm4,MMR012008025,Kaung Ri Chaung,20.43771324,92.71960735
adm4,MMR012008026,Than Chaung,20.39937444,92.68944976
adm4,MMR012008027,Paung Zar,20.41667872,92.72114244
adm4,MMR012008028,Tha Yet Chaung,20.38754852,92.72345251
adm4,MMR012008029,Laung Chaung,20.37719552,92.70373229
adm4,MMR012008030,Ka Paing,20.35448006,92.71627482
adm4,MMR012008031,Koe Tan Kauk,20.42540139,92.65579558
adm4,MMR012008032,Done Paik,20.37435075,92.68074412
adm4,MMR012008033,Aung Ba La,20.33593072,92.69558925
adm4,MMR012008034,Ku Lar Chaung,20.32357812,92.72184308
adm4,MMR012008035,Ah Ngu Maw Kone Tan,20.27840806,92.72528727
adm4,MMR012008036,Ah Ngu Maw,20.29045006,92.73251745
adm4,MMR012008037,Sin Khone Taing,20.71564828,92.65246262
adm4,MMR012008038,Oke Hpo (Oe Hpauk),20.69116733,92.6654159
adm4,MMR012008039,Ohn Chaung,20.67944331,92.68404888
adm4,MMR012008040,Yet Khone Taing,20.67160553,92.67090784
adm4,MMR012008041,Zee Khaung,20.66022105,92.69900255
adm4,MMR012008042,Yae Gaung Chaung,20.72195535,92.71747143
adm4,MMR012008043,Pe Tha Du,20.69467379,92.74288826
adm4,MMR012008044,Nga San Baw,20.64719338,92.72934874
adm4,MMR012008045,Pyein Taw,20.64102904,92.69584001
adm4,MMR012008046,Yae Myet,20.61339458,92.71759814
adm4,MMR012008047,Tha Mee Hla,20.59342697,92.73571842
adm4,MMR012008048,Yae Soe Chaung,20.66452655,92.75808413
adm4,MMR012008049,Kyauk Yan Thar Si,20.6367999,92.75784574
adm4,MMR012008050,Kyauk Tan,20.61192517,92.77349678
adm4,MMR012008051,Nwar Hla Kyaw,20.58919399,92.78072587
adm4,MMR012008052,Htee Swea,20.57495324,92.74860592
adm4,MMR012008053,Thaung Da Rar,20.55795086,92.76192403
adm4,MMR012008054,La Mone Taing,20.56359018,92.80345201
adm4,MMR012008055,Sa Par Htar,20.53848987,92.78102071
adm4,MMR012008056,Kha Naung Gyi,20.51933437,92.74738837
adm4,MMR012008057,Nga Tauk Tu Gyi,20.51686057,92.77418343
adm4,MMR012008058,Lay Gwa Son,20.52339677,92.79831473
adm4,MMR012008059,Nga Tauk Tu Chay,20.49520075,92.76421911
adm4,MMR012008060,Pauk Taw,20.46019872,92.7676705
adm4,MMR012008061,Pyar Chaung Gyi,20.48934394,92.78870809
adm4,MMR012008062,Bar Ta Lay,20.52361443,92.83083595
adm4,MMR012008063,Htun Ya Wai,20.48392085,92.81460861
adm4,MMR012008064,Kyein Thar,20.49412078,92.84143682
adm4,MMR012008065,Soe May,20.4621673,92.83492748
adm4,MMR012008066,Lay Kan (Pauk Taw Gyi),20.46211759,92.79894965
adm4,MMR012008067,Say Oe Kya,20.44004067,92.82769326
adm4,MMR012008068,Na Gar Mauk,20.43195715,92.84718885
adm4,MMR012008069,Tin Koke,20.4120761,92.83736125
adm4,MMR012008070,Min Kan,20.42911896,92.81188504
adm4,MMR012008071,Ku Taung,20.42615707,92.77960416
adm4,MMR012008072,Ah Nauk Pyin,20.3994704,92.79492676
adm4,MMR012008073,Shwe Laung Tin (Paik Seik),20.36992848,92.74698109
adm4,MMR012008074,Myin Gan Chaung,20.3852792,92.79237728
adm4,MMR012008075,U Gar,20.36412612,92.80892032
adm4,MMR012008076,Thar Si Htaunt,20.39044874,92.8180111
adm4,MMR012008077,Hpyu Chaung,20.35050427,92.84201561
adm4,MMR012008078,Yae Paik Son,20.34791328,92.82124681
adm4,MMR012008079,Kyet Yoe Seik,20.3389572,92.80303298
adm4,MMR012008080,Kan Pyin,20.36504608,92.77772953
adm4,MMR012008081,Kat Chaung,20.34888726,92.78802212
adm4,MMR012008082,Nyaung Pin Gyi,20.3121208,92.77348305
adm4,MMR012008083,Sar Pyin Chay,20.30288914,92.78902339
adm4,MMR012008084,Kyun Gyi,20.32424593,92.79913863
adm4,MMR012008085,Nyaung Pin Lel,20.3262274,92.81753934
adm4,MMR012008086,Sar Pyin Gyi,20.29862718,92.8183934
adm4,MMR012008087,Let Pan Pin Yin,20.31778682,92.84147081
adm4,MMR012008088,Zee Kaing,20.31991789,92.85634952
adm4,MMR012008701,Urban,20.48352652,92.75417005
adm4,MMR012009001,In Tu Lar,21.40241908,92.28619571
adm4,MMR012009002,Tat Chaung,21.42260877,92.37835188
adm4,MMR012009003,Kar Lar Day Hpet,21.34870313,92.35189058
adm4,MMR012009004,Ye Aung San Ya Hpway,21.32491225,92.35380881
adm4,MMR012009005,Kyaung Na Hpay,21.28663588,92.34624941
adm4,MMR012009006,Aung Zan,21.33412466,92.23551381
adm4,MMR012009007,Hlaing Thi,21.2861715,92.24341837
adm4,MMR012009009,Nga Yant Chaung,21.23917313,92.25756217
adm4,MMR012009010,Thit Tone Nar Gwa Son,21.24962355,92.34141332
adm4,MMR012009011,Nan Yar Kaing,21.25462072,92.30979372
adm4,MMR012009012,Ta Man Thar,21.22365226,92.31733479
adm4,MMR012009013,Thet Kaing Nyar,21.19139248,92.33025333
adm4,MMR012009014,Yae Nauk Ngar Thar,21.20765809,92.32206197
adm4,MMR012009015,Myaw Chaung,21.07900581,92.30558654
adm4,MMR012009016,Myo Mi Chaung,21.08816482,92.32402236
adm4,MMR012009017,San Kar Pin Yin,21.12194825,92.3062589
adm4,MMR012009018,Min Gyi (Tu Lar Tu Li),21.13281918,92.32636866
adm4,MMR012009019,Nat Chaung,21.190372,92.28920311
adm4,MMR012009020,Kyein Chaung,21.09587832,92.36777617
adm4,MMR012009021,Pa Da Kar Ywar Thit,21.15614761,92.35039314
adm4,MMR012009022,Wet Kyein,21.13014431,92.36103229
adm4,MMR012009023,Done Paik (Aung Seik Pyin),21.1075925,92.35760869
adm4,MMR012009024,Sa Bai Kone,21.05740932,92.3417565
adm4,MMR012009025,Laung Don,21.07140208,92.34576498
adm4,MMR012009026,Ngar Sar Kyu,21.03842054,92.35724281
adm4,MMR012009027,Kyet Yoe Pyin,21.02593692,92.37495773
adm4,MMR012009028,Doe Tan,21.04133427,92.31243255
adm4,MMR012009029,Ah Htet Pyu Ma,21.05740932,92.30145453
adm4,MMR012009030,Pyu Ma Ka Nyin Tan,21.03551842,92.27997735
adm4,MMR012009031,Kat Pa Kaung,21.01503195,92.30929441
adm4,MMR012009032,Myo Thit,21.03117559,92.30305018
adm4,MMR012009033,Yae Myet Taung,21.01114861,92.32553158
adm4,MMR012009034,Nga Khu Ya,21.01338267,92.28346876
adm4,MMR012009035,Chan Pyin,20.98985913,92.28776966
adm4,MMR012009036,Yae Twin Kyun,20.96392356,92.2960164
adm4,MMR012009037,Ywet Nyo Taung,20.94422897,92.29873187
adm4,MMR012009038,U Shey Kya,20.99437161,92.31475761
adm4,MMR012009039,Pwint Hpyu Chaung,20.99350536,92.34106821
adm4,MMR012009040,Kyar Gaung Taung,20.98160603,92.32023969
adm4,MMR012009041,Yae Khat Chaung Gwa Son,20.97001352,92.32689723
adm4,MMR012009042,Dar Gyi Zar,20.95323547,92.34256444
adm4,MMR012009043,Ngan Chaung,21.00980271,92.36690088
adm4,MMR012009044,Myaw Taung,20.97572121,92.34229864
adm4,MMR012009045,Hpar Wut Chaung (Ywar Thit),20.98888713,92.36884291
adm4,MMR012009046,Tha Yet Oke,20.93368377,92.31756708
adm4,MMR012009047,Maung Hnit Ma,20.95724496,92.37676488
adm4,MMR012009048,Kyauk Pyin Seik,20.9277298,92.36537063
adm4,MMR012009049,Thu U Lar,20.93889247,92.33753164
adm4,MMR012009050,Shwe Zar Kat Pa Kaung,20.84217486,92.35550329
adm4,MMR012009051,Kyee Kan Pyin,20.92413481,92.40055195
adm4,MMR012009052,Hla Poe Khaung,20.91548114,92.3492047
adm4,MMR012009053,Kyauk Hlay Kar,20.90100275,92.3489513
adm4,MMR012009054,Thet Kay Pyin,20.91274245,92.36956354
adm4,MMR012009055,Zin Paing Nyar,20.88899323,92.36699278
adm4,MMR012009056,Min Ga Lar Gyi (Pyin Hpyu),20.89627778,92.32754152
adm4,MMR012009057,Nwar Yon Taung,20.88055065,92.40432297
adm4,MMR012009058,Ka Nyin Taw,20.87428554,92.35889346
adm4,MMR012009059,Paung Zar,20.86894884,92.33937487
adm4,MMR012009060,Thi Ho Kyun,20.86122012,92.42514536
adm4,MMR012009064,Nyaung Chaung,20.81303744,92.41756196
adm4,MMR012009065,Pan Taw Pyin,20.79982814,92.38140902
adm4,MMR012009066,Tat U Chaung,20.80403698,92.42979247
adm4,MMR012009067,Pa Din,20.78012413,92.38009494
adm4,MMR012009068,(Du) Nyaung Pin Gyi,20.76769695,92.39669337
adm4,MMR012009069,(Du) Chee Yar Tan,20.78787079,92.44735824
adm4,MMR012009070,Ywar Thit Kay (Gaw Du Thar Ra),20.76211512,92.44461399
adm4,MMR012009071,(Pa) Nyaung Pin Gyi,20.7346222,92.40234245
adm4,MMR012009072,U Daung,20.66567803,92.47118209
adm4,MMR012009073,Kan Hpu,20.69661236,92.49068549
adm4,MMR012009074,Ah Lel Than Kyaw,20.67933491,92.4397825
adm4,MMR012009075,Than Dar,20.70636243,92.43800613
adm4,MMR012009076,War Cha,20.70732572,92.46403659
adm4,MMR012009077,Chein Khar Li,20.69253231,92.45649252
adm4,MMR012009078,Zaw Ma Tet,20.72674895,92.47263465
adm4,MMR012009079,Ka Nyin Tan (a) Alel Than Kyaw Ka Nyin Tan,20.70200133,92.40869381
adm4,MMR012009080,Tha Yae Kone Tan,20.74102802,92.45865286
adm4,MMR012009081,Kyaung Taung,20.67735292,92.50999825
adm4,MMR012009082,Tha Pyay Taw,20.63890254,92.48814964
adm4,MMR012009084,Kyauk Pan Du,20.56376186,92.56496179
adm4,MMR012009085,Thin Baw Kwe,20.53939132,92.58239174
adm4,MMR012009086,Inn Din,20.51186406,92.59958271
adm4,MMR012009087,Tha Win Chaung,20.48337582,92.62212035
adm4,MMR012009088,Aung Zay Ya (Nyein Chan Yay),20.90099311,92.41080884
adm4,MMR012009089,Mee Taik,21.20674626,92.24179572
adm4,MMR012009090,Taung Pyo Let Yar,21.18111719,92.19433693
adm4,MMR012009091,Kun Thee Pin,21.13609155,92.21670624
adm4,MMR012009092,Thea Chaung,21.1697756,92.25412664
adm4,MMR012009093,Leik Ya,21.11040702,92.24655134
adm4,MMR012009094,Kyun Pauk Sin Oe,21.10774093,92.2800808
adm4,MMR012009095,Zee Pin Chaung,21.06731813,92.28443323
adm4,MMR012009096,Yae Twin Pyin,21.05102701,92.27617272
adm4,MMR012009097,Kyun Pauk Pyu Su,21.08195217,92.27621147
adm4,MMR012009098,Kyauk Chaung,21.09460051,92.26030361
adm4,MMR012009701,Urban,20.83042469,92.40992275
adm4,MMR012009702,Urban,21.20474569,92.20144076
adm4,MMR012009703,Urban,21.26745949,92.28229646
adm4,MMR012009704,Urban,20.60598755,92.53794397
adm4,MMR012010001,Ba Da Kar,21.28490188,92.46042994
adm4,MMR012010002,Kyaung Taung,21.19911825,92.40077239
adm4,MMR012010003,Tin May,21.1849546,92.48426217
adm4,MMR012010004,Goke Pi,21.11671533,92.46971636
adm4,MMR012010005,Kyun Pauk,21.12612564,92.41321828
adm4,MMR012010006,Myauk Ye (a) Pan Be Chaung,21.06715472,92.44252476
adm4,MMR012010007,Zee Hton,21.03135771,92.43468714
adm4,MMR012010008,Ba Da Nar,20.99320687,92.42886538
adm4,MMR012010009,Laung Chaung,20.94895526,92.44329818
adm4,MMR012010010,Tat Min Chaung,20.91027229,92.45604634
adm4,MMR012010011,Nga/ Kyin Tauk,20.93238599,92.48706141
adm4,MMR012010012,Mee Kyaung Khaung Swea,20.95888547,92.49851327
adm4,MMR012010013,Inn Chaung,20.98295683,92.49166429
adm4,MMR012010014,Nga Yant Chaung,21.0078375,92.51359589
adm4,MMR012010015,Yin Ma Kyaung Taung,21.0343467,92.50866812
adm4,MMR012010016,Ta Ra Gu,21.07767158,92.52626037
adm4,MMR012010017,Thin Ga Net,20.98336249,92.5289203
adm4,MMR012010018,Mee Chaung Zay,20.9558227,92.53906512
adm4,MMR012010019,Dar Paing Sa Yar,20.94267581,92.51778213
adm4,MMR012010020,Maung Gyi Taung,20.90902761,92.52406536
adm4,MMR012010021,Chin Tha Mar,20.92330988,92.54315729
adm4,MMR012010022,Kyauk Taung (a) Pyin Shey,20.92131349,92.56843771
adm4,MMR012010023,San Hnyin Wai,20.92097893,92.5953072
adm4,MMR012010024,Oke Taung,20.96713702,92.56626102
adm4,MMR012010025,Kha Maung Chaung,21.16802574,92.5812494
adm4,MMR012010026,Laung Yon,21.15291239,92.67183025
adm4,MMR012010027,Aw Ra Ma (a) Yee Chaung Pyin Hla,20.99008237,92.66348645
adm4,MMR012010028,Aye Yar Cha,20.93046937,92.62358317
adm4,MMR012010029,Ka Nyin Chaung,20.87141477,92.63038002
adm4,MMR012010030,Da Pyu Chaung,20.85432816,92.58415644
adm4,MMR012010031,Tha Yet Kin Ma Nu,20.87687922,92.5822109
adm4,MMR012010032,Kun Taing (a) Zee Pin Taung,20.87275775,92.56293459
adm4,MMR012010033,Nan Yar Kone,20.88586524,92.55149638
adm4,MMR012010034,Ywar Ma,20.8883401,92.52532971
adm4,MMR012010035,Let Wea Det Pyin Shey,20.8668355,92.50920056
adm4,MMR012010036,Kyauk Hpyu Taung,20.88562892,92.45756242
adm4,MMR012010037,Let Wea Det Pu Zun Chaung,20.88659125,92.49024516
adm4,MMR012010038,Ba Gone Nar,20.83141543,92.49371745
adm4,MMR012010039,Ka Kyet Bet Kan Pyin,20.85649241,92.54017546
adm4,MMR012010040,Ka Kyet Bet,20.83958539,92.54687593
adm4,MMR012010041,Myaung Nar,20.82034408,92.5280273
adm4,MMR012010042,Ah Lel Chaung,20.81457569,92.54115356
adm4,MMR012010043,Kin Chaung,20.78750674,92.51108197
adm4,MMR012010044,U Hla Hpay,20.81825273,92.5657831
adm4,MMR012010045,Ywet Nyo Taung,20.84600863,92.56478012
adm4,MMR012010046,Ah Twin Hnget Thay,20.81710501,92.59060666
adm4,MMR012010047,Kin Taung (a) Kyar Nyo Pyin,20.829132,92.60137784
adm4,MMR012010048,Pyin Chaung,20.88066795,92.68409194
adm4,MMR012010049,Tha Yet Pyin,20.80911681,92.65006112
adm4,MMR012010050,Lay Myo,20.8024284,92.59485401
adm4,MMR012010051,Hpon Nyo Leik,20.79143622,92.60899242
adm4,MMR012010052,Wa Ra Kyun,20.78228315,92.58272218
adm4,MMR012010053,Tha Peik Taung,20.77918767,92.55639226
adm4,MMR012010054,Sein Hnyin Pyar,20.75876207,92.5075445
adm4,MMR012010055,Gu Dar Pyin,20.7417543,92.5311455
adm4,MMR012010056,Hpoe Khaung Chaung (a) Kan Pyin,20.74730089,92.56141087
adm4,MMR012010057,U Kyaw (a) Thar Zin,20.7457928,92.5777868
adm4,MMR012010058,Hpa Yar Pyin Thein Tan,20.7390895,92.60522626
adm4,MMR012010059,Say Oe Kya,20.76276638,92.59464599
adm4,MMR012010060,Kyauk Yan,20.77234061,92.62893383
adm4,MMR012010061,San Goe Taung,20.77958595,92.68092469
adm4,MMR012010062,Sa Par Htar,20.75395283,92.68998417
adm4,MMR012010063,Say Taung,20.70767418,92.68542478
adm4,MMR012010064,Thaing Ta Poke,20.68069432,92.69897091
adm4,MMR012010065,Wet Ma Kya (a) Zay Di Taung,20.72974088,92.6202542
adm4,MMR012010066,Thay Kan Gwa Son,20.70846986,92.62328037
adm4,MMR012010067,Kyauk Hpyu Thar Thay Kan,20.71615001,92.59650869
adm4,MMR012010068,Hpa Yon Chaung,20.71203428,92.55255494
adm4,MMR012010069,Hpa Yar Pyin Aung Pa,20.67630854,92.5657777
adm4,MMR012010070,Ah Htet Kywe Cho Maw,20.66912116,92.61409477
adm4,MMR012010071,Thein Taung Pyin,20.64980213,92.58086901
adm4,MMR012010072,Pyaing Taung,20.64788175,92.6209824
adm4,MMR012010073,Du Pyin Shey,20.6761703,92.63289548
adm4,MMR012010074,Kywe Yine Khat,20.64915093,92.65108543
adm4,MMR012010075,Maung Hnit Ma (a) Pa Oe Thei Ma,20.62500716,92.63449762
adm4,MMR012010076,Du Oe Thei Ma,20.62656597,92.61627721
adm4,MMR012010077,Pauk Taw,20.61192021,92.58527039
adm4,MMR012010078,Nga Hlan Pyin,20.63097742,92.66580537
adm4,MMR012010701,Urban,20.87434499,92.52502535
adm4,MMR012011003,Thea Tan,19.47710173,93.60565773
adm4,MMR012011004,Thea Chaung,19.46912811,93.62821155
adm4,MMR012011005,Ma Day Kyun,19.35683779,93.66166087
adm4,MMR012011006,Gone Chein,19.40747571,93.50952021
adm4,MMR012011007,Ohn Taw,19.39353579,93.54584784
adm4,MMR012011008,Kan Dee,19.36467915,93.53961537
adm4,MMR012011009,Chaung Wa,19.33201216,93.55779265
adm4,MMR012011010,Min Pyin,19.28150328,93.55324505
adm4,MMR012011011,Leik Kha Maw,19.34478782,93.50176668
adm4,MMR012011012,Kyauk Pyauk,19.24169291,93.58923274
adm4,MMR012011013,Kat Tha Pyay,19.37397369,93.57410771
adm4,MMR012011014,Kyat Tein,19.34749616,93.57438445
adm4,MMR012011015,Sit Taw,19.37910574,93.60326228
adm4,MMR012011016,Thaing Chaung,19.31521682,93.58144867
adm4,MMR012011017,Doe Ma Taung,19.33434678,93.60141748
adm4,MMR012011018,Saing Chon,19.3994896,93.57993778
adm4,MMR012011019,U Gin,19.35566805,93.61969955
adm4,MMR012011020,Nga Seint Pyin,19.31426234,93.64269589
adm4,MMR012011021,Sin Boke,19.30424604,93.60947872
adm4,MMR012011022,Nga Lone Su,19.26900528,93.63425762
adm4,MMR012011023,Zin Chaung,19.14194221,93.65500187
adm4,MMR012011024,Than Chaung,19.17149918,93.61776665
adm4,MMR012011025,Ka Lant Te,19.11385661,93.66796825
adm4,MMR012011026,Ta Bet,19.15433783,93.67695275
adm4,MMR012011027,Min Yat,19.2022493,93.62073188
adm4,MMR012011028,Kin Myauk,19.09346113,93.6752196
adm4,MMR012011029,Kaing Chaung,19.21818885,93.76508762
adm4,MMR012011030,Lay Pon Kyauk,19.23450823,93.69212454
adm4,MMR012011031,Ah Lel Dwein,19.26407635,93.71220083
adm4,MMR012011032,Sa Ne Min Pyin,19.19368992,93.74410999
adm4,MMR012011033,Kyauk Taung Pyein,19.16679324,93.70745596
adm4,MMR012011034,Ku Lar Kyan,19.13591742,93.72057918
adm4,MMR012011035,Hmyaw Chaung,19.22700605,93.72380196
adm4,MMR012011036,Yae Myet,19.19343094,93.69951391
adm4,MMR012011037,Ba Yar,19.18430079,93.66590049
adm4,MMR012011038,Ah Wa Taung,19.24766891,93.73030802
adm4,MMR012011039,Wa Pyay,19.27677417,93.67752519
adm4,MMR012011040,Min Chaung,19.34931177,93.8009737
adm4,MMR012011041,Ah Lan Chein,19.37357205,93.84948801
adm4,MMR012011042,Ya Ta Na,19.45282568,93.82148944
adm4,MMR012011043,Gant Gar,19.28728761,93.80999231
adm4,MMR012011044,Pan Taw Pyin,19.439843,93.77123957
adm4,MMR012011045,Chon Swei,19.47407807,93.8417788
adm4,MMR012011046,Kyauk Ngu,19.51049088,93.81616328
adm4,MMR012011047,Gyin Gyi,19.36919984,93.77573178
adm4,MMR012011048,Min Gan,19.4512973,93.70470188
adm4,MMR012011049,La Har Gyi,19.45362576,93.73904989
adm4,MMR012011050,Shwe Nyo Ma,19.50714125,93.72398896
adm4,MMR012011051,War Taung,19.4438258,93.67849322
adm4,MMR012011052,Te Chaung,19.51025936,93.66820776
adm4,MMR012011053,Kyauk Gyi Pyin,19.53767808,93.70410806
adm4,MMR012011054,Zin Kyun,19.54858643,93.64598765
adm4,MMR012011701,Urban,19.42243446,93.54619807
adm4,MMR012011702,Urban,19.21596079,93.73547888
adm4,MMR012012001,Zee Taw,18.86786542,93.490553
adm4,MMR012012002,Nga/Yone Taung,18.84344106,93.53400517
adm4,MMR012012003,Oe Wa,18.86793838,93.50652636
adm4,MMR012012004,Sun Pan Chaung,18.87025501,93.5424493
adm4,MMR012012005,Thit Pon,18.86051981,93.59851716
adm4,MMR012012006,Hmyaw Taw U,18.90682372,93.61120733
adm4,MMR012012007,Thit Wa,18.87971659,93.62578553
adm4,MMR012012008,Bu Yae Myet,18.85991964,93.63390015
adm4,MMR012012009,Be Inn,18.85949694,93.66220946
adm4,MMR012012010,Nga/Inn,18.8661696,93.69730114
adm4,MMR012012011,Kone Khin,18.8675349,93.7182422
adm4,MMR012012012,Kha Ohn Maw,18.87515154,93.73199497
adm4,MMR012012013,Thein Ba La,18.83119462,93.73435564
adm4,MMR012012014,Thein Kone,18.8417108,93.7019818
adm4,MMR012012015,Taw Htu,18.83536802,93.71689002
adm4,MMR012012016,Kin Te,18.80898588,93.70630005
adm4,MMR012012017,Kyee Nyo,18.78993781,93.6945504
adm4,MMR012012018,Let Me Pyin,18.79522686,93.6810833
adm4,MMR012012019,Min Seik Pyin,18.81725889,93.6914063
adm4,MMR012012020,Sa Mon Te,18.83397057,93.68166815
adm4,MMR012012021,Nyaung Pin Hla,18.78966715,93.65898585
adm4,MMR012012022,Nga/Pon Kone,18.80811552,93.63507536
adm4,MMR012012023,Kant Kaw Taw,18.82006856,93.6181127
adm4,MMR012012024,Ka Mar,18.81744676,93.56057949
adm4,MMR012012025,Pyin Kauk,18.78404962,93.56970916
adm4,MMR012012026,Mein Ma Kywei,18.75893598,93.58638589
adm4,MMR012012027,Ka Ei,18.72589473,93.62757566
adm4,MMR012012028,Pa Lin,18.70053571,93.66831182
adm4,MMR012012029,Kan Taing Oke,18.7028998,93.71510924
adm4,MMR012012030,Kan Zun,18.7509189,93.65876692
adm4,MMR012012031,Maung Ma Kan,18.75258517,93.70895384
adm4,MMR012012032,Mee Laung Htaunt,18.79854077,93.7188103
adm4,MMR012012033,Pan Hpe,18.78062345,93.73049761
adm4,MMR012012034,Thar Yar Kone,18.74571063,93.73877446
adm4,MMR012012035,Taik Kyun,18.72229462,93.81329905
adm4,MMR012012036,Ye Kyun,18.63507112,93.78961595
adm4,MMR012012701,Urban,18.85752408,93.73131196
adm4,MMR012013001,Pone Soe Pyin,19.16346285,93.74013019
adm4,MMR012013002,Se Khon,19.1472448,93.78624755
adm4,MMR012013003,Kant Kaw,19.13130923,93.75640647
adm4,MMR012013004,Ah Chwain Pyin,19.10042978,93.70691078
adm4,MMR012013005,Say Yin,19.06790986,93.69119667
adm4,MMR012013006,Ywar Pale,19.10823134,93.75613795
adm4,MMR012013007,Ah Twin Pyin,19.08175271,93.73919413
adm4,MMR012013008,Mee Kyaung Tet,19.10964118,93.72976128
adm4,MMR012013009,Chaung Hpyar (Yan Pauk),19.08126491,93.79707519
adm4,MMR012013010,Gwa Son,19.10081331,93.81134568
adm4,MMR012013011,Nga/Sa Mi,19.11199744,93.78563713
adm4,MMR012013012,Ywar Gyi,19.12368513,93.81820569
adm4,MMR012013013,Kon Baung,19.1447187,93.81780696
adm4,MMR012013014,Kyauk Sauk,19.1833274,93.8347308
adm4,MMR012013015,Ah Lel Chaung,19.200978,93.79664817
adm4,MMR012013016,Ku Lar Bone,19.24999146,93.89307324
adm4,MMR012013017,Yan Thit Gyi,19.16859117,93.87482816
adm4,MMR012013018,Yan Thit Chay,19.27571951,93.9838261
adm4,MMR012013019,Let Pan,19.12191927,93.87884335
adm4,MMR012013020,Kha Maung Chay Taing,19.08682462,93.83928544
adm4,MMR012013021,Ma Yut Chein,19.11057362,93.93054009
adm4,MMR012013022,Thin Baw Seik,19.07420749,93.90780266
adm4,MMR012013023,Wet Kaik Chaung,19.05849593,93.93143743
adm4,MMR012013024,Gaung Kwe Taung,19.01515939,93.89884413
adm4,MMR012013025,Thar Si Pyin,19.03286198,93.8457179
adm4,MMR012013026,Kyaung Pyein,19.04146006,93.772426
adm4,MMR012013027,Lay Taung Chaung,19.0594235,93.73838546
adm4,MMR012013031,Kyauk Na Gar,19.00005561,93.73654515
adm4,MMR012013032,Aung Hla Pyin,18.98426489,93.76905358
adm4,MMR012013033,Ah Nauk,18.98567431,93.74100205
adm4,MMR012013034,Let Pan Pyin,19.0081995,93.80838058
adm4,MMR012013035,Sin Thay Pyin (Sin Si),19.00019037,93.78102999
adm4,MMR012013036,Taw Kyar,18.95328179,93.88669227
adm4,MMR012013037,Than Chaung,19.00351593,93.93440665
adm4,MMR012013038,Pyin Chaung Gyi,19.03340106,93.94611696
adm4,MMR012013039,Myay Pon,18.98632065,93.95946988
adm4,MMR012013040,Nga Yant Chaung,18.95862762,93.93957735
adm4,MMR012013041,La Mu Chay,18.94444942,93.9688309
adm4,MMR012013042,Hone Wa,18.92485851,93.94428646
adm4,MMR012013043,Thit Poke Chein,18.94461439,93.92003939
adm4,MMR012013044,U Ga,18.94628293,93.83834059
adm4,MMR012013045,Thin Baung Chaung,18.91991763,93.85251453
adm4,MMR012013046,Yan Bye Nge Chaung Hpyar,18.90674362,93.9068256
adm4,MMR012013047,Chaung Wa,18.88269624,93.92461886
adm4,MMR012013048,Kyauk Ni Maw,18.9033816,93.9509141
adm4,MMR012013049,Nga/Tha Moke,18.81619419,93.95537743
adm4,MMR012013050,Yae Kaung Chaung,18.79949122,93.96667602
adm4,MMR012013051,Ma Kyay,18.73834851,93.99329521
adm4,MMR012013701,Urban,19.09221609,93.86107495
adm4,MMR012013702,Urban,19.04201756,93.70369583
adm4,MMR012014001,Ann (North),19.80506601,93.98025042
adm4,MMR012014002,Auk,19.76911906,94.04986834
adm4,MMR012014003,Ann (South),19.87298478,94.16625703
adm4,MMR012014004,Ge Laung,19.73642292,93.94291229
adm4,MMR012014005,Zu Kaing,19.91537393,93.82438857
adm4,MMR012014006,Kin Chay,19.56122521,93.90118462
adm4,MMR012014007,Ga Nan Pyin,19.6291296,93.76941368
adm4,MMR012014008,Lone Kauk,19.703547,94.04399444
adm4,MMR012014009,Laung Done Kwin,19.60097437,93.92707966
adm4,MMR012014010,Let Khwar Tway,19.56745284,93.82522509
adm4,MMR012014011,Myanmar Boke Chaung,19.97436791,94.04678296
adm4,MMR012014012,Me Let Maung,19.84917703,93.85283134
adm4,MMR012014013,Hmwar,19.49404637,94.03428538
adm4,MMR012014014,Nyaung Chaung,19.61793758,93.82702566
adm4,MMR012014015,Nwar Yon Taung,19.46926089,93.9505601
adm4,MMR012014016,Pon Na Wa,19.9982076,94.17144283
adm4,MMR012014017,Hpet Chaung,19.51363611,93.90309686
adm4,MMR012014018,Yu,19.76209836,93.84682177
adm4,MMR012014019,Sat Si,19.80468945,94.17390386
adm4,MMR012014020,Sa Khan Maw,19.66128072,94.17631869
adm4,MMR012014021,Sa Ne,19.45152486,94.11532279
adm4,MMR012014022,Dar Let,20.22637432,93.92264941
adm4,MMR012014023,Thar Si,19.70179908,93.8571729
adm4,MMR012014024,Taik Maw,19.62620663,93.98888198
adm4,MMR012014025,Tan Tin,19.54807651,94.01361972
adm4,MMR012014026,Taung Hpi Lar,19.513723,93.96385139
adm4,MMR012014027,Yae Boke,19.63364217,93.87736117
adm4,MMR012014028,Kyauk Myaung,19.38382565,93.91487958
adm4,MMR012014029,Zin Taw,19.54390448,93.86428583
adm4,MMR012014701,Urban,19.78342015,94.03173815
adm4,MMR012014702,Urban,19.80725313,94.04720991
adm4,MMR012015001,Auk Nat Maw,18.64413955,94.28662469
adm4,MMR012015002,Kha Maung Tone,18.63374416,94.25591034
adm4,MMR012015003,Nat Maw,18.59449562,94.28425731
adm4,MMR012015004,Shwe Hlay,18.60977849,94.32600097
adm4,MMR012015005,Hpa Yar Maw,18.64182727,94.34433132
adm4,MMR012015006,Yae Kauk,18.48666492,94.65239325
adm4,MMR012015007,Gwayt Chaung,18.58533502,94.35751888
adm4,MMR012015008,Pwint Hpyay,18.57142054,94.41994464
adm4,MMR012015009,Hmyawt Wan,18.55443101,94.41775521
adm4,MMR012015010,Kyet Sar Chaung,18.551667,94.35487242
adm4,MMR012015011,Ah Lel,18.55946583,94.30289244
adm4,MMR012015012,Kyun Pauk,18.58005461,94.29820922
adm4,MMR012015013,Lin Mu Taung,18.49038974,94.40874236
adm4,MMR012015014,Zee Kone,18.52095965,94.39649084
adm4,MMR012015015,Shwe Hlaw,18.47570955,94.51427553
adm4,MMR012015016,Ta Yaw Taw,18.49919707,94.3775202
adm4,MMR012015017,An Taw,18.47630815,94.37816075
adm4,MMR012015018,Shin Aung,18.46855344,94.41411866
adm4,MMR012015019,Ah Htu,18.38508971,94.53993171
adm4,MMR012015020,Taung Nyo,18.53633078,94.26938789
adm4,MMR012015021,Kyaung Htaik,18.51756218,94.3356991
adm4,MMR012015022,Sin Gaung,18.58647815,94.25748796
adm4,MMR012015023,Kin Maw,18.5309123,94.32099982
adm4,MMR012015024,U Yin Pyin,18.51885545,94.2992133
adm4,MMR012015025,Kha Yan Maw,18.53843464,94.33615584
adm4,MMR012015026,Pyayt Wa,18.51863266,94.36523353
adm4,MMR012015027,Me Kyun,18.49685537,94.36803056
adm4,MMR012015028,Shwe Kyaung Pyin,18.47738462,94.34253627
adm4,MMR012015029,Chan Pyin,18.49750123,94.33901051
adm4,MMR012015030,Hmo Hin Pyin,18.48826759,94.31132933
adm4,MMR012015031,Ta Lin Seik,18.45516806,94.39941122
adm4,MMR012015032,U Yin Kwin,18.43638138,94.45841458
adm4,MMR012015033,Pa De Kaw,18.43048806,94.38942055
adm4,MMR012015034,Ka Nyin Kone,18.26258431,94.69464574
adm4,MMR012015035,Nan Chaung,18.44227581,94.34771816
adm4,MMR012015036,Kyauk Tan,18.40513711,94.36845646
adm4,MMR012015041,Than Pu Yar,18.34459944,94.40788316
adm4,MMR012015042,Tha Yet Pin Kwin,18.31660782,94.42168434
adm4,MMR012015043,Me Nei Kwin,18.36975076,94.45312448
adm4,MMR012015044,Thar Yar Kwin,18.41077118,94.42275642
adm4,MMR012015045,Boe Wa Kone,18.38780406,94.39318015
adm4,MMR012015046,Gon Min Chaung,18.37933971,94.3753088
adm4,MMR012015047,Sat Lel Hmyaw,18.36351239,94.40084491
adm4,MMR012015048,Kyee Kan,18.24100939,94.42516327
adm4,MMR012015049,Maw Yon,18.26184076,94.34201499
adm4,MMR012015050,Kyauk Ka Lat,18.2932661,94.3408107
adm4,MMR012015051,Kywe Thauk,18.29116637,94.41168694
adm4,MMR012015052,Pein Taw Gyi,18.25835463,94.4412955
adm4,MMR012015053,Ka Nyin Kwin,18.32464084,94.46699259
adm4,MMR012015054,Ka Na Kho,18.30758814,94.49756674
adm4,MMR012015055,Pauk Tu,18.24592794,94.55089136
adm4,MMR012015056,Kyauk Gyi,18.25432866,94.47202657
adm4,MMR012015057,Kyar Nyo,18.23078045,94.47791395
adm4,MMR012015058,Thit Ngoke To,18.18854046,94.47575587
adm4,MMR012015059,Pu Zun Hpyay,18.15576781,94.48068426
adm4,MMR012015060,Tone Taw,18.1660746,94.51604725
adm4,MMR012015061,Pyin Ma Khon,18.08846121,94.70771549
adm4,MMR012015062,Wet Htee Taung,18.18568259,94.44324718
adm4,MMR012015063,Let Pan Su,18.51116381,94.32736578
adm4,MMR012015701,Urban,18.46275736,94.35972384
adm4,MMR012015702,Urban,18.4416524,94.32418855
adm4,MMR012015800,,18.37514493,94.32034502
adm4,MMR012016001,Pauk Pyin,19.0236621,94.16920325
adm4,MMR012016002,Ta Ya Ba,19.002389,94.23178296
adm4,MMR012016003,Kin Taung,18.97135342,94.19883967
adm4,MMR012016004,Pa La War,19.04030488,94.33474549
adm4,MMR012016005,Ya Hpa Lay,18.95262088,94.30756725
adm4,MMR012016006,Tha Hpan Cho,18.95488064,94.27508242
adm4,MMR012016007,Pyin Chaung,19.05245788,94.2541333
adm4,MMR012016008,Kyet Kaing,18.95587113,94.2481036
adm4,MMR012016009,Kyauk Maung Hnit Ma,18.95057242,94.22352569
adm4,MMR012016010,Nga Lone Maw,18.96686164,94.17730288
adm4,MMR012016011,Mee Chaung Lu,18.99052018,94.1622387
adm4,MMR012016012,Kha Maung Chaing,18.98512799,94.12487008
adm4,MMR012016014,Let Pan Kyun,19.01997802,94.08499443
adm4,MMR012016015,Hlay Kar Htway,19.01790789,94.13824126
adm4,MMR012016016,Kyauk Seik Taung,18.98321656,94.07889665
adm4,MMR012016017,Myo Taung Gyi,18.94973883,94.07791652
adm4,MMR012016018,Moe,18.93774705,94.12261127
adm4,MMR012016019,Maung,18.92976198,94.18073858
adm4,MMR012016020,Yan Myo,18.89907765,94.18772521
adm4,MMR012016021,Mee Chaung Htoe,18.90216604,94.22200801
adm4,MMR012016022,Auk Kaing Shey,18.89405323,94.26225828
adm4,MMR012016023,Don,18.86961253,94.24091946
adm4,MMR012016024,Thin Chi Kaing,18.82807255,94.50249695
adm4,MMR012016025,Gyoe Gyar Kwin,18.74324174,94.52153512
adm4,MMR012016026,Yan Khaw,18.83903945,94.24466018
adm4,MMR012016027,Ta Ra Gu,18.78541334,94.26770677
adm4,MMR012016028,Kan Day,18.75813112,94.35592936
adm4,MMR012016029,Khu,18.69343918,94.22869239
adm4,MMR012016030,Gyi Wa,18.66816967,94.23658501
adm4,MMR012016031,Nyaung Pin Seik,18.69304212,94.33911372
adm4,MMR012016032,Kha Yaing,18.72016057,94.21825726
adm4,MMR012016033,Gyi Pyin,18.71552245,94.17265662
adm4,MMR012016034,Ku Lar Yaung,18.8068294,94.18570779
adm4,MMR012016035,Ah Shey Bet,18.88564536,94.11841812
adm4,MMR012016036,Nga Mauk Chaung,18.84463806,94.08233597
adm4,MMR012016037,Hpaung Khar,18.87038319,94.05012157
adm4,MMR012016038,Ka Lein Taung,18.91136455,94.06644013
adm4,MMR012016039,Tha Lein Pyin,18.85680819,94.1805139
adm4,MMR012016040,Taung,18.83132447,94.19481653
adm4,MMR012016041,Wet Kyeik,18.84717972,94.21975632
adm4,MMR012016042,Nat Maw,18.87780649,94.19880894
adm4,MMR012016043,Tha Dun,19.31388437,94.13789067
adm4,MMR012016044,Chet Hpauk,19.32777906,94.07889909
adm4,MMR012016045,Kyauk Wai,19.27385056,94.0843968
adm4,MMR012016046,Kyaw Kaing,19.24418357,94.11409347
adm4,MMR012016047,La Mu Maw,19.24428154,94.18002227
adm4,MMR012016048,Pa Dar,19.16310372,94.15042376
adm4,MMR012016049,Sar Pyin,19.131057,94.20923871
adm4,MMR012016050,Za Ni,19.06410027,94.1523516
adm4,MMR012016051,Let Pan,19.19727913,94.23649057
adm4,MMR012016052,Sin Tin Gyi Hpyu,19.2635532,94.25683535
adm4,MMR012016053,Bu Shwe Maw,19.22684268,94.13871149
adm4,MMR012016701,Urban,18.85357983,94.24643834
adm4,MMR012016702,Urban,19.34227003,94.13476391
adm4,MMR012016703,Urban,18.99729221,94.12933562
adm4,MMR012016901,,19.34589381,94.37746459
adm4,MMR012016902,,18.98030564,94.53518293
adm4,MMR012017001,Taing Kyoe,17.85828021,94.62180253
adm4,MMR012017002,Sat Thwar,17.79336297,94.49567574
adm4,MMR012017003,Sar Chet,17.80610515,94.64482293
adm4,MMR012017004,Sin Ku,17.79265561,94.55874438
adm4,MMR012017005,Shwe U Kwin,17.76333329,94.60549995
adm4,MMR012017006,Ma Dawt Kyaw,17.74782735,94.65760169
adm4,MMR012017007,Zee Kone,17.76884082,94.53196073
adm4,MMR012017008,Kin Pon,17.74269496,94.54925699
adm4,MMR012017009,Laung Kyoe,17.70432752,94.54402685
adm4,MMR012017010,Nyaung Chaung,17.68610074,94.56394211
adm4,MMR012017011,Shwe Twin Tu,17.71032016,94.57354774
adm4,MMR012017012,Tin Taw,17.65289065,94.56606085
adm4,MMR012017013,Ah Lel Chaung,17.68345995,94.60309293
adm4,MMR012017014,Ya Haing Hpyar,17.69405489,94.66671613
adm4,MMR012017015,Ya Haing Ku Toet,17.6511874,94.59390967
adm4,MMR012017016,Daung Chaung,17.61039818,94.68700893
adm4,MMR012017017,Ma Kyay Ngu (Shwe Ya Chaing),17.56178315,94.56098774
adm4,MMR012017018,Taung Pauk,17.48231407,94.5750906
adm4,MMR012017019,Chaung Thar Gyi,17.52749592,94.6695488
adm4,MMR012017020,Pauk Tu,17.4965089,94.73862281
adm4,MMR012017021,Da Ni,17.41820342,94.68941892
adm4,MMR012017022,Shauk Kone,18.12179314,94.4924293
adm4,MMR012017023,Zay Di Kwin,18.09886316,94.49977733
adm4,MMR012017024,Thea Kone (Kwin Thone Sint),18.07281466,94.52667458
adm4,MMR012017025,Taung Pat Lel,18.00436796,94.56352949
adm4,MMR012017026,Pone Hnyet,18.01963146,94.5007022
adm4,MMR012017027,Kyin Gyi,17.97720576,94.4707654
adm4,MMR012017028,Yae Kyaw,17.93397217,94.47850619
adm4,MMR012017029,Gant Gaw Taung,17.95387867,94.52657175
adm4,MMR012017030,Kaing Khon (Ta Khun Taing),17.94699113,94.51021012
adm4,MMR012017031,Ya Da Nar Myaing,17.93855714,94.49711697
adm4,MMR012017032,Ba Win (Let Pan Khon),17.84459078,94.79188255
adm4,MMR012017033,Kyway Chaing (Ku Toet Lay),17.8859502,94.56689268
adm4,MMR012017701,Urban,17.60363665,94.58344875
adm4,MMR012017702,Urban,18.00653677,94.49047446
adm4,MMR013001701,Urban,16.90282377,96.10389661
adm4,MMR013002001,Nwe Khway,17.03518073,96.15242822
adm4,MMR013002002,Kone Ta La Paung,17.01144624,96.15179207
adm4,MMR013002003,Shwe Nant Thar,16.98417621,96.16322717
adm4,MMR013002004,Pyin Ma Pin,16.99531331,96.13725306
adm4,MMR013002005,Thin Gan Kyun Gyi,16.95428284,96.16176311
adm4,MMR013002701,Urban,17.00762585,96.11312766
adm4,MMR013002702,Urban,17.05639172,96.13250221
adm4,MMR013003001,Tat Gyi Kone,17.0994525,96.06629807
adm4,MMR013003002,Hla Pa Dar,17.08954942,96.00653524
adm4,MMR013003003,Min,17.08599268,95.98093607
adm4,MMR013003004,Pet Tan,17.0516994,95.99150073
adm4,MMR013003005,Shwe Hlay Gyi,17.03611929,95.98079022
adm4,MMR013003006,Pa Thi,17.04228586,95.96277254
adm4,MMR013003007,Chaung Wa,17.07942479,95.96452174
adm4,MMR013003008,Hmaw Bi Chaung Wa,17.06526273,95.958691
adm4,MMR013003009,Hnaw Kone,17.1058898,95.97051733
adm4,MMR013003010,Bant Bway Kone,17.11070137,96.00961168
adm4,MMR013003011,Hle Ngoke Chaung,17.13862075,96.00342849
adm4,MMR013003012,Hpu Gyi,17.23996825,96.00281294
adm4,MMR013003013,Let Pan Tan Su,17.20440073,96.04723729
adm4,MMR013003014,War Pa Taw,17.18576713,96.01900547
adm4,MMR013003015,War Net Chaung Bu Tar,17.15374456,96.04295072
adm4,MMR013003016,Auk War Net Chaung,17.13141809,96.05679051
adm4,MMR013003018,Ku Lar Kone (U Htun Hla Ah Su),17.16686863,95.99319032
adm4,MMR013003019,Myo Chaung,17.12296308,95.95230801
adm4,MMR013003020,Kan Ka Lay (M),17.15034018,95.97687601
adm4,MMR013003021,Myaung Ta Kar,17.18805321,95.96425726
adm4,MMR013003022,Nyaung Kone,17.20367432,95.95196102
adm4,MMR013003023,Myit Kyoe,17.20995759,95.91832471
adm4,MMR013003024,Shwe Mya Yar Kone,17.2249309,95.95889388
adm4,MMR013003025,Pauk Kone,17.07615544,96.046468
adm4,MMR013003026,Than Day Pin,17.08291539,96.09708921
adm4,MMR013003028,Boe Daw Na Kone,17.13603219,96.09729769
adm4,MMR013003029,Nyaung Hnit Pin,17.11322152,96.13608496
adm4,MMR013003030,Yoe Gyi,17.02454568,96.04412317
adm4,MMR013003031,Moe Kyoe Pyit,17.04941647,96.03773863
adm4,MMR013003032,Yae Paw Theit,17.02126851,96.01931273
adm4,MMR013003033,Yin Taik Pin,17.06029891,96.08613124
adm4,MMR013003034,Thar Yar Kone,17.0454164,96.06040981
adm4,MMR013003035,Thea Kone,17.02443221,96.0643194
adm4,MMR013003036,Leik Poke Taw Ywar Gyi,17.05143738,96.07085353
adm4,MMR013003037,Ah Hta Yu,17.08171923,96.15480758
adm4,MMR013003038,In Hlyat,17.08460541,96.07243345
adm4,MMR013003039,Sat Thwar Taw,17.11344825,96.08063222
adm4,MMR013003701,Urban,17.09650998,96.03743346
adm4,MMR013004001,Hpaung Gyi (East),17.34634729,96.18276471
adm4,MMR013004002,Hpaung Gyi (West),17.31659637,96.16637944
adm4,MMR013004006,Gway Tauk Aing,17.2902103,96.21205446
adm4,MMR013004007,Kyun Ka Lay,17.08027155,96.19516933
adm4,MMR013004008,Thar Yar Kone,17.10498122,96.18511367
adm4,MMR013004009,Kyar Inn (West),17.19891645,96.12326866
adm4,MMR013004010,Kyauk Ku Din,17.17783363,96.24533434
adm4,MMR013004011,Ka Li Htaw (West),17.16643513,96.20076415
adm4,MMR013004012,Ka Li Htaw (East),17.1440374,96.23831387
adm4,MMR013004013,Haing Ku,17.27554263,96.14703231
adm4,MMR013004014,Sa Khan Gyi,17.12565422,96.22019443
adm4,MMR013004015,Ohn Hne Kone,17.1050086,96.2526155
adm4,MMR013004016,Pe Nan Toke,17.13169592,96.25384452
adm4,MMR013004017,War Net Kone,17.16298884,96.27534018
adm4,MMR013004018,Ye Mun,17.12680738,96.29536764
adm4,MMR013004020,Thu Ngeit Chaung,17.18796064,96.29725107
adm4,MMR013004021,Inn Taing,17.11096457,96.31729478
adm4,MMR013004022,Ah Lan Ga Po,17.11682641,96.33676658
adm4,MMR013004023,Saing Di Kone,17.11983655,96.36528896
adm4,MMR013004024,Kyee Kan Thaik,17.13191034,96.36421303
adm4,MMR013004025,Sar Bu Taung,17.26713075,96.27736698
adm4,MMR013004026,Nan Ti,17.24233137,96.21327552
adm4,MMR013004027,Dar Pein (South),17.01179599,96.33599089
adm4,MMR013004028,Nyaung Ta Chan,17.1174626,96.27113353
adm4,MMR013004029,Ta Khun Taing (Hlegu),17.08861428,96.26962045
adm4,MMR013004030,Kyun Kone,17.08389008,96.29030061
adm4,MMR013004031,Sar Ta Lin,17.06018146,96.30700464
adm4,MMR013004032,Tha Nat Pyin,17.08486583,96.31842002
adm4,MMR013004033,Shan Te Gyi (Upper),17.03943914,96.30239257
adm4,MMR013004034,War Yon Sun,17.06281849,96.34753818
adm4,MMR013004035,Swei Lat,17.09483675,96.36561354
adm4,MMR013004036,Hpe Kha Me,17.06794561,96.37993082
adm4,MMR013004037,Dar Pein (North),17.02824039,96.36692628
adm4,MMR013004039,Ma Au,16.97347752,96.36066836
adm4,MMR013004040,Ta Khun Taing (Insein),17.04045064,96.19385035
adm4,MMR013004041,Bar Lar Ta Dar Gyi,17.00265521,96.19879204
adm4,MMR013004042,Sin Hpon,16.96035099,96.20172486
adm4,MMR013004043,Sit Pin (North),16.97655465,96.22863821
adm4,MMR013004044,Ma Lit (West),17.00908904,96.23971597
adm4,MMR013004045,Zee Pin Wea,17.07223036,96.21740012
adm4,MMR013004046,Moke Soe Nyaung Pin,17.0677072,96.23906106
adm4,MMR013004047,Let Pan,17.06430368,96.26670675
adm4,MMR013004048,Paik Gyi Wea,17.08459368,96.24689263
adm4,MMR013004049,Boe Yin Ka Lay,17.03395594,96.26262637
adm4,MMR013004050,Ah Waing (West),17.01326433,96.26479322
adm4,MMR013004051,Min Kone,17.35175508,96.22020231
adm4,MMR013004052,Ngar Su Taung,17.19634323,96.1713724
adm4,MMR013004053,Ma Yan Chaung,17.38179275,96.24543769
adm4,MMR013004701,Urban,17.09933392,96.22275478
adm4,MMR013004901,,17.46891722,96.14634291
adm4,MMR013005001,Tar Gwa,17.27263106,95.96801272
adm4,MMR013005002,Lauk Lay Chaung,17.29198628,95.91934883
adm4,MMR013005003,Tha Yet Chaung,17.25259954,95.91478218
adm4,MMR013005004,Kyaik Sa Kaing,17.32931597,95.88382851
adm4,MMR013005005,Gyoe Hpyu,17.33448748,95.93541196
adm4,MMR013005006,Yin Taik Kwin,17.32236703,95.91391763
adm4,MMR013005007,U To,17.36295885,95.89510304
adm4,MMR013005008,Tha Nat Chaung Bu Tar,17.36690253,95.93633859
adm4,MMR013005009,Oke Pon,17.39610657,95.90198592
adm4,MMR013005010,Hpa Lon Kan Kone,17.42695101,95.90332806
adm4,MMR013005011,Kyar Inn,17.30781477,95.85892384
adm4,MMR013005012,Sin Sa Khan,17.35287293,95.98315095
adm4,MMR013005013,Chin Kone,17.38212866,95.98210423
adm4,MMR013005014,Lein Maw Chan,17.31785675,95.99535536
adm4,MMR013005015,Poke Ta,17.2608429,95.9405902
adm4,MMR013005016,Hpa Lon Bu Tar,17.44084499,95.90446073
adm4,MMR013005017,Sa Par Kaing,17.39973572,95.86305405
adm4,MMR013005018,Taung Yat Zee Kone,17.26266789,95.88139197
adm4,MMR013005019,Gawt,17.47012649,95.79348503
adm4,MMR013005020,Oke Kan Yae Thoe,17.40209466,95.83617155
adm4,MMR013005021,Kywe Boke,17.5441999,95.95892054
adm4,MMR013005022,Daik Inn,17.50650151,95.8061956
adm4,MMR013005023,Pa Ni Pin,17.51271702,95.86364086
adm4,MMR013005024,Yae Twin Kone,17.47906919,95.87733559
adm4,MMR013005025,Hpa Lon Ywar Ma,17.4316153,95.88100949
adm4,MMR013005026,Kun Chan Kone,17.42502357,95.86269069
adm4,MMR013005027,Kyi Pin La Har,17.4405679,95.84493831
adm4,MMR013005028,Oke Kan Kan Kone,17.44873059,95.85245963
adm4,MMR013005029,Oke Kan Ywar Ma,17.4662803,95.83085774
adm4,MMR013005030,Mee Nin Kan Kone,17.53753489,95.82280014
adm4,MMR013005031,Kin Pa Tee,17.48853181,95.96082724
adm4,MMR013005032,Aing Gyi,17.46939264,95.86861235
adm4,MMR013005033,Yin Taik Lay Pin,17.45715793,95.86668172
adm4,MMR013005034,Bwet Kone,17.55409863,95.84665041
adm4,MMR013005035,Taung Boet Hla,17.53575223,95.8706203
adm4,MMR013005036,Oke Kan Shan Su,17.43162861,95.82532254
adm4,MMR013005037,Pyin Ma Kone,17.40764542,95.81637695
adm4,MMR013005039,Tha Pyay Kone,17.47958823,95.81610964
adm4,MMR013005040,Thar Yar Kone,17.51715243,95.83944598
adm4,MMR013005041,Kan Myaung,17.52618248,95.89863353
adm4,MMR013005042,Ta Bu Yae Thoe,17.49787971,95.88132796
adm4,MMR013005043,Gon Hnyin Tan,17.55267784,95.90433539
adm4,MMR013005044,San,17.56295134,95.9308394
adm4,MMR013005045,Chaung Sauk,17.621605,95.95298672
adm4,MMR013005046,Kyo Chaung,17.56118572,95.87314757
adm4,MMR013005047,Pan Pin Tan,17.59701633,95.91145173
adm4,MMR013005048,Taw La Ti,17.29443726,95.83601074
adm4,MMR013005049,Hpet Wun Kone,17.29841274,95.80769265
adm4,MMR013005050,Ah La Boke,17.31630143,95.82137801
adm4,MMR013005051,Min Hla Wa,17.25130224,95.8466442
adm4,MMR013005052,Sin Chan,17.23193878,95.81631615
adm4,MMR013005053,Taw Kha Yan,17.3585724,95.77693839
adm4,MMR013005054,Khun Hnit Kyaik (East),17.33640181,95.85321941
adm4,MMR013005055,Khun Hnit Kyaik (West),17.34833444,95.8162969
adm4,MMR013005056,Hlaing,17.36843447,95.84887456
adm4,MMR013005057,Bein Daw,17.43750178,95.77686896
adm4,MMR013005058,Kan Ka Lay (A),17.39443588,95.78103185
adm4,MMR013005059,Baw La Kut,17.26472087,95.81172418
adm4,MMR013005060,Chaung Thone Gwa,17.35852787,95.72921783
adm4,MMR013005061,Ka Lawt Thawt,17.27295079,95.72680529
adm4,MMR013005062,Kyon Ta Kin,17.34268992,95.72060325
adm4,MMR013005063,Inn Ta Yar,17.39059986,95.73498504
adm4,MMR013005064,Auk Yae Kan Kone,17.31752827,95.72583266
adm4,MMR013005065,Ka Taing Sein,17.26527412,95.76995972
adm4,MMR013005066,Hpoe Khaung,17.37246598,95.81452855
adm4,MMR013005067,Ah Hta Yaung,17.20708716,95.77000486
adm4,MMR013005068,Yae Twin Hpyu,17.32661102,95.77416888
adm4,MMR013005069,Yae Paw Thaung,17.38197863,95.67829045
adm4,MMR013005070,Kyway Bagan Chaung,17.45451927,95.73296764
adm4,MMR013005071,Ngar Lar Chaung,17.41440773,95.72153228
adm4,MMR013005072,Thea Hpyu,17.35709221,95.68491946
adm4,MMR013005073,Moe Ku Lar,17.37659374,95.70801121
adm4,MMR013005074,Ohn Pin Kwin,17.36947547,95.64278721
adm4,MMR013005701,Urban,17.31089433,95.96329746
adm4,MMR013005702,Urban,17.49750437,95.85760395
adm4,MMR013005901,,17.50577057,96.01674423
adm4,MMR013006001,Htein Hnit Pin,16.96489363,95.99465404
adm4,MMR013006002,Than Pu Yar Khon,16.94297471,95.95429892
adm4,MMR013006003,Ka Lein,16.99162093,96.00566628
adm4,MMR013006004,La Mu Tan Gyi,17.03756019,95.93306327
adm4,MMR013006005,Yoe Gwa,16.9586568,95.95809603
adm4,MMR013006006,Yae Paw Thaung,17.22370704,95.85484739
adm4,MMR013006007,Yae Twin Kone,17.1312986,95.91388232
adm4,MMR013006008,Tha Bawt Chaung,17.08283019,95.92058779
adm4,MMR013006009,Daunt Gyi,16.99916619,95.89055652
adm4,MMR013006010,Ne Byaw,17.01966742,95.89213951
adm4,MMR013006011,Pet Inn Ka Lay,16.99557217,95.91586509
adm4,MMR013006012,Kyar Hone,16.97642059,95.91348365
adm4,MMR013006014,Ne Tha Mein,17.02799706,95.83865219
adm4,MMR013006015,Hpoe Nat Pay,17.06294758,95.84856965
adm4,MMR013006016,San Kin Gyi,17.04067553,95.86447121
adm4,MMR013006017,Ah Pyin Yae Kyaw,17.03127997,95.89341494
adm4,MMR013006018,Ah Twin Yae Kyaw,17.06024345,95.89945375
adm4,MMR013006019,Hle Seik,17.2376795,95.88454443
adm4,MMR013006020,Dat Taw Kone,17.21470513,95.83839837
adm4,MMR013006021,Me Pa Li,17.19874548,95.82228275
adm4,MMR013006022,Kya Man,17.17942415,95.80710644
adm4,MMR013006023,Baw Lel,17.15902883,95.80671011
adm4,MMR013006024,Ta Hlaing Hmi,17.11605199,95.82029631
adm4,MMR013006025,Ka Myaing,17.13893148,95.8568315
adm4,MMR013006026,Shwe Kyar Byaik,17.16876909,95.84090697
adm4,MMR013006027,Nyunt Paung,17.13282517,95.88665629
adm4,MMR013006028,Kone Hle Seik,17.22061582,95.8917738
adm4,MMR013006029,Tet Thit,16.88554082,95.97425723
adm4,MMR013006030,Hnget Thaik,16.9192434,95.94741336
adm4,MMR013006031,San Da Yaw,16.91193496,95.92290059
adm4,MMR013006032,Htein Kone,16.90503104,96.00162027
adm4,MMR013006033,War Ta Yar (West),16.95907314,96.02889259
adm4,MMR013006034,Rakhine Yoe Gyi,16.91985385,96.0330171
adm4,MMR013006035,Deik Kone,16.94520017,96.03384436
adm4,MMR013006036,Pa Yut,16.89912036,95.94147359
adm4,MMR013006037,Kywe Chan Yoe (Kyein Paik Gyi),16.97059184,95.88623238
adm4,MMR013006038,Yae So,16.9239619,95.88397953
adm4,MMR013006039,Mya Ge,16.90288516,95.8655121
adm4,MMR013006040,Pan Taing (Lat Kyat),16.92372652,95.85435337
adm4,MMR013006041,Ka Twei,16.94213117,95.86794225
adm4,MMR013006042,Kywe Ku,17.15720749,95.93492474
adm4,MMR013006043,Bu Tha Nut,17.09746622,95.84755314
adm4,MMR013006044,Ma Shwe U,16.9464442,95.90790358
adm4,MMR013006045,Ah Su Gyi,16.90179243,95.97089609
adm4,MMR013006047,Taw La Teit,17.22632241,95.86759755
adm4,MMR013006048,Ah Lein Lel,17.1264297,95.9270367
adm4,MMR013006049,Kyu Taw,17.16099743,95.88923498
adm4,MMR013006050,Kyar Inn,17.19727361,95.87390355
adm4,MMR013006051,Da Ne Ri,16.9919639,95.96829503
adm4,MMR013006052,Sat Ka Lay,16.99473949,95.94220417
adm4,MMR013006053,Yae Hpyu,17.10007319,95.88502248
adm4,MMR013006054,Ta Dar U,16.92243533,95.97447538
adm4,MMR013006701,Urban,17.02030076,95.98879776
adm4,MMR013007001,Oke Hpo,16.97570696,96.10166149
adm4,MMR013007002,Zee Kone,16.95102978,96.10566202
adm4,MMR013007003,Kyaung Kone,17.0081661,96.09542774
adm4,MMR013007004,Hlaw Kar,17.01200933,96.08271571
adm4,MMR013007701,Urban,16.97406606,96.06793457
adm4,MMR013009701,Urban,16.82975272,96.19534226
adm4,MMR013010701,Urban,16.83733177,96.16409074
adm4,MMR013011701,Urban,16.84936123,96.18315896
adm4,MMR013012701,Urban,16.91598129,96.15940276
adm4,MMR013013701,Urban,16.79600134,96.21187724
adm4,MMR013014701,Urban,16.79077459,96.19083645
adm4,MMR013015701,Urban,16.80945538,96.17881381
adm4,MMR013016701,Urban,16.77798594,96.17457491
adm4,MMR013017701,Urban,16.77308675,96.17399623
adm4,MMR013018701,Urban,16.91666975,96.27398777
adm4,MMR013019701,Urban,16.88624791,96.17984169
adm4,MMR013020001,Shan Te Gyi (East),17.00595459,96.28308528
adm4,MMR013020002,Ma Lit (East),16.98255548,96.2742799
adm4,MMR013020003,Lay Daunt Kan (East),16.98305622,96.29582444
adm4,MMR013020701,Urban,16.92230152,96.22858784
adm4,MMR013021701,Urban,16.87822373,96.29035613
adm4,MMR013021800,,16.80561843,96.25601972
adm4,MMR013022701,Urban,16.793927,96.18401195
adm4,MMR013023001,Win Kha Nee,16.95968324,96.38392133
adm4,MMR013023002,Hpar Ku (East),16.92744427,96.39829519
adm4,MMR013023003,Hpar Ku (West),16.9211901,96.3747723
adm4,MMR013023004,Day Zat,16.89883338,96.36783237
adm4,MMR013023005,Yone Tha Pyay Kan,16.82631842,96.3514798
adm4,MMR013023006,Min Ga Lun,16.80815799,96.38430655
adm4,MMR013023007,Baw Tha Pyay Kan,16.7849618,96.35439638
adm4,MMR013023008,Kayin Seik,16.76373466,96.39003456
adm4,MMR013023009,Tha Pyay Kone,16.87028273,96.37268425
adm4,MMR013023010,Bagan Taung,16.84934051,96.38296676
adm4,MMR013023011,Ah Lun Soke,16.69703288,96.25479524
adm4,MMR013023012,Kyaung Kone Seik Gyi (a) Gya Mar,16.70843759,96.23762929
adm4,MMR013023013,Let Yet San,16.69991115,96.30239784
adm4,MMR013023014,Thu Htay Kwin,16.74751127,96.34133915
adm4,MMR013023015,Sit Pin Kwin,16.74687128,96.31558205
adm4,MMR013023016,Ba Yet,16.76617137,96.30216885
adm4,MMR013023017,Nga Byay Ma,16.79428487,96.30594306
adm4,MMR013023018,Nga/Pa,16.78371498,96.27390262
adm4,MMR013023019,Tha Nat Pin,16.78092903,96.29184465
adm4,MMR013023020,Bo Gyoke,16.74640109,96.23469597
adm4,MMR013023021,Nyaung Thone Pin,16.76884289,96.27182451
adm4,MMR013023022,Hpa Yar Kone,16.72147364,96.28226824
adm4,MMR013023023,La Har Yet,16.8712407,96.33951754
adm4,MMR013023024,Ka Dat Hpyar,16.84562323,96.33651895
adm4,MMR013023025,Nyaung Lay Pin,16.82662817,96.32164621
adm4,MMR013023026,Ku Lar Wea,16.80934036,96.30615436
adm4,MMR013023027,Say Lone Gyi,16.71781734,96.33265051
adm4,MMR013023028,Chaung Sauk,16.72603619,96.34715545
adm4,MMR013023701,Urban,16.76409414,96.23790704
adm4,MMR013024001,Kan Pyaung,16.69168419,96.40163755
adm4,MMR013024002,Pi La Khat,16.65225711,96.38552126
adm4,MMR013024003,Kyon Kan,16.66009607,96.4413178
adm4,MMR013024004,Wea Gyi,16.63822764,96.45431781
adm4,MMR013024005,Ywar Thit Gyi,16.62691392,96.42749099
adm4,MMR013024006,Kyan Pin,16.62782148,96.39577491
adm4,MMR013024007,Thaung Gyi,16.64641284,96.34804173
adm4,MMR013024008,Kayin Chaung,16.52969282,96.45001225
adm4,MMR013024009,Zwe Ka Nar,16.53074406,96.46602497
adm4,MMR013024010,Ah Se,16.60018973,96.46085368
adm4,MMR013024011,Min Ga Lun,16.53226074,96.48247778
adm4,MMR013024012,Na Ywe Chaung,16.52940945,96.5032346
adm4,MMR013024013,Sit Ta Pin,16.58932664,96.55523206
adm4,MMR013024014,Mya Kaing,16.54656584,96.5492115
adm4,MMR013024015,Boe Ba,16.53530252,96.5239181
adm4,MMR013024019,Tha Nat Pin Chin,16.60436304,96.31510695
adm4,MMR013024020,Baw Ga Lut,16.58558615,96.320979
adm4,MMR013024021,Chaung Wa,16.5744545,96.29371931
adm4,MMR013024022,Kwa Hnee,16.54292007,96.37405359
adm4,MMR013024023,Zwe Bar Kone Tan,16.52033196,96.36776416
adm4,MMR013024024,Nyaung Waing,16.67877975,96.32583854
adm4,MMR013024025,Yae Kyaw,16.70357988,96.36193248
adm4,MMR013024026,Kyar Kan,16.67266515,96.36910765
adm4,MMR013024027,Par Da Gyi,16.66146479,96.34522698
adm4,MMR013024028,U Yin,16.60201178,96.41879735
adm4,MMR013024029,Shwe Pyauk,16.63084202,96.28176247
adm4,MMR013024030,Pan Taw,16.60699017,96.3596663
adm4,MMR013024031,Ywar Thit Ka Lay,16.58399972,96.40505799
adm4,MMR013024032,Mee Pya,16.55483733,96.33308733
adm4,MMR013024033,Ka Mar Ka Loke,16.53244074,96.41564647
adm4,MMR013024034,Kha Naung,16.59613361,96.51060081
adm4,MMR013024035,Sin Ma Kaw,16.6344723,96.5042253
adm4,MMR013024036,Pan Chaung,16.6409469,96.47445735
adm4,MMR013024037,Tar Pat,16.65348894,96.51039526
adm4,MMR013024038,Ka Dat Pa Na,16.68008003,96.53799078
adm4,MMR013024039,Win Gyi,16.67081129,96.58065493
adm4,MMR013024040,Sit Tan,16.64334716,96.58869341
adm4,MMR013024041,Poke Ta Loke,16.63958313,96.63092119
adm4,MMR013024042,Ma Yan Bay,16.65477048,96.65173971
adm4,MMR013024043,Shan Chaung,16.54642517,96.58423103
adm4,MMR013024044,Tu Myaung,16.60857908,96.57212814
adm4,MMR013024045,Ta Man Gyi Kone,16.59904853,96.62018833
adm4,MMR013024046,Aung Chan Thar,16.56145338,96.61553716
adm4,MMR013024047,Ku Lar Tan,16.49540853,96.41999976
adm4,MMR013024049,Zee Hpyu Pin,16.6793773,96.51341616
adm4,MMR013024701,Urban,16.63630174,96.31383641
adm4,MMR013024702,Urban,16.63889549,96.54094986
adm4,MMR013025001,Pale,16.77064868,96.42297395
adm4,MMR013025002,Nyaung Ni,16.79881464,96.45347097
adm4,MMR013025003,Ywar Thit,16.7754735,96.47385337
adm4,MMR013025004,Thaik Tu Kan,16.74289868,96.46364333
adm4,MMR013025005,Kan Myint,16.73673918,96.4157442
adm4,MMR013025006,Pyin Ma Kan,16.70713961,96.43607041
adm4,MMR013025007,Ye Nwet,16.71791247,96.4793917
adm4,MMR013025008,Kyar Win,16.68170052,96.45566104
adm4,MMR013025009,Bant Bway,16.67389658,96.47591989
adm4,MMR013025010,Min,16.67812809,96.49475984
adm4,MMR013025011,Eik Tha Ya,16.71618834,96.50924163
adm4,MMR013025012,Thone Gwa (West),16.76470637,96.49909139
adm4,MMR013025013,Nan Yaw,16.78483733,96.51081854
adm4,MMR013025014,Pa Dat Taing,16.78210047,96.5522101
adm4,MMR013025015,Let Pan Nan Kha Le,16.73462885,96.56370174
adm4,MMR013025016,Sa Bai Chaung,16.73667135,96.52922563
adm4,MMR013025017,Kyon Kyeik,16.71654024,96.53987419
adm4,MMR013025018,Ka Dat Pa Na,16.69905023,96.54959693
adm4,MMR013025019,Se,16.70210055,96.57955306
adm4,MMR013025020,Tha Yaw Taw,16.71376329,96.60013676
adm4,MMR013025021,Ah Hpaung,16.69571512,96.62366758
adm4,MMR013025022,Thea Kone,16.70492615,96.64702085
adm4,MMR013025023,Kyar Bo,16.73023455,96.63925401
adm4,MMR013025024,Ah Zat Wa,16.73814069,96.60682293
adm4,MMR013025025,Hpa Yar Gyi,16.75563818,96.63369371
adm4,MMR013025026,Ta Man Gyi,16.79839335,96.66192488
adm4,MMR013025027,Ah Zan Taw Sun,16.78954527,96.62936405
adm4,MMR013025028,Hpa Yon Kan,16.78074246,96.59640006
adm4,MMR013025029,Mi Chaung Kan,16.75783035,96.59463108
adm4,MMR013025030,Ta Kaw,16.76359261,96.55927583
adm4,MMR013025031,Let Pan Kyoe,16.79055417,96.56587683
adm4,MMR013025032,Yae Paw Kan,16.80314355,96.51985458
adm4,MMR013025033,Tha Khut Kone,16.81250481,96.49143336
adm4,MMR013025034,Shan Su,16.8408807,96.50327682
adm4,MMR013025035,Kun Ka La,16.84512131,96.53406807
adm4,MMR013025036,Bagan Taung Su,16.84903744,96.56800428
adm4,MMR013025037,Pa Toke,16.81646931,96.56534596
adm4,MMR013025038,Zwe Htaw,16.80547761,96.59219396
adm4,MMR013025039,Htone Gyi,16.82681711,96.62170152
adm4,MMR013025040,Kone Kha Lar,16.84853829,96.64644736
adm4,MMR013025041,Ka Tone Paw (Upper),16.8389438,96.66950245
adm4,MMR013025042,Ka Tone Paw (Middle),16.83989109,96.69131558
adm4,MMR013025043,Let Pan Chaung,16.8246066,96.72045318
adm4,MMR013025044,Ma Gyi Pin Chaung,16.79689296,96.70759637
adm4,MMR013025045,Kaing Kone,16.77924302,96.71737495
adm4,MMR013025046,Kywe Te Kone,16.76670318,96.67527943
adm4,MMR013025047,Nyaung Pin Khin Tan,16.76770569,96.71284049
adm4,MMR013025048,Ah Lan Kone,16.74493007,96.70056448
adm4,MMR013025049,Sit Kone Taw Sun,16.73417174,96.67696322
adm4,MMR013025050,Tin Taung Chaung,16.71230156,96.67949157
adm4,MMR013025051,Hmo Kone Thar,16.80500934,96.74912774
adm4,MMR013025052,Aung Pan Sein,16.78766868,96.73778209
adm4,MMR013025053,Aung Thar Dan,16.81566825,96.75487882
adm4,MMR013025054,Aw Bar Nyunt,16.74098181,96.74548386
adm4,MMR013025055,Beik Theik,16.67407455,96.72072312
adm4,MMR013025056,Ma Har Meik,16.70722097,96.72609691
adm4,MMR013025057,Hay Ma Za Lar,16.72440269,96.70637502
adm4,MMR013025058,Min Ywar Ah Thin,16.61666494,96.686881
adm4,MMR013025059,Tha Ma Seik Ta,16.78191788,96.74987927
adm4,MMR013025060,Thar Thar Myaing,16.73119521,96.73302896
adm4,MMR013025061,Thar Ga Ra,16.67670575,96.66892252
adm4,MMR013025062,Htun Sein Ah Thin,16.79652571,96.77230536
adm4,MMR013025063,Zaw Ti Ka,16.76246123,96.74646689
adm4,MMR013025064,Yan Gyi Aung,16.68604935,96.73319849
adm4,MMR013025701,Urban,16.76244021,96.5254629
adm4,MMR013026001,Pauk Pin,16.96224386,96.43338772
adm4,MMR013026002,Ka Mar Mat,16.95419256,96.47285238
adm4,MMR013026003,Met Ka Than,16.94705081,96.51823847
adm4,MMR013026004,Gyone Gyone Kya,16.9423997,96.50703058
adm4,MMR013026005,Oke Hpo,16.92648729,96.47377022
adm4,MMR013026006,Maung Ma,16.92919543,96.43653096
adm4,MMR013026007,Kyu Taw,16.90421666,96.46843922
adm4,MMR013026008,Ka Mar Chaik,16.8947262,96.43524484
adm4,MMR013026009,Ah Lel Ywar,16.88766946,96.39138219
adm4,MMR013026010,Aye Ywar,16.83997056,96.41309163
adm4,MMR013026011,Swei Ka Tawt,16.83700074,96.43316494
adm4,MMR013026012,Pein Kan,16.87025898,96.44076837
adm4,MMR013026013,Hla Bi Lu,16.87555832,96.47735875
adm4,MMR013026014,Ma Gyi Kan,16.83730346,96.45558421
adm4,MMR013026015,Yoe Gyi,16.84141556,96.48031013
adm4,MMR013026016,Kyon Tu,16.88149791,96.50666289
adm4,MMR013026017,Ta Man Gyi,16.88577168,96.54146918
adm4,MMR013026018,Ka Mar Ka Loke,16.91212441,96.52015144
adm4,MMR013026019,Kayin Kan,16.93783319,96.54991085
adm4,MMR013026020,Kan Nyi Naung,16.95589952,96.53958294
adm4,MMR013026021,Kywe Ta Lin,16.97665396,96.50995892
adm4,MMR013026022,Thet Kei Kone,16.96178543,96.58251592
adm4,MMR013026023,Kha Mat,16.93976945,96.57627854
adm4,MMR013026024,Kan Beit,16.94153264,96.61436738
adm4,MMR013026025,Nyaung Pin Kwin,16.90927951,96.58917342
adm4,MMR013026026,Bagan Taung,16.87173566,96.57769291
adm4,MMR013026027,Pan Taw Chaung,16.85146136,96.60186036
adm4,MMR013026028,Day Pauk,16.85586582,96.63024299
adm4,MMR013026029,Kayin Su,16.88386118,96.62231518
adm4,MMR013026030,Hpa Yar Pyo,16.89713879,96.64128449
adm4,MMR013026031,Kwin Hlyar Shey,16.91475485,96.63029561
adm4,MMR013026032,Hta Yan Kan,16.93831212,96.63615627
adm4,MMR013026033,Tha Pyu Kan,16.97398938,96.61163346
adm4,MMR013026034,Pa Lu Kan,16.97117643,96.63316634
adm4,MMR013026035,Ta Kaw Kan,16.9774101,96.65597498
adm4,MMR013026036,Kyi Ni Chaung,16.94930261,96.67455062
adm4,MMR013026037,Pyin Ma Kone,16.92573345,96.66600779
adm4,MMR013026038,Kyar Kan,16.88530239,96.66557292
adm4,MMR013026039,Pa Lu,16.86223665,96.71970184
adm4,MMR013026040,Aung Chan Thar,16.84397943,96.7352911
adm4,MMR013026041,Bo Ka Lay,16.81753959,96.79361033
adm4,MMR013026042,Sin Kyun,16.97340047,96.54687084
adm4,MMR013026043,Kan Kaung,16.90787061,96.68617409
adm4,MMR013026044,Yae Kyaw,16.86977859,96.76542515
adm4,MMR013026045,Ohn Pin,16.89064929,96.7261741
adm4,MMR013026046,Nyaung Lan,16.89234035,96.69481822
adm4,MMR013026047,Sin Min Aing,16.91099213,96.73295926
adm4,MMR013026048,Kin Mun Chon,16.90162837,96.76667415
adm4,MMR013026049,Zee Hpyu Pin,16.92523251,96.75071446
adm4,MMR013026050,Kyon Kan,16.90255319,96.71147077
adm4,MMR013026051,Nyaung Pin Thar,16.93594362,96.70585439
adm4,MMR013026052,Sa Khan Gyi,16.96130964,96.70764009
adm4,MMR013026053,Kan Thar,16.96153995,96.68917707
adm4,MMR013026701,Urban,16.90104892,96.55834676
adm4,MMR013027001,Khat Ti Ya,16.87071506,95.86134879
adm4,MMR013027002,Ah Ka la,16.8786041,95.88850065
adm4,MMR013027003,Ka Tha Paung,16.90301381,95.89852521
adm4,MMR013027004,Kywe Da Yut,16.88552334,95.91734741
adm4,MMR013027005,Kayin Chaung,16.87823726,95.94940043
adm4,MMR013027006,Kha Naung Htein Ta Pin,16.86452805,95.95752527
adm4,MMR013027007,Sar Hpyu Su,16.84869687,95.93037461
adm4,MMR013027008,Yae Twin Kone,16.79506853,95.95196143
adm4,MMR013027009,Tu Chaung Gyi,16.82079939,95.88696885
adm4,MMR013027010,Ma Wun,16.83717224,95.96688777
adm4,MMR013027011,Kyi Seik,16.85185646,95.98980543
adm4,MMR013027012,Tet Thit,16.86457332,95.99056267
adm4,MMR013027013,Tha Wun Taw,16.76319399,95.93430354
adm4,MMR013027014,Ta Khun Taing,16.75035125,95.88866039
adm4,MMR013027015,Ah Dun,16.69971822,95.85583247
adm4,MMR013027016,Twantay Wa,16.67304482,95.85068882
adm4,MMR013027017,Pa Thi,16.69292456,95.88342537
adm4,MMR013027018,Zee Hpyu Kone,16.74234338,95.91913682
adm4,MMR013027019,Kha Lauk Chaik,16.84119537,96.05193043
adm4,MMR013027020,Kha Yan Wa,16.84107644,96.0042227
adm4,MMR013027021,Kha Yan Gyi,16.82154558,95.98972326
adm4,MMR013027022,Kha Yan Hpyar,16.80147765,95.99758506
adm4,MMR013027023,Ka Li Htaw,16.78348899,95.99959338
adm4,MMR013027024,Kyi Tan,16.76065491,95.99327757
adm4,MMR013027025,Ta Ka Hleit,16.73585897,95.97777452
adm4,MMR013027026,Yae Kyaw,16.83850023,96.02703247
adm4,MMR013027027,Ta Mar Ta Kaw,16.80774923,96.0406319
adm4,MMR013027028,Ta Man Gyi,16.80090327,96.02490955
adm4,MMR013027029,Kan,16.76865929,96.03003587
adm4,MMR013027030,Ku Lar Tan,16.74143621,96.02601866
adm4,MMR013027031,Ma Ngay (Middle),16.80934564,96.06408908
adm4,MMR013027032,Byauk Yoe,16.78122608,96.0630943
adm4,MMR013027033,Let Pan Gwa,16.75946616,96.06053629
adm4,MMR013027034,Kyun Ka lay,16.78548843,96.08408907
adm4,MMR013027035,Ah Lat Chaung,16.79743353,96.10085626
adm4,MMR013027036,Gyaung Waing,16.77384718,96.09112999
adm4,MMR013027058,Pyawbwe Lay,16.72296169,96.08140654
adm4,MMR013027061,Peik Swei,16.73139416,96.06085656
adm4,MMR013027062,Yangon Pauk,16.70707947,96.05311529
adm4,MMR013027063,Kyaik Tha Le,16.67243556,96.03493206
adm4,MMR013027064,Hpa Yar Gyi,16.65193158,96.03262117
adm4,MMR013027065,Pauk Taw,16.68625511,96.01960115
adm4,MMR013027066,Hpa Yar Ngoke To (South),16.69955486,96.04139694
adm4,MMR013027067,Hpa Yar Ngoke To (North),16.72226828,96.01730823
adm4,MMR013027068,Kan Beit,16.70361773,96.01862151
adm4,MMR013027069,San,16.69882037,96.01998391
adm4,MMR013027070,Ah Yoe Taung,16.63278705,95.97629446
adm4,MMR013027071,Kyun Bet,16.6451912,95.84633966
adm4,MMR013027072,Ka Pin Gyi,16.60596724,95.83597261
adm4,MMR013027073,Kyaung Su,16.56856229,95.84892599
adm4,MMR013027074,Ah Lel Chaung,16.58094298,95.86792204
adm4,MMR013027075,Ga Yat La Mee,16.6132976,95.86448011
adm4,MMR013027076,Shwe Hlay Chaung (Twan),16.65452124,95.87199091
adm4,MMR013027077,Pya Tha Taik,16.64525466,95.90877837
adm4,MMR013027078,Ah Twin Yae Kyaw,16.61546174,95.89622461
adm4,MMR013027079,Ka Don,16.62078902,95.91589279
adm4,MMR013027080,Hnget Pyaw San,16.6383779,95.94623356
adm4,MMR013027081,Kha Loke,16.67090039,95.92355691
adm4,MMR013027082,Wet Chaung,16.67877264,95.90143035
adm4,MMR013027083,Shan Su,16.69901756,95.93478349
adm4,MMR013027084,Htaw Tho,16.69713201,95.98099555
adm4,MMR013027085,Ma Yan Ta Pin,16.66290776,95.98205008
adm4,MMR013027086,Mar La Kar Rubber Chan,16.81932228,96.08091689
adm4,MMR013027087,Ta Loke Htaw,16.70378002,95.95590463
adm4,MMR013027088,Yangon Rubber Chan,16.66876703,95.95074078
adm4,MMR013027701,Urban,16.71086871,95.93195043
adm4,MMR013028001,Htan Pin Chaung,16.51661805,96.04766895
adm4,MMR013028002,Yae Kyaw,16.57334556,95.89336014
adm4,MMR013028003,Pyin Ka Doe,16.56506552,95.92157688
adm4,MMR013028004,Nyaung Kone,16.54419989,95.90739363
adm4,MMR013028005,Kyaik Htaw (North),16.52162078,95.87880959
adm4,MMR013028006,Kyaik Htaw (South),16.50477807,95.87351331
adm4,MMR013028007,Auk Kyaung,16.48953923,95.84081717
adm4,MMR013028008,Tha Meit,16.46711964,95.87531257
adm4,MMR013028009,Kyon La Tar,16.4356462,95.88141611
adm4,MMR013028010,Popa,16.4667069,95.90745573
adm4,MMR013028011,Hmaw Taw,16.47945382,95.90861444
adm4,MMR013028012,War Thein Kha,16.49855273,95.9191384
adm4,MMR013028013,Ma Sei Seik,16.52948388,95.92814636
adm4,MMR013028014,Ta Loke Htaw,16.57130018,95.94664684
adm4,MMR013028015,Kha Laung,16.59909144,95.91743883
adm4,MMR013028016,Ka Nyin Ngu,16.61216724,95.93252129
adm4,MMR013028017,Shar Bwar,16.60293608,95.95651194
adm4,MMR013028018,Ta Ku Pon,16.58167549,95.97173443
adm4,MMR013028019,Hnget Aw San,16.56409433,95.98563632
adm4,MMR013028020,Nat Yae Twin,16.59939422,95.99296052
adm4,MMR013028021,Za Yat Kone,16.64567334,96.01664057
adm4,MMR013028022,Ywar Tan Shey,16.63928285,96.08267214
adm4,MMR013028023,Pein Hne Kone,16.63882956,96.04212822
adm4,MMR013028024,Ah Hpyauk,16.61514242,96.04455629
adm4,MMR013028025,Yae Hpyu Twin,16.61561794,96.08672232
adm4,MMR013028026,Nat Sin Kone,16.5867597,96.0751949
adm4,MMR013028027,Ma Gyi Kan,16.56699179,96.05933796
adm4,MMR013028028,Myauk Chaung,16.55895068,96.01631683
adm4,MMR013028029,San Kauk,16.53327117,95.99366479
adm4,MMR013028030,Taung Chaung,16.53758244,96.03495913
adm4,MMR013028031,Lar Wa Di,16.50260538,96.08052196
adm4,MMR013028032,Sa Bagan,16.49104304,96.06656508
adm4,MMR013028033,Let Khaik,16.52999832,96.08749872
adm4,MMR013028034,Kyar Kan,16.59620439,96.0984855
adm4,MMR013028035,Koe Taung,16.59321311,96.14045646
adm4,MMR013028036,Myet San Ni,16.59949043,96.16203046
adm4,MMR013028037,Hpa Yon Chaung,16.56834363,96.17194688
adm4,MMR013028038,Kan Thone Kan,16.5707951,96.12372568
adm4,MMR013028039,Htan Ma Naing,16.54618887,96.11969436
adm4,MMR013028040,Nyaung Pin Thar,16.49444354,96.12811302
adm4,MMR013028041,Boet Din,16.46499128,96.16729675
adm4,MMR013028042,Pyar Hmut,16.48539671,96.17405376
adm4,MMR013028043,War Ba Lauk Thauk,16.5060635,96.17014293
adm4,MMR013028044,Ma Wun,16.52917199,96.16071537
adm4,MMR013028045,Kywe Lu Aing,16.54978923,96.16305647
adm4,MMR013028046,Ka Mar Ka Nee,16.56839538,96.19251386
adm4,MMR013028047,Tha Khut Pin,16.58359979,96.21692768
adm4,MMR013028048,Kyon Da Yei,16.56261248,96.2214802
adm4,MMR013028049,Kyu Taw Chaung,16.54712853,96.21791561
adm4,MMR013028050,Kha Yaik Kha Ni,16.52292986,96.20641449
adm4,MMR013028051,Htan Ta Pin,16.4812354,96.20651028
adm4,MMR013028052,Tha Min Chan,16.49160877,96.24212939
adm4,MMR013028053,Tar Taik,16.50058767,96.24500085
adm4,MMR013028054,Sar Taing Hmut,16.51754403,96.24672238
adm4,MMR013028055,Tha Yet Taw,16.4997127,96.2665598
adm4,MMR013028701,Urban,16.54652297,96.06252276
adm4,MMR013029001,Ka Mar Par,16.45208546,96.0224678
adm4,MMR013029002,Kawt Dun,16.44175067,96.16281826
adm4,MMR013029003,Kan Hylar Shey,16.363953,96.19282222
adm4,MMR013029004,Kayin Chaung,16.35671615,96.1612905
adm4,MMR013029005,Ka Nyin Kone,16.33828424,96.11640913
adm4,MMR013029006,Kya Khat Kone Gyi,16.39181943,96.16342969
adm4,MMR013029007,Kya Khat Kone Lay,16.36489769,96.10590947
adm4,MMR013029008,Kant Ma lar,16.41005312,96.21828003
adm4,MMR013029009,Kha Lauk Ta Yar,16.41324605,96.09239403
adm4,MMR013029010,Hnget Gyi Daung,16.4025072,96.18262621
adm4,MMR013029011,Taik Gyi,16.4507679,95.90993558
adm4,MMR013029012,Su Ka Lat,16.45550754,95.94866681
adm4,MMR013029013,Seik Gyi,16.49865128,96.01027202
adm4,MMR013029014,Nyaung Ngu,16.48327685,96.03687743
adm4,MMR013029015,Taw Kha Yan Ah Shey,16.40869997,96.05615463
adm4,MMR013029016,Taw Kha Yan Ah Nauk,16.41173094,96.02985005
adm4,MMR013029017,Taung Kone 1,16.37479269,96.06069235
adm4,MMR013029018,Taw Ku Ah Shey,16.44008823,96.10739069
adm4,MMR013029019,Taw Ku Ah Nauk,16.40823228,96.11803875
adm4,MMR013029020,Taw Kyaung,16.44450954,95.98168287
adm4,MMR013029021,Taw Pyar,16.48413185,96.22964657
adm4,MMR013029022,Taw Lan,16.44937879,96.2303992
adm4,MMR013029023,Taw Kha Lu,16.48268667,96.27727093
adm4,MMR013029024,Taw Kha Yan Lay,16.42760783,95.91323171
adm4,MMR013029025,Hti Hpar,16.52299488,95.97002871
adm4,MMR013029026,Day Da Naw,16.45640608,96.05469527
adm4,MMR013029027,Da Yei Lu,16.43484837,96.19260863
adm4,MMR013029028,Pi La Khat,16.43774468,96.27615303
adm4,MMR013029029,Pa Kauk,16.44257499,96.25413304
adm4,MMR013029030,Pay Kone,16.42048691,96.00475905
adm4,MMR013029031,Hmaw Bi,16.43836626,96.13684877
adm4,MMR013029032,Mei Ya Kone,16.4326554,96.22297751
adm4,MMR013029033,Man Ka Leik,16.48427634,95.9660239
adm4,MMR013029034,Ma Yan,16.47120929,96.00057807
adm4,MMR013029035,Yae Tein,16.47493899,96.09413233
adm4,MMR013029036,Let Khoke Kone,16.36270205,96.14345966
adm4,MMR013029037,Wet Kaik,16.38187245,96.24952761
adm4,MMR013029038,War Kauk Taw,16.429095,95.95551433
adm4,MMR013029039,Thone Gwa,16.42106988,95.98469296
adm4,MMR013029040,Tha Pyu San,16.51630644,96.0035568
adm4,MMR013029041,Thea Kone Tan,16.45915887,96.19048351
adm4,MMR013029042,Taung Kone 2,16.4332998,96.3109755
adm4,MMR013029043,In Ga Lone,16.48202774,96.06756609
adm4,MMR013029701,Urban,16.43895096,96.01028908
adm4,MMR013030001,Rakhine Chaung (South),16.64610237,96.16728029
adm4,MMR013030002,Rakhine Chaung (North),16.6502219,96.1935247
adm4,MMR013030003,Da Noke San Pya,16.6109387,96.21245842
adm4,MMR013030004,Nyaung Chaung,16.63847928,96.20521698
adm4,MMR013030005,Tone Tin Gan (South),16.65595629,96.22027715
adm4,MMR013030006,Tone Tin Gan (North),16.67363072,96.18836785
adm4,MMR013030007,Boe Hpyu Chaung,16.61554359,96.17962644
adm4,MMR013030008,Kha Naung (Ywar Ma),16.69111749,96.19147367
adm4,MMR013030009,Kha Naung (Upper),16.69588196,96.16521653
adm4,MMR013030010,Kha Naung (Shan Su),16.71819507,96.18742907
adm4,MMR013030011,Ta Dar Chaung,16.74016509,96.17469536
adm4,MMR013030012,Ye Chaung,16.72090599,96.16314077
adm4,MMR013030013,Tha Pyay Kone,16.74141162,96.14077078
adm4,MMR013030014,Nyaung Ngoke To,16.73008088,96.12517837
adm4,MMR013030015,Htaw (Lower),16.72872465,96.09364707
adm4,MMR013030016,Ye Chaung Wa,16.70734175,96.14136593
adm4,MMR013030017,Pyawbwe Gyi,16.68521511,96.13418763
adm4,MMR013030018,Shwe Hlay Chaung,16.66704433,96.15260603
adm4,MMR013030019,Nyaung Pin,16.6291164,96.14536142
adm4,MMR013030020,Kywe Lu Aing,16.62360188,96.1178349
adm4,MMR013030021,Than Ban Chaung,16.66062288,96.11364426
adm4,MMR013030022,Htu Gyi,16.7062626,96.10758375
adm4,MMR013030023,Tha Yaw Tan,16.6610959,96.08419836
adm4,MMR013030701,Urban,16.75130616,96.15496245
adm4,MMR013031701,Urban,16.76649676,96.11040694
adm4,MMR013032701,Urban,14.1013932,93.36912499
adm4,MMR013032800,,14.87041159,93.62049852
adm4,MMR013033701,Urban,16.7743332,96.16131697
adm4,MMR013034701,Urban,16.77548142,96.15572775
adm4,MMR013035701,Urban,16.7761608,96.14191474
adm4,MMR013036701,Urban,16.77616556,96.15051864
adm4,MMR013037701,Urban,16.7855142,96.12699724
adm4,MMR013038701,Urban,16.80646533,96.0925976
adm4,MMR013039701,Urban,16.80699137,96.13353216
adm4,MMR013040701,Urban,16.84693303,96.12088316
adm4,MMR013041701,Urban,16.82329337,96.13152672
adm4,MMR013042701,Urban,16.93492511,96.13985731
adm4,MMR013042701,Urban,16.85931953,96.15344248
adm4,MMR013043701,Urban,16.79300305,96.14449028
adm4,MMR013044701,Urban,16.81105267,96.15700645
adm4,MMR013046001,Shwe Lin Ban,16.90133487,96.0646035
adm4,MMR013046002,Ka Sin,16.9011134,96.07938109
adm4,MMR013046003,Shan Chaung,16.85309548,96.09495351
adm4,MMR013046004,Yae Oke Kan,16.85632028,96.06057978
adm4,MMR013046005,Nyaung,16.84263279,96.08609244
adm4,MMR013046701,Urban,16.87528089,96.07050431
adm4,MMR013047001,Ah Lel,16.91741551,96.06587088
adm4,MMR013047002,Ku Lar Gyi Su,16.89064471,96.02314735
adm4,MMR013047003,Ah Twin Pa Dan,16.87420464,96.01734258
adm4,MMR013047004,Ah Pyin Pa Dan,16.85950145,96.01914295
adm4,MMR013047701,Urban,16.89266051,96.05018514
adm4,MMR014001001,Nang Hawng,21.02090278,97.1043182
adm4,MMR014001002,Loi Kaw,20.96522796,97.03582281
adm4,MMR014001003,Min Ga Lar,20.88011675,96.99772813
adm4,MMR014001004,Nan Hu,20.86374883,97.03692634
adm4,MMR014001005,Hpet Kun,20.90804473,97.08934724
adm4,MMR014001006,Nawng Lay,20.81275965,97.10183861
adm4,MMR014001007,Hpar Mun,20.70342396,97.03773643
adm4,MMR014001008,Hti Hpawng,20.71616849,97.07828913
adm4,MMR014001009,Nam Hsee,20.71655471,97.12853687
adm4,MMR014001010,Pan Tin,20.83799144,97.05724425
adm4,MMR014001014,Mong Thaw (East),20.85497988,96.93922392
adm4,MMR014001015,Mong Thaw (West),20.86622497,96.87518185
adm4,MMR014001017,Bant Kway,20.82369844,97.01070307
adm4,MMR014001018,Taung Lay Lone,20.74036012,96.89922775
adm4,MMR014001019,Than Te,20.80927023,96.87849872
adm4,MMR014001020,Kun Long,20.96418562,96.9314605
adm4,MMR014001021,Kyauk Ni,20.92541741,96.85473549
adm4,MMR014001022,Nawng Kar,20.62537391,97.04629846
adm4,MMR014001023,Ah Thone Taw,20.59468028,97.13355786
adm4,MMR014001024,Nar Hee,20.52194485,97.09095628
adm4,MMR014001025,Nawng Hke,20.41782618,97.03942555
adm4,MMR014001026,Kat Ku,20.33168768,97.12096527
adm4,MMR014001027,Pin Tun,20.29868596,97.02682761
adm4,MMR014001028,Nawng Pyit,20.58796437,97.051942
adm4,MMR014001701,Urban,20.78787966,97.04619605
adm4,MMR014001702,Urban,20.78533781,96.9903469
adm4,MMR014001703,Urban,20.37041685,97.02700757
adm4,MMR014001704,Urban,20.7649657,96.94568916
adm4,MMR014002001,Nang Thea,20.58674614,96.8914339
adm4,MMR014002002,Kyun Gyi,20.52447403,96.86688415
adm4,MMR014002003,Lin Kin,20.55318632,96.88849498
adm4,MMR014002004,Khaung Taing,20.56394116,96.87973485
adm4,MMR014002005,Let Maung Kway,20.61348363,96.83703214
adm4,MMR014002006,Taung Poet Gyi,20.6277637,96.89556406
adm4,MMR014002007,Taung Chay Myin Sa Hkunt,20.6009027,96.96455122
adm4,MMR014002008,Mong Thauk,20.54575468,96.98293371
adm4,MMR014002009,Ywar Thar,20.68182669,96.89928494
adm4,MMR014002010,Ti Law Sa Khan Gyi,20.69322544,96.97215799
adm4,MMR014002011,Min Chaung,20.5337962,96.89191978
adm4,MMR014002013,Tone Lel,20.48865692,96.80134586
adm4,MMR014002014,Tha Pyay Pin,20.53106813,96.82543049
adm4,MMR014002015,Nga Hpei Chaung,20.51123654,96.90458881
adm4,MMR014002016,He Yar Ywar Ma,20.49122138,96.894587
adm4,MMR014002017,Thar Lay,20.47129032,96.88125954
adm4,MMR014002018,Mong Pyoe,20.4195945,96.90822703
adm4,MMR014002019,Nawng Taw,20.42313406,96.97171887
adm4,MMR014002020,Inn Hlar Keng Hkam,20.3801668,96.91254015
adm4,MMR014002021,Taung To,20.38247702,96.86418646
adm4,MMR014002022,Kyauk Taing,20.36401749,96.94239768
adm4,MMR014002023,Kyay Paw Hkon,20.43007377,96.83770531
adm4,MMR014002024,Inn Tein,20.48308358,96.84975417
adm4,MMR014002025,Inn Chan Kay Lar,20.5252198,96.93447328
adm4,MMR014002026,Inn Paw Hkon,20.45201368,96.88546319
adm4,MMR014002027,Tha Le U,20.4929371,96.97670318
adm4,MMR014002028,San Kar,20.14655315,96.97187916
adm4,MMR014002029,Long Kan,20.1115402,96.92784162
adm4,MMR014002030,Yae Pu,20.04241036,96.93875789
adm4,MMR014002031,Lin Lan (South),20.02507491,97.04196555
adm4,MMR014002032,Inn Tan,20.18838114,96.91089098
adm4,MMR014002033,Bang Pyin,20.13403004,97.08311664
adm4,MMR014002034,Lin Lan (North),20.10367115,97.02163264
adm4,MMR014002035,Pont Mu,20.30264134,96.9179368
adm4,MMR014002701,Urban,20.66462851,96.93213247
adm4,MMR014002702,Urban,20.46551385,96.91436962
adm4,MMR014003001,Nam Hkoke,20.62548226,97.21064402
adm4,MMR014003002,Kone Keng,20.59513642,97.18958298
adm4,MMR014003003,Long Hay,20.63649792,97.26683956
adm4,MMR014003004,Pawng Lin,20.72133204,97.20689228
adm4,MMR014003005,Sam Hpu (Me Nei Taung),20.66942641,97.31125962
adm4,MMR014003006,Sa Ngaw,20.77012435,97.30455009
adm4,MMR014003007,Kyauk Tan,20.89962729,97.29152372
adm4,MMR014003008,Baw Kone,20.90731701,97.37254817
adm4,MMR014003009,Ti Long,20.90850095,97.19990867
adm4,MMR014003010,Loi Aun,20.87397557,97.15572908
adm4,MMR014003011,Le Thet,21.02764045,97.18697076
adm4,MMR014003012,Long Hkoke,20.82191271,97.24695614
adm4,MMR014003013,Hpet Yang,20.7528129,97.41011008
adm4,MMR014003014,Nawng Day,21.02388546,97.33582644
adm4,MMR014003015,Mauk Mun,21.02278028,97.270371
adm4,MMR014003016,Mong Pying,21.10147194,97.14023216
adm4,MMR014003017,Nam Par Chee,21.11230112,97.2403488
adm4,MMR014003018,Nar Pong,21.31171352,97.15104236
adm4,MMR014003019,Hsa Nin,21.12115813,97.31728326
adm4,MMR014003020,Nar Tit,21.20854261,97.32626107
adm4,MMR014003021,Mong Lin,21.30283744,97.34075185
adm4,MMR014003022,Nawng Lai Mu Hpeik,20.62050407,97.38375155
adm4,MMR014003701,Urban,20.79635743,97.17573265
adm4,MMR014004001,Hsihseng,20.04644793,97.27872204
adm4,MMR014004002,Ta Bet,20.0521058,97.16755959
adm4,MMR014004003,Taung (East),20.07843773,97.37782266
adm4,MMR014004004,Pin Son,20.26431126,97.26817999
adm4,MMR014004005,Kone Hsut,20.20859611,97.20931268
adm4,MMR014004006,Bant Bwee,20.39883751,97.34441043
adm4,MMR014004007,Loi Yun Nar Than,20.50098618,97.36896924
adm4,MMR014004008,Par Law Par Kei,20.35758922,97.27106378
adm4,MMR014004009,Nar Hkaik,20.44750352,97.43536137
adm4,MMR014004010,Pong Inn,20.52991103,97.20794278
adm4,MMR014004011,Nawng Mun,20.53648669,97.28708898
adm4,MMR014004012,Loi Put,20.27139455,97.37779901
adm4,MMR014004013,Bang Yin,20.46485557,97.25180914
adm4,MMR014004701,Urban,20.16957104,97.26817952
adm4,MMR014005001,La Mong,20.54806647,96.61704212
adm4,MMR014005002,Nang Naing,20.4603298,96.57132339
adm4,MMR014005003,Loi An,20.65286706,96.59036862
adm4,MMR014005004,Myin Ma Hti,20.57699677,96.60752259
adm4,MMR014005005,Taung Lar,20.57747035,96.56720498
adm4,MMR014005006,Taung Kwe,20.52360316,96.5629754
adm4,MMR014005007,Wet Hpyu Yae,20.70986439,96.51703373
adm4,MMR014005008,Shwe Min Hpone,20.63881878,96.50724134
adm4,MMR014005009,Nang Taing,20.4873641,96.6429887
adm4,MMR014005010,Kan Bar Ni,20.66447371,96.7176821
adm4,MMR014005011,Yae Cho,20.64219879,96.64298698
adm4,MMR014005012,Nawng Ye,20.75330783,96.59387998
adm4,MMR014005013,Thu Ye,20.71391007,96.61049493
adm4,MMR014005014,Pin Hmi,20.57550241,96.72559699
adm4,MMR014005015,Lel Kyar,20.55717416,96.65998381
adm4,MMR014005016,Thar Mong Hkam,20.71079641,96.6900979
adm4,MMR014005017,Loi Maw,20.67606812,96.59819067
adm4,MMR014005018,Ngoke,20.53587228,96.7646857
adm4,MMR014005019,Ngone Thon,20.60991084,96.73567175
adm4,MMR014005020,War Yon Pin,20.76006451,96.83707781
adm4,MMR014005021,Thi Hkawng,20.76211438,96.77018785
adm4,MMR014005022,Kyauk Htat,20.84294374,96.7978687
adm4,MMR014005023,Baw Hseng,20.95386946,96.78158176
adm4,MMR014005024,Baw Nin,20.64394761,96.80385851
adm4,MMR014005025,Pe Yin Taung,20.73351716,96.72311491
adm4,MMR014005026,Sa Kar Inn,20.76290721,96.80458322
adm4,MMR014005701,Urban,20.62039425,96.56159924
adm4,MMR014005702,Urban,20.66334575,96.6448485
adm4,MMR014006001,Htwet Ni,20.92286675,96.63402078
adm4,MMR014006002,Thit Ae Pin,20.90998461,96.69917748
adm4,MMR014006003,Taung Paw Gyi,20.95283848,96.62838927
adm4,MMR014006004,Yae Hpyu,20.95405911,96.66138054
adm4,MMR014006005,Kyauk Su,20.95516504,96.69452959
adm4,MMR014006006,Htei Thun,20.94541055,96.71798333
adm4,MMR014006007,Me Nei Taung,20.9985822,96.60579418
adm4,MMR014006008,Shwe Pu Htoe,20.98911825,96.67663398
adm4,MMR014006009,Pang Sit,20.98958844,96.64222601
adm4,MMR014006010,Thein Kone,21.02548015,96.64201277
adm4,MMR014006011,Pin Pyaw,20.99187578,96.71519762
adm4,MMR014006012,Taung Shey,21.00727033,96.69058352
adm4,MMR014006013,Nyaung Kauk,21.03895913,96.66935594
adm4,MMR014006014,Nyaung Wun,21.05943215,96.64732458
adm4,MMR014006015,Mong Li,21.08154857,96.74180023
adm4,MMR014006016,Pway Hla,20.81971831,96.6883896
adm4,MMR014006017,Inn Nge,21.09378999,96.65554769
adm4,MMR014006018,Tha Yet Kone,20.88559461,96.64422324
adm4,MMR014006019,Ku Kaw,20.84395257,96.63249117
adm4,MMR014006020,Ta Me,20.87455196,96.69441092
adm4,MMR014006021,Shar Pyar,20.86663903,96.73016084
adm4,MMR014006022,Myin Mu,20.80623787,96.58191972
adm4,MMR014006023,Kyar Kone,20.79996732,96.61356159
adm4,MMR014006024,Nan Kone,20.77202836,96.68529025
adm4,MMR014006025,Myay Char (North),20.81357803,96.73723672
adm4,MMR014006026,Kyone,20.78169643,96.64631185
adm4,MMR014006027,Myay Char Chaint,20.73581626,96.65173
adm4,MMR014006701,Urban,20.93417753,96.66794878
adm4,MMR014007001,Nwar Ban Gyi,21.19176408,96.39765304
adm4,MMR014007002,Kyauk Myaung,21.20349538,96.48515083
adm4,MMR014007003,Kyauk Ku Pyin,21.30140459,96.35342495
adm4,MMR014007004,Doke Toe Yae,21.32068248,96.41399363
adm4,MMR014007005,Lin Way,21.23306665,96.59836661
adm4,MMR014007006,Ta Pin Pyaw,21.36313548,96.54344957
adm4,MMR014007007,Myo Gyi,21.42909625,96.3641989
adm4,MMR014007008,Inn Kone Ngar Su,21.16773363,96.4248012
adm4,MMR014007009,Kyun Gyi,21.57554128,96.62744676
adm4,MMR014007010,Se,21.50084322,96.34768242
adm4,MMR014007011,Htee Hlaing,21.34098201,96.33372188
adm4,MMR014007012,Thein Kone,21.27649712,96.47943541
adm4,MMR014007013,Kyan Taw,21.12179139,96.54628634
adm4,MMR014007014,Kyauk Hnget,21.17839124,96.55449474
adm4,MMR014007015,Kyauk Pon,21.1453509,96.48613255
adm4,MMR014007016,Kyauk Pi Zat,21.2525396,96.44170842
adm4,MMR014007017,Nyaung Aing,21.12460255,96.45077178
adm4,MMR014007018,Lel Kaing,21.12340084,96.4017556
adm4,MMR014007019,Hsat Chan,21.03715614,96.4315224
adm4,MMR014007020,Ya Ne,20.99230961,96.394835
adm4,MMR014007021,Nyaung Kyat,21.05452322,96.29042147
adm4,MMR014007022,Myaing,21.07057751,96.56065924
adm4,MMR014007023,Ah Lel Chaung,21.02029569,96.56295943
adm4,MMR014007024,Hsin Gaung,21.02695887,96.49695704
adm4,MMR014007025,Myin Kya Doe,20.94191622,96.52159568
adm4,MMR014007026,Myin Twin,20.94073686,96.58816606
adm4,MMR014007027,Hpa Yar Gyi Kone,20.96700245,96.57464134
adm4,MMR014007028,Ya Gyi,20.89758875,96.57034267
adm4,MMR014007029,Nan Hkon,20.8569686,96.58721017
adm4,MMR014007701,Urban,21.16610069,96.44021039
adm4,MMR014008001,Loi Koe,21.22184466,96.86371088
adm4,MMR014008002,Hway,21.28112847,96.88465874
adm4,MMR014008003,Yan Twin Ngar Kyaung,21.12666868,96.96188098
adm4,MMR014008004,Myin Taung,21.11942875,96.80701037
adm4,MMR014008005,Ma Gyi Kone,21.19313475,96.78002783
adm4,MMR014008006,Kaung Boet,21.15789278,96.6820656
adm4,MMR014008007,Ah Lel Chaung,21.22900743,96.71300707
adm4,MMR014008008,Hpawng Taw,21.25382659,96.80348974
adm4,MMR014008009,Kyauk Taw,21.32721818,96.74850539
adm4,MMR014008010,Nan Lwe,21.41216181,96.67891109
adm4,MMR014008011,Par Me,21.38423664,96.87692184
adm4,MMR014008012,Mar Thea,21.39965938,96.78416343
adm4,MMR014008013,Keng Hkam,21.47730119,97.07856542
adm4,MMR014008014,Ong Kwe,21.53830722,96.83639094
adm4,MMR014008015,Nang Kawng Hmu,21.61381981,96.95922037
adm4,MMR014008016,Kyauk Gu,21.73118349,96.89406667
adm4,MMR014008017,Nawng Woe,21.81630876,97.08827373
adm4,MMR014008018,Nawng Long,22.01582895,97.11404021
adm4,MMR014008701,Urban,21.23862177,96.8788978
adm4,MMR014008702,Urban,21.63170581,96.92062495
adm4,MMR014009001,Pinlaung Gyi,20.133473,96.76441071
adm4,MMR014009002,Bant Bar,19.90902522,96.68789537
adm4,MMR014009003,Min Bu,20.13885702,96.68232247
adm4,MMR014009004,Taung Hti Bwar,20.05423379,96.71542597
adm4,MMR014009005,Hti Pawng,20.17520317,96.83459128
adm4,MMR014009006,Tha Pyay Kone,19.87798677,96.54894715
adm4,MMR014009007,Hsin Tawng,20.09249323,96.8481203
adm4,MMR014009008,Long Pyin,19.87007668,96.79333677
adm4,MMR014009009,Htein Pin,20.07842143,96.54892344
adm4,MMR014009010,Pin Mun,20.23942902,96.7692883
adm4,MMR014009011,Leint Nyar,20.0218413,96.8568019
adm4,MMR014009012,Myauk Hti Bwar,20.20996087,96.66654836
adm4,MMR014009013,Nan Toke,19.98667486,96.96948022
adm4,MMR014009014,Ti Kyit,20.43669852,96.71490282
adm4,MMR014009015,Nan Pu Lin,20.33066335,96.77052123
adm4,MMR014009016,Pawt In,20.30847915,96.71432464
adm4,MMR014009017,Myin Twin,20.4887682,96.68588183
adm4,MMR014009018,Loi Maw,20.44630195,96.766261
adm4,MMR014009019,Nawng Pi,20.30204158,96.82735853
adm4,MMR014009020,Pawt Yar,20.3460241,96.65384925
adm4,MMR014009021,Long Poe,20.36868877,96.63566599
adm4,MMR014009022,Bant Pyin,20.41181379,96.66900307
adm4,MMR014009023,Hpa Yar Hpyu,20.37731017,96.7237199
adm4,MMR014009024,Hmway Pyin,20.34424012,96.55876206
adm4,MMR014009025,Pin Hkin,20.41221501,96.57331588
adm4,MMR014009701,Urban,20.10736349,96.78333718
adm4,MMR014009702,Urban,20.28867161,96.75166131
adm4,MMR014009703,Urban,19.97358268,96.58514245
adm4,MMR014010001,Moe Bye,19.73670407,97.07784206
adm4,MMR014010002,Hkawng Ei,19.78862348,96.96931391
adm4,MMR014010003,Kone Hson,19.9068545,96.99083583
adm4,MMR014010004,Loi Paw,19.92731568,97.09287654
adm4,MMR014010005,Nar Hee,19.96181377,97.12834144
adm4,MMR014010006,Ku Yin,19.862158,97.0901796
adm4,MMR014010007,Yi Nwe,19.7127814,96.81512669
adm4,MMR014010008,Yi Long Yi Kan,19.64238828,96.95207721
adm4,MMR014010009,Thi Kyeik,19.61124005,96.64559836
adm4,MMR014010010,Ah Lel Pa Daung,19.52937743,96.84308198
adm4,MMR014010011,Byeat Taik,19.38014684,96.85553097
adm4,MMR014010012,Pekon,19.80217153,97.0656259
adm4,MMR014010701,Urban,19.8639407,97.00541526
adm4,MMR014011001,Loilen (East),20.94125798,97.5825638
adm4,MMR014011002,Pang Woe,20.91639245,97.52008954
adm4,MMR014011003,Taung Nauk,20.89247948,97.54885383
adm4,MMR014011004,Mong Pun,20.81317523,97.46005364
adm4,MMR014011005,Sin Chay Hpone,20.7899596,97.48874847
adm4,MMR014011006,Kone Yaw,20.70707875,97.47197783
adm4,MMR014011007,Hkauk Nwet,20.86873181,97.47633158
adm4,MMR014011008,Hway Tauk,20.93973236,97.45678704
adm4,MMR014011009,Nar Yang,20.9044017,97.41943385
adm4,MMR014011010,Nawng Lai Mu Hpeik,20.54888507,97.44490765
adm4,MMR014011011,Nam Hta Mo,20.8513062,97.50499306
adm4,MMR014011012,Pang Mont,20.99870212,97.49273789
adm4,MMR014011013,Nar Tit,21.19167025,97.4161323
adm4,MMR014011014,He Nang,21.07667745,97.46488239
adm4,MMR014011015,Hsa Nin,21.10776511,97.39641632
adm4,MMR014011016,Tant Ae,21.1280302,97.48509175
adm4,MMR014011017,Pinlon (East),20.99748891,97.5772385
adm4,MMR014011018,Nawng Lai,21.13288055,97.56490642
adm4,MMR014011019,Hsa Hawng,21.03014165,97.40712721
adm4,MMR014011701,Urban,20.92690393,97.5598043
adm4,MMR014011702,Urban,21.01315566,97.53139759
adm4,MMR014012001,Myo Ma,21.29069044,97.66218956
adm4,MMR014012002,Nawng Kawt,21.17013268,98.00672371
adm4,MMR014012003,He Hseng,21.13300613,97.86795815
adm4,MMR014012004,Pang Sang,21.40293688,97.96324527
adm4,MMR014012005,Wan Hai,21.45479764,97.87341139
adm4,MMR014012006,Pong Nay,21.40366994,97.65624859
adm4,MMR014012007,Wan Seit,21.29451699,97.72171891
adm4,MMR014012008,Pong Taik,21.20205743,97.6843057
adm4,MMR014012009,Nar Man,21.10757037,97.72369197
adm4,MMR014012010,Wan Hti,21.35465616,97.82197639
adm4,MMR014012011,Wan Sang,21.29482312,97.82011252
adm4,MMR014012012,Wan Lay,21.47116028,97.76705697
adm4,MMR014012013,Tat Mauk,21.5577601,97.77892359
adm4,MMR014012014,Wan Pang,21.31870085,97.60267235
adm4,MMR014012015,Nam Toke,21.21180876,97.60824361
adm4,MMR014012016,Wan Hpai,21.40074228,97.58264038
adm4,MMR014012017,Hpar Lan,21.30681778,97.45147214
adm4,MMR014012018,Wan Ying,21.37786919,97.5049121
adm4,MMR014012019,Pang Tan,21.29917523,97.52119858
adm4,MMR014012701,Urban,21.26968844,97.6641338
adm4,MMR014013001,Nam Hsan,20.86889432,97.66144248
adm4,MMR014013002,Wan Nawng,20.8278005,97.97984137
adm4,MMR014013003,Loi La,20.81109044,98.10896936
adm4,MMR014013004,Met Mon Mun,20.84478993,97.80607002
adm4,MMR014013005,Ah Hmat (5),20.79719972,97.73126399
adm4,MMR014013006,Wan Ping,20.8151503,97.57035738
adm4,MMR014013007,Hai Hpat,20.73147936,97.84863473
adm4,MMR014013008,Ho Nawng,21.05888402,98.23093863
adm4,MMR014013009,Hai Laik,21.0966294,98.16551885
adm4,MMR014013010,Ton Huong,21.02346374,97.98483065
adm4,MMR014013011,Nar Pwe,21.13278772,98.11923326
adm4,MMR014013012,Hko Aut,20.94504272,98.06588824
adm4,MMR014013013,Loi Ye,20.97500151,97.69148423
adm4,MMR014013014,Nawng Hee,20.98595578,97.83154869
adm4,MMR014013015,Mong Seik,20.64156035,97.64522744
adm4,MMR014013016,Nam Lit,20.71400395,97.68759882
adm4,MMR014013017,Hai Nar Gyi,20.68242337,97.61876371
adm4,MMR014013018,Bant Hin,20.63149054,97.5239976
adm4,MMR014013019,Ping Hse,20.52035134,97.55465593
adm4,MMR014013020,Ho Yang,20.70910579,97.55407514
adm4,MMR014013701,Urban,20.89209213,97.71577432
adm4,MMR014013702,Urban,21.09838092,98.11258084
adm4,MMR014014001,Kunhing Myo Ma,21.32568137,98.469191
adm4,MMR014014002,Keng Lun,21.11203291,98.61239112
adm4,MMR014014003,Ho Pang,21.34112223,98.56417017
adm4,MMR014014004,Tar Kaw,21.3274122,98.64177436
adm4,MMR014014005,Wan Pat,21.52559157,98.47087077
adm4,MMR014014006,Laik Tat,21.36726369,98.33114455
adm4,MMR014014007,Wan Hpai,21.05516517,98.54086102
adm4,MMR014014008,Keng Hkam,20.96775159,98.46773239
adm4,MMR014014009,Wan Law,21.15035572,98.37614663
adm4,MMR014014010,Ngar Taing,20.97465513,98.4141337
adm4,MMR014014011,Loi Keng,21.02774398,98.40047343
adm4,MMR014014012,Nar Pwe,20.99674523,98.54964293
adm4,MMR014014013,Kun Pu,21.07391306,98.47210299
adm4,MMR014014014,Hseng Hkawng,20.98091756,98.33923382
adm4,MMR014014701,Urban,21.3018379,98.43044174
adm4,MMR014015001,Pang Sei,21.94009459,97.91117773
adm4,MMR014015002,Hpat Nam,22.0051031,98.01426919
adm4,MMR014015003,Pang Lawt,21.94838244,98.06447216
adm4,MMR014015004,Wan Hpwee,22.00087518,97.86505109
adm4,MMR014015005,Wan Hkont,21.91886476,97.74540911
adm4,MMR014015006,Hseng Len,21.95022288,98.12363448
adm4,MMR014015007,Har Wan,21.94116399,97.99573398
adm4,MMR014015008,Mong Nin,21.87183804,97.80798122
adm4,MMR014015009,Wan Wa,21.96136155,98.07879152
adm4,MMR014015010,Keng Len,21.99573007,98.1033665
adm4,MMR014015011,Wan Chin,21.84414488,97.7399312
adm4,MMR014015012,Wan Wut,22.0784483,98.06829089
adm4,MMR014015013,Wan Sat,21.79588593,98.04713616
adm4,MMR014015014,Hkauk Sant,21.8644345,98.05142751
adm4,MMR014015015,Wan Hai,21.84391052,98.15259871
adm4,MMR014015016,Nawng Sum,21.82754019,97.93495338
adm4,MMR014015017,Mong Kawng,21.82374144,97.84403745
adm4,MMR014015018,Nar Kan,21.62612098,98.06942438
adm4,MMR014015019,Nawng Ae,21.58879653,98.19322449
adm4,MMR014015020,Wein Kawng,21.72487774,98.14291496
adm4,MMR014015021,Tu Yar,21.70007047,98.18607937
adm4,MMR014015022,Mong Nang,21.62378471,97.92523471
adm4,MMR014015023,Ho Pong,21.71250895,98.05377214
adm4,MMR014015024,Mong Ye,21.54334701,98.00157714
adm4,MMR014015025,Wan Ton,21.5085915,98.06107694
adm4,MMR014015026,Long Yang,21.46474608,98.11326501
adm4,MMR014015027,Wan Sein,21.3494839,98.18612806
adm4,MMR014015028,Mong Yang,21.35332693,98.05538545
adm4,MMR014015029,Mong Lin,21.43129753,98.26438963
adm4,MMR014015030,Nawng Taw,21.48484421,98.26221009
adm4,MMR014015031,Mong Hsaung,21.55237645,98.29074056
adm4,MMR014015032,Nar Loi,21.95097258,97.84982594
adm4,MMR014015701,Urban,21.92784756,97.82068715
adm4,MMR014015702,Urban,21.64360863,98.11844241
adm4,MMR014016001,Myo Ma Sin Chay Hpone (North),21.63994033,97.56512608
adm4,MMR014016002,Myo Ma Sin Chay Hpone (East),21.65782734,97.54084331
adm4,MMR014016003,Wan Hway Aum,21.56732197,97.53290426
adm4,MMR014016004,Nam Hu,21.52625938,97.66442459
adm4,MMR014016005,Wan Long,21.6278434,97.63586059
adm4,MMR014016006,Wan Hway Long,21.60672155,97.78729173
adm4,MMR014016007,Hkay Ong Awayt,21.7697209,97.44204232
adm4,MMR014016008,Hsan Ha,21.53154546,97.3096346
adm4,MMR014016009,Yang Nang,21.52930001,97.58650195
adm4,MMR014016010,Mong Hkun,21.70653633,97.79947434
adm4,MMR014016011,Kone Long,21.47821219,97.50225403
adm4,MMR014016012,Loke Tawng,21.5840041,97.47588998
adm4,MMR014016013,Wan Hpwee,21.68259753,97.49137996
adm4,MMR014016014,Ho Nar,21.71470153,97.62266951
adm4,MMR014016015,Mong Yun,21.77127061,97.25309482
adm4,MMR014016016,Son Law,21.75266249,97.39190725
adm4,MMR014016017,Par Hkawng,21.89898037,97.42769006
adm4,MMR014016018,Nawng Sam Hpu,21.81657145,97.48382979
adm4,MMR014016019,Loi Kon,21.61421599,97.38809569
adm4,MMR014016020,Ton Law,21.98451267,97.45778715
adm4,MMR014016021,Pang Kay Tu,21.8463636,97.56560116
adm4,MMR014016022,Ho Hke,21.96395471,97.59517698
adm4,MMR014016023,Ham Ngaing,21.78085291,97.69838308
adm4,MMR014016024,Nar Hwei,21.96095085,97.31691733
adm4,MMR014016701,Urban,21.60714494,97.51660044
adm4,MMR014017001,Myoma Pang Swea,21.77454547,98.3365967
adm4,MMR014017002,Nar San,21.81612808,98.35364935
adm4,MMR014017003,Maw Mayt,21.87361197,98.39034229
adm4,MMR014017004,Loi Naing,21.86678731,98.34175171
adm4,MMR014017005,Nam Tawng,21.80031828,98.40154133
adm4,MMR014017006,Mong Sam,21.60366075,98.34486251
adm4,MMR014017007,Ho Hseng,21.75158751,98.47883185
adm4,MMR014017008,Ho Pong,21.61025941,98.58058833
adm4,MMR014017009,Hway Hay,21.69926133,98.51115196
adm4,MMR014017010,Haik Par,21.6715473,98.27364251
adm4,MMR014017011,Wan Hsawt,21.77814151,98.26834819
adm4,MMR014017012,Hpar Ya,21.84612232,98.28090294
adm4,MMR014017013,Wan Loi,21.9343299,98.43898318
adm4,MMR014017014,Mong Awt,21.96184171,98.34167038
adm4,MMR014017015,Nar Waun,22.00211925,98.35596849
adm4,MMR014017016,Nawng Et,21.95014113,98.29292965
adm4,MMR014017017,Kun Kyawng,21.94702845,98.19886978
adm4,MMR014017701,Urban,21.90670906,98.35976395
adm4,MMR014017702,Urban,21.66571118,98.36778318
adm4,MMR014018001,Pong Htun,20.27083084,97.98486867
adm4,MMR014018002,Dar Seik,20.31611947,98.0315245
adm4,MMR014018003,Nawng Long,20.39418477,98.01469878
adm4,MMR014018004,Wan Sit,20.4794391,98.17800171
adm4,MMR014018005,Haik Kwayt,20.51771009,98.08173911
adm4,MMR014018006,Wan Sa Lawng,19.97142674,97.783655
adm4,MMR014018007,Loi Long,20.09198629,98.04843344
adm4,MMR014018008,Wan Hat,20.26726916,97.87358811
adm4,MMR014018009,Nar Kan,20.14558781,97.81206193
adm4,MMR014018010,Ma Aun Lawng,20.16586438,97.90930321
adm4,MMR014018011,Wan Ting,20.34981364,97.90449809
adm4,MMR014018012,Nawng Aw,19.85712384,98.14309397
adm4,MMR014018013,Hkon Long,19.82872219,97.90080294
adm4,MMR014018014,Mae Aw,19.64838027,97.9383946
adm4,MMR014018701,Urban,20.33958784,98.00031629
adm4,MMR014018702,Urban,19.7351397,97.98619766
adm4,MMR014019001,Nam Maw Sum,20.53708902,97.89158291
adm4,MMR014019002,Nawng Myaing,20.51396626,97.93348168
adm4,MMR014019003,Wan Hay,20.46613455,97.94524602
adm4,MMR014019005,Nawng Lai,20.62017668,98.07567968
adm4,MMR014019006,Nar Hkan,20.63421254,97.89173636
adm4,MMR014019007,Mai Hai,20.63311532,97.9752681
adm4,MMR014019008,Kun Nar,20.60129611,97.81170365
adm4,MMR014019009,Wan Nar,20.52995428,97.70845071
adm4,MMR014019010,Kone Lun,20.46645798,97.75180953
adm4,MMR014019011,Pang Sein (Kar Ha),20.46570279,97.85557516
adm4,MMR014019012,Kun Long,20.56643927,98.37935111
adm4,MMR014019013,Nawng Hee,20.77331568,98.24577277
adm4,MMR014019014,Nar Pawt,20.67915314,98.45504043
adm4,MMR014019015,Ho Ha,20.86016082,98.36443914
adm4,MMR014019701,Urban,20.51315629,97.8698311
adm4,MMR014019702,Urban,20.75833422,98.29563759
adm4,MMR014020001,Nam Lut,20.13281261,97.66945804
adm4,MMR014020002,Ho Loi,20.36452148,97.73853788
adm4,MMR014020003,Mong Poke,20.22024472,97.67279875
adm4,MMR014020004,Sint Win,20.24241886,97.76274233
adm4,MMR014020005,Sint Hseng,20.26500778,97.68257903
adm4,MMR014020006,Ho Nam,20.22804872,97.54010797
adm4,MMR014020007,Pang Tan,20.42527465,97.55797744
adm4,MMR014020008,Ka Du Gyi,19.888003,97.62219562
adm4,MMR014020701,Urban,20.22705909,97.72641626
adm4,MMR014021001,Mongpan (East),20.29916471,98.39967315
adm4,MMR014021002,Kone Keng,20.39838702,98.34276361
adm4,MMR014021003,Nam Ting,20.3190488,98.31519947
adm4,MMR014021004,Nawng Lum,20.11287794,98.35267728
adm4,MMR014021005,Nawng Hee,20.23153609,98.3917396
adm4,MMR014021007,Woe Laing,20.28659514,98.56425951
adm4,MMR014021008,Nar Law,20.34933934,98.23060955
adm4,MMR014021009,Hsar War,20.32137625,98.12948528
adm4,MMR014021010,Nawng Yin,20.2246802,98.31203959
adm4,MMR014021011,Nar Mun,20.13158001,98.19544829
adm4,MMR014021701,Urban,20.3163471,98.3699673
adm4,MMR015001001,Hu Mun,22.96852278,97.78368796
adm4,MMR015001002,Man Aing,22.9074954,97.75720563
adm4,MMR015001003,Mae Han,22.89828387,97.71195231
adm4,MMR015001004,Loi Tauk,23.04602223,97.61734057
adm4,MMR015001005,Nam Tun,23.14258831,97.71479688
adm4,MMR015001006,Wein Htang,22.99583013,97.85437269
adm4,MMR015001007,Kone Hsar,23.08399405,97.84727324
adm4,MMR015001008,Tar Pong,22.99993343,97.79396228
adm4,MMR015001009,Ho Nam,23.08900122,97.92187496
adm4,MMR015001010,Man Kat,23.00969942,98.22934104
adm4,MMR015001011,Man Pying,23.01702478,97.90501435
adm4,MMR015001012,Mat Hki Nu,23.03153386,97.85076694
adm4,MMR015001013,Ho Peik,23.05770712,97.74646083
adm4,MMR015001014,Kawng Kye,23.03750819,97.79264808
adm4,MMR015001015,Sum Kwei,23.02356809,97.73280529
adm4,MMR015001016,Ho Nar,22.92911678,97.82727502
adm4,MMR015001017,Ei Naing,22.9769051,97.65373983
adm4,MMR015001018,Nar Kun Long,22.99910179,97.69748271
adm4,MMR015001019,Kawng Kye (Ei),22.92215924,97.64742887
adm4,MMR015001020,Nam Pawng,22.74547727,97.83546683
adm4,MMR015001021,Hkon Son,22.77793034,97.92704838
adm4,MMR015001022,Loke Waun,22.81603126,97.82704883
adm4,MMR015001023,Man Sei,22.81161033,97.87865925
adm4,MMR015001024,Ho Nar Kone Hsar,22.85714044,97.87789123
adm4,MMR015001025,Pang Hto Len,22.87563231,97.85536686
adm4,MMR015001026,Nam Ma Baw Da,22.72474902,97.86881044
adm4,MMR015001027,Man Pyin,22.8000182,97.77545864
adm4,MMR015001028,Mein Keng,22.84689863,97.75132517
adm4,MMR015001029,Pang Huong,22.87677028,97.79951196
adm4,MMR015001030,Nar Nang (Man Long),22.87399977,97.98290379
adm4,MMR015001031,Loi Kan,22.9216331,97.98404662
adm4,MMR015001032,Sei Pawng,22.84037412,97.9909682
adm4,MMR015001033,Kun Hlyoe,22.86550953,98.0237535
adm4,MMR015001034,Mong Pai,22.87150718,97.92527846
adm4,MMR015001036,Kone Mon,22.81217932,97.94530966
adm4,MMR015001037,Nawng Mun,22.78855069,97.64002435
adm4,MMR015001038,Pong Htun,22.7412099,97.60035091
adm4,MMR015001039,Man Hsan Yae Kya,22.80310134,97.58119227
adm4,MMR015001040,Nar Ma Hkaw,22.76664913,97.57284491
adm4,MMR015001041,Mauk Tawng,22.72157995,97.76300623
adm4,MMR015001042,Nam Pu,22.70650189,97.71154427
adm4,MMR015001043,Nawng Hpawt,22.88052527,97.65665405
adm4,MMR015001044,Man Pwe Long,22.84761555,97.6105003
adm4,MMR015001045,Hkay Nin,22.80394036,97.70906452
adm4,MMR015001046,Sei In (Hsin Int),22.70631782,97.56491185
adm4,MMR015001047,Han Nar,22.68886339,97.64139874
adm4,MMR015001048,Hkar Shi,22.85742483,97.69367763
adm4,MMR015001049,Mong Yaw,23.03608573,98.07305065
adm4,MMR015001050,Long Mun,23.02683975,98.02601863
adm4,MMR015001051,Kun Hpyu,22.98214958,98.0792936
adm4,MMR015001052,Pang Hto Len,23.05656915,98.11716568
adm4,MMR015001053,Pan Tha Pyay,22.9935542,98.14912464
adm4,MMR015001054,Loi Sat,23.06645003,98.15601385
adm4,MMR015001055,Man Kawng,23.05314897,97.98586565
adm4,MMR015001056,Kun Kyaing,23.09774955,97.96652129
adm4,MMR015001057,Kawng Kaw,22.98772211,97.94800303
adm4,MMR015001058,Loi Len,22.94110559,97.90655104
adm4,MMR015001059,Man Long,23.13682826,98.28535684
adm4,MMR015001060,Nawng Aw,23.19483321,98.32502882
adm4,MMR015001061,Nam Lin Hkam,23.14186861,98.33635525
adm4,MMR015001062,Ho Lin,23.15276284,98.42314932
adm4,MMR015001063,Man Kat,23.07875952,97.88280141
adm4,MMR015001064,Loi Hkam,23.07671741,98.310033
adm4,MMR015001065,Kawng Kaw Sa Kan,23.08698479,98.37593218
adm4,MMR015001066,Pang Yar Yone (Taik),23.09292193,98.48491407
adm4,MMR015001067,Pang Shaw,23.08785925,98.19536604
adm4,MMR015001069,Pang War,23.08373415,98.24932356
adm4,MMR015001071,Hpar Hpeint,23.0101284,98.39936907
adm4,MMR015001072,Nawng Wu (Nawng Woe),23.00067239,98.29070457
adm4,MMR015001073,Kawng Kye (Yaw),22.96080946,98.33614369
adm4,MMR015001074,Hseng Lai,22.97402262,98.44651514
adm4,MMR015001075,Ho Hko,23.13253463,98.02798929
adm4,MMR015001076,Mong Lin,23.15512286,98.07260132
adm4,MMR015001077,Pang Kawng Mu,23.17715106,98.21111113
adm4,MMR015001078,Nam Maw,23.18450436,98.11242402
adm4,MMR015001701,Urban,22.95287186,97.74027859
adm4,MMR015002001,Hkam Tein,23.30692342,97.93169265
adm4,MMR015002002,Pang Lawt,23.32607031,98.05120528
adm4,MMR015002003,Kawng Haw,23.26395647,97.94934478
adm4,MMR015002004,U Yin Hmu,23.28234318,97.90747159
adm4,MMR015002005,Ping Hsar,23.23999877,97.91680342
adm4,MMR015002006,Taing Yet,23.30040168,97.99966179
adm4,MMR015002007,Mong Yang,23.2839196,98.06430838
adm4,MMR015002008,Ho Ton,23.21763842,97.96351555
adm4,MMR015002009,Ho Pang Myin,23.1882141,97.99783844
adm4,MMR015002010,Nawng Kyawng,23.23667454,98.03971212
adm4,MMR015002011,Mong Li,23.16465021,97.8678254
adm4,MMR015002012,Nar Hsawt,23.21229489,97.8796317
adm4,MMR015002013,Nar Ngin,23.1461618,97.95220265
adm4,MMR015002014,Mong Par,23.2611516,97.84769979
adm4,MMR015002015,Mauk Sa Li,23.25992272,97.88776391
adm4,MMR015002016,Kawng Aing,23.2727197,97.81351821
adm4,MMR015002017,Kawng Mu Hpeik,23.19984319,97.75686602
adm4,MMR015002018,Sei Au,23.34891136,98.1118891
adm4,MMR015002019,Kone Nyaung,23.28465822,98.1655021
adm4,MMR015002020,Kun Kauk,23.33016945,98.17700396
adm4,MMR015002021,Nam Sa Lat,23.3717067,98.24307764
adm4,MMR015002022,Kawng Kaw,23.31687994,98.2504391
adm4,MMR015002023,Hway Tawng,23.24058362,98.15567511
adm4,MMR015002024,Nam Toke,23.24563621,98.09807895
adm4,MMR015002025,Man Len,23.26182751,98.26735384
adm4,MMR015002026,Kawng Wein,23.33422337,98.3027178
adm4,MMR015002027,Shan Ton Nge,23.25244311,98.20636053
adm4,MMR015002028,Loi Hseng,23.24268369,98.31229309
adm4,MMR015002029,Nar Tee,23.33830588,98.38530578
adm4,MMR015002030,Nawnghkio,23.2932421,98.3438969
adm4,MMR015002031,Pang Tee,23.3717067,98.2999381
adm4,MMR015002032,Man Kan,23.22289887,98.37523846
adm4,MMR015002701,Urban,23.30141192,97.96287877
adm4,MMR015003001,Nar Hpyaing,22.48375046,98.06806042
adm4,MMR015003002,Loke Hkaik,22.43802863,97.98937804
adm4,MMR015003003,Nar Hko,22.46639164,98.12466266
adm4,MMR015003004,Ho Ya Ywar Ma,22.55117546,97.98144436
adm4,MMR015003005,Nawng Mo,22.52764143,98.03451463
adm4,MMR015003006,Kawng Mawng,22.61764387,97.99469662
adm4,MMR015003007,Loi Ngin,22.65602795,97.89727846
adm4,MMR015003008,Man Kyawng Pang Hsin,22.57290689,97.84928654
adm4,MMR015003009,Pong Htun,22.74220542,98.00137201
adm4,MMR015003010,Man Hsant,22.46824995,97.92301998
adm4,MMR015003011,Nam Sum,22.52736931,97.92620846
adm4,MMR015003012,Kone Son,22.3926815,97.90471134
adm4,MMR015003013,Pang Lan,22.38540226,97.84417673
adm4,MMR015003014,Ho Ti,22.46963499,97.83613055
adm4,MMR015003015,Nar War,22.47338864,98.17346795
adm4,MMR015003016,Man Pong,22.28940223,97.98846453
adm4,MMR015003017,Ho Hseng,22.39303238,97.96290178
adm4,MMR015003018,Man Hpyet,22.18107796,98.04787788
adm4,MMR015003019,Man Hpai,22.28912984,98.09649758
adm4,MMR015003020,Mong Kawng,22.3817638,98.1190772
adm4,MMR015003021,Long Lai,22.13211826,98.15429133
adm4,MMR015003022,Mong Ha Man Mon,22.31020791,98.2095064
adm4,MMR015003023,Man Kyawng,22.40435355,98.19662697
adm4,MMR015003024,Mong Hing,22.27018629,98.28042534
adm4,MMR015003025,Man Kyu,22.18312952,98.21664985
adm4,MMR015003701,Urban,22.4202812,98.03897171
adm4,MMR015004001,Mong Pat,22.54002415,98.09753066
adm4,MMR015004002,Ho Pat,22.59843793,98.06791344
adm4,MMR015004003,Kone Mon,22.60046609,98.10668271
adm4,MMR015004004,Hko Yawng,22.53629682,98.32420154
adm4,MMR015004005,Man Kat,22.59009485,98.21443657
adm4,MMR015004006,Nar Ngway,22.56269001,98.17761837
adm4,MMR015004007,Ho Tar,22.42332265,98.27761149
adm4,MMR015004008,Long Mon,22.48629571,98.48998537
adm4,MMR015004009,Hway Kyein,22.52276063,98.52542446
adm4,MMR015004010,Ho Man,22.41546239,98.4557029
adm4,MMR015004011,Poke Lawng,22.37934283,98.3460968
adm4,MMR015004012,Mong Keng,22.61731864,98.41608002
adm4,MMR015004013,Pang Nwet,22.71617541,98.42647481
adm4,MMR015004014,Pang Nyawng,22.63604451,98.32330365
adm4,MMR015004015,Nam Hu Loi Kar,22.54719762,98.40043005
adm4,MMR015004016,Nawng Hpar,22.61919639,98.49522325
adm4,MMR015004017,Man Ping,22.60766165,98.55251858
adm4,MMR015004018,Nawng Hkam,22.45019909,98.54707709
adm4,MMR015004019,Nar Hoke,22.50963018,98.23823492
adm4,MMR015004020,Long Pong,22.45936071,98.38890886
adm4,MMR015004021,Wein Mong,22.55064316,98.58628311
adm4,MMR015004022,Nar Lawng,22.42061111,98.58639652
adm4,MMR015004023,Loi Se,22.34217863,98.46920668
adm4,MMR015004024,Mong Kawng,22.2341087,98.470603
adm4,MMR015004025,Nar Kaw,22.30315104,98.50295011
adm4,MMR015004026,Tawng Hyoe,22.13695539,98.35108273
adm4,MMR015004027,Man Loi,22.00508321,98.49858484
adm4,MMR015004028,Nam Sai,21.99732139,98.68433501
adm4,MMR015004029,Pang Hpi,22.07694006,98.68038709
adm4,MMR015004030,Hkan Kone,21.96261006,98.60794985
adm4,MMR015004031,Nam Aum,21.90993861,98.53223437
adm4,MMR015004032,Par Hsan,22.32038606,98.42754481
adm4,MMR015004033,Hse Hi,22.22387512,98.35799567
adm4,MMR015004034,Nawng Hsant,22.29191824,98.3428057
adm4,MMR015004035,Nar Han,22.29831994,98.54534267
adm4,MMR015004036,Nam Lan,22.11470039,98.48123416
adm4,MMR015004037,Kawng Lan,22.16230593,98.56324385
adm4,MMR015004038,Nar Waun,22.0779501,98.62374214
adm4,MMR015004039,Man Kawng,22.04156645,98.58866296
adm4,MMR015004040,Nawng Lai,22.83409264,98.40920389
adm4,MMR015004041,Kawng Sang,22.87118276,98.47821173
adm4,MMR015004042,Nam Hu,22.78384139,98.37172832
adm4,MMR015004043,Pang Lawng,22.87813952,98.58430476
adm4,MMR015004044,Nawng Hkam (Mong Htwun),22.67346357,98.17164602
adm4,MMR015004045,Man Kawng Mu,22.74976309,98.14685727
adm4,MMR015004046,Nawng Hkam (Mong Mar),22.73069231,98.32251327
adm4,MMR015004047,Nam Muse,22.7234194,98.5089089
adm4,MMR015004048,Loi Waw,22.86001679,98.3152885
adm4,MMR015004049,Loi Pyet,22.88965736,98.14987805
adm4,MMR015004701,Urban,22.48914792,98.41173697
adm4,MMR015005001,Man Hpant,22.7373551,98.57102089
adm4,MMR015005002,Mut Hai,22.76594337,98.61618559
adm4,MMR015005003,Yay Hson,22.81157597,98.66586272
adm4,MMR015005004,Nawng Hsaw,22.80847854,98.61847331
adm4,MMR015005005,Kawng Par,22.78414923,98.56885238
adm4,MMR015005007,Mut Pa Lawt,22.82828157,98.65629015
adm4,MMR015005009,Kawng Ta,22.72107863,98.64162651
adm4,MMR015005010,Ka Hsint,22.71662886,98.70061032
adm4,MMR015005011,Man Hkar,22.66712877,98.59240486
adm4,MMR015005012,Loi Hsin,22.7214967,98.61441945
adm4,MMR015005013,Nar Hnyi,22.70407356,98.57603556
adm4,MMR015005014,Man Nwet,22.80679098,98.59005527
adm4,MMR015005015,Kun Pei,22.54837049,98.9003462
adm4,MMR015005016,Nawng Hkam,22.75667294,98.65085205
adm4,MMR015005017,Mar Teit,22.77222291,98.70134632
adm4,MMR015005018,Man Mann Hseng,22.65071485,98.70996873
adm4,MMR015005019,Mong Pat,22.66847407,98.68389806
adm4,MMR015005020,Pang Hpein,22.65558049,98.65256752
adm4,MMR015005021,Pang Kaw (Lower),22.62683316,98.74638035
adm4,MMR015005022,Nyet Kar,22.64370473,98.60742555
adm4,MMR015005023,Man An,22.6163102,98.62669586
adm4,MMR015005024,Man San (Mut Ngar),22.59441317,98.63175062
adm4,MMR015005025,Nam Noke,22.58511392,98.68846246
adm4,MMR015005026,Ho Nam Mar,22.57634256,98.71684152
adm4,MMR015005027,Yawng Au (Pang Leik),22.62188735,98.70801982
adm4,MMR015005028,Nar Kawng,22.52353888,98.65106213
adm4,MMR015005029,Nar Aw,22.54687452,98.63277956
adm4,MMR015005030,Nar Hkar Hseng,22.55997918,98.67478031
adm4,MMR015005031,Nam Hint,22.53712942,98.68729099
adm4,MMR015005032,Nam Kyet,22.51290719,98.62907146
adm4,MMR015005033,Ho Kyet,22.47786601,98.6503886
adm4,MMR015005034,Yawng Lan,22.43577967,98.70945292
adm4,MMR015005035,Ong Long,22.47317151,98.70908041
adm4,MMR015005036,Pang Kaw (Upper),22.62586282,98.65250041
adm4,MMR015005037,Mut Sa Moet,22.67553608,98.75138932
adm4,MMR015005038,Long Lat Hsin,22.69014121,98.77150729
adm4,MMR015005039,Hpan Htu,22.67871333,98.71164648
adm4,MMR015005040,Maw Pa Long,22.63140311,98.7745236
adm4,MMR015005041,Maw Hpyaik (Nawng Chan),22.56012045,98.73603466
adm4,MMR015005042,Man Htan,22.42691499,98.6299794
adm4,MMR015005045,Nam Put,22.42024058,98.67693912
adm4,MMR015005046,Kun Yay,22.40260102,98.62985443
adm4,MMR015005047,Man Htan,22.49003019,98.66771956
adm4,MMR015005048,Ton Nauk,22.41481066,98.65264741
adm4,MMR015005050,To Lar,22.49224069,98.78291998
adm4,MMR015005051,Hway Waun,22.52277322,98.76153879
adm4,MMR015005052,Nam Kit,22.40569238,98.69915751
adm4,MMR015005053,Pang Yawng,22.43496887,98.75616484
adm4,MMR015005054,Hu Ngeit,22.44571878,98.66719321
adm4,MMR015005056,Pang Win,22.41225527,98.73782043
adm4,MMR015005057,Yon Kat,22.49791628,98.81143481
adm4,MMR015005058,Aum Long,22.51936557,98.71449135
adm4,MMR015005059,Nam Kat,22.53537284,98.80481275
adm4,MMR015005060,Hta Mon,22.48494351,98.74803473
adm4,MMR015005061,Kun Ka,22.55831019,98.78577543
adm4,MMR015005063,Pang Lawng,22.45714176,98.64784696
adm4,MMR015005064,Hsan Lu,22.56444054,98.81806596
adm4,MMR015005067,Kone Hkar,22.41968654,98.79834983
adm4,MMR015005068,Pang Ku,22.46780477,98.84920186
adm4,MMR015005071,Ba Yin,22.44908118,98.82565348
adm4,MMR015005072,Ka Long,22.54468632,98.86171528
adm4,MMR015005073,Hlei Pawng,22.51302872,98.88167134
adm4,MMR015005074,Yawng Tein,22.53640664,98.87844266
adm4,MMR015005075,Ta Aw Long,22.57186368,98.92208443
adm4,MMR015005076,Man Mai,22.5175003,98.83718148
adm4,MMR015005078,Mong Hto,22.45989583,98.79749182
adm4,MMR015005079,Huong Put,22.49228862,98.89318019
adm4,MMR015005080,Pang Hpein,22.45632282,98.88657909
adm4,MMR015005081,Huong Kut,22.54993268,98.84420454
adm4,MMR015005082,Hsa Lar,22.57952835,98.88591495
adm4,MMR015005083,Ta Aw Aun,22.50077155,98.85621064
adm4,MMR015005084,Hson Hpoet,22.53711245,98.92008651
adm4,MMR015005085,Nam Tawng,22.5854283,98.93740196
adm4,MMR015005701,Urban,22.17856878,99.166089
adm4,MMR015005702,Urban,22.68922727,98.59949538
adm4,MMR015006001,Nar Hpan,22.63954508,99.102844
adm4,MMR015006002,Nar Hlan,22.59922046,99.12555414
adm4,MMR015006003,Pa Toet,22.699311,99.17544126
adm4,MMR015006004,Kat Kein,22.6023522,99.17418578
adm4,MMR015006005,Yawng Lawng,22.63003682,98.9784869
adm4,MMR015006006,Loi Htu,22.60335436,99.040628
adm4,MMR015006007,Yawng Mawt,22.53683612,99.01770618
adm4,MMR015006008,Hsawng Kye,22.65408862,99.04105665
adm4,MMR015006010,Man Nawng,22.74615763,99.04877992
adm4,MMR015006011,Mut Pa Yee,22.67823148,98.99890836
adm4,MMR015006012,Man Har,22.76244534,98.99076473
adm4,MMR015006013,Mut Mway,22.69483304,99.07333959
adm4,MMR015006014,Loi Len,22.48277938,99.16934973
adm4,MMR015006015,Kun Keint,22.53582946,99.14676893
adm4,MMR015006016,Hpan Lin,22.46807606,99.26641756
adm4,MMR015006017,Hnget Htei,22.43723201,99.08270033
adm4,MMR015006018,Hsee Hsaw,22.39960543,99.18546164
adm4,MMR015006019,Sa Aut,22.56238582,99.29102172
adm4,MMR015006020,Kawng Ka Ya,22.53640787,99.32697851
adm4,MMR015006021,Man Hpant,22.59711263,99.34713835
adm4,MMR015006022,Bin Ngin,22.62589987,99.25146004
adm4,MMR015006023,Hpan Mawt,22.56326804,99.2368921
adm4,MMR015006024,Pa Lat Ka Tayt,22.67586906,99.31661004
adm4,MMR015006025,Mut Sa Moet,22.68332611,99.25993968
adm4,MMR015006026,Son Ya Man,22.735236,99.29496679
adm4,MMR015006028,Yawng Pa Lin,22.74789019,99.26256545
adm4,MMR015006029,Kun Yoe,22.77069648,99.28504433
adm4,MMR015006030,Yawng Tawng,22.7357902,99.19310138
adm4,MMR015006032,Hsa Na,22.74050088,99.14750609
adm4,MMR015006034,Yawng Yoe,22.74911913,99.10816141
adm4,MMR015006701,Urban,22.60930727,99.09169147
adm4,MMR015007001,Pang Waun Myo Ma,23.06725298,99.29208053
adm4,MMR015007002,Man Ping,23.06024225,99.2217386
adm4,MMR015007003,Yawng Yaing,23.02523892,99.18396955
adm4,MMR015007004,Ping Ka Lan,23.04699481,99.35160204
adm4,MMR015007005,Yawng Pa Yay,23.02839245,99.30019077
adm4,MMR015007006,Kawng Lan,23.10818882,99.32549456
adm4,MMR015007007,Si Kaing Yaik,23.09105765,99.34865649
adm4,MMR015007008,Kawng Ki,23.0783647,99.23478207
adm4,MMR015007009,Ngeit Lai,23.08314344,99.3921842
adm4,MMR015007010,Mwayt Ta Ya,22.98787103,99.11082311
adm4,MMR015007011,Yawng Pang,23.00582559,99.20551976
adm4,MMR015007012,Yawng Sein,22.97460424,99.21012432
adm4,MMR015007013,Ngaik Mway,22.9401394,99.15207896
adm4,MMR015007014,Yawng Tee Yar,22.94693415,99.0830787
adm4,MMR015007015,Yawng Kaing,22.99450081,99.14329018
adm4,MMR015007016,Yawng Ngaik,23.02233587,99.24153651
adm4,MMR015007017,War Hka,22.98579741,99.07810324
adm4,MMR015007019,Man Maw,22.93817646,99.11147895
adm4,MMR015007701,Urban,23.05797624,99.30842402
adm4,MMR015008001,Mongmao,22.94477678,99.00232628
adm4,MMR015008002,Man Tat,22.98434502,98.97128144
adm4,MMR015008003,Kat Hi,22.97237692,98.86380521
adm4,MMR015008004,Yawng Pa Lone,22.89352127,98.88113893
adm4,MMR015008005,Ho Mein,22.90846696,98.93755683
adm4,MMR015008006,Yawng Pa Lauk,22.94678774,98.88876094
adm4,MMR015008007,Kawng Wauk,22.92685585,98.76792036
adm4,MMR015008008,Toke Tat,23.00683264,99.02752395
adm4,MMR015008009,Kawng Pee,22.96546614,99.05348494
adm4,MMR015008010,Htat Hting,23.12931076,98.94973541
adm4,MMR015008011,Kein Hsan,22.9073889,99.03885516
adm4,MMR015008012,Pang Hkun (a) Nam Kun Long,23.00481053,98.65178174
adm4,MMR015008013,Kawng Lin,23.0424297,99.13039847
adm4,MMR015008014,Yawng Pyan,23.0788849,99.17314659
adm4,MMR015008016,Man Hkar,23.07497735,99.05187633
adm4,MMR015008017,Kawng Kyi,23.06170201,98.88811517
adm4,MMR015008018,Yawng Nawng,23.13175111,99.0209124
adm4,MMR015008019,Kat Ka Lun,23.07778957,98.99050995
adm4,MMR015008021,Yawng Teit,22.98090503,98.91700249
adm4,MMR015008023,Man Kan,22.84985488,98.74787915
adm4,MMR015008024,Man Hka Yo (Loi Long),22.86422282,99.01177997
adm4,MMR015008025,Long Hkwa,23.06805107,99.10892436
adm4,MMR015008026,Man Hpein,22.8290261,98.80807729
adm4,MMR015008027,Mut Layt Lai Kwar,22.79998619,99.01544092
adm4,MMR015008028,Maw Hlyo,22.7525015,98.85452406
adm4,MMR015008029,Yawng Pang,22.89122608,98.81445914
adm4,MMR015008030,Ong Pong,22.77753387,98.79513362
adm4,MMR015008031,Mut Layt Long,22.7675286,98.91666995
adm4,MMR015008032,Hpan Lai,22.8426498,98.89357982
adm4,MMR015008034,Man Hsun,23.02300313,98.73041765
adm4,MMR015008035,Yon Ka Loet,23.04730681,98.79250015
adm4,MMR015008036,Kawng Hlaing,22.94178395,98.69342503
adm4,MMR015008037,Man Tun,22.81453281,98.98739031
adm4,MMR015008038,Loi Hin,22.94635596,98.61441822
adm4,MMR015008039,Mut Layt (Hpan Mut),22.8294609,98.95350646
adm4,MMR015008701,Urban,22.96907769,98.9647644
adm4,MMR015009001,Nam Pang,24.02683254,97.98406344
adm4,MMR015009002,Sei Lant,23.77769729,97.88495838
adm4,MMR015009003,Hpai Kyawng,23.91476723,97.84840354
adm4,MMR015009004,Nawng Hseng,23.91074255,97.82663847
adm4,MMR015009005,Nawng Lawng,23.88659551,97.79331694
adm4,MMR015009006,Nam Kat,23.90825003,97.8898259
adm4,MMR015009007,Pang Hkam,23.95851214,97.88852332
adm4,MMR015009008,Ting Long (East),23.94286346,97.90937058
adm4,MMR015009009,Mone Yu (105 Maing),23.97854159,98.01736906
adm4,MMR015009010,Tont Hkan Nay,24.00917264,98.00279338
adm4,MMR015009011,Maw Tawng Ywar Ma,23.90767332,97.99633511
adm4,MMR015009012,Man Han,23.89952161,97.94350286
adm4,MMR015009013,Mant Mai,23.95045944,97.96402624
adm4,MMR015009014,Nam Aum,23.77669587,97.99518665
adm4,MMR015009015,Hseng Hkawng,23.83692303,97.96674853
adm4,MMR015009016,Mong Li,23.81606781,98.10163285
adm4,MMR015009017,Nawnghkio,23.80190875,98.05753768
adm4,MMR015009019,Kawng Wein,23.70993066,97.90170173
adm4,MMR015009020,Mant Hai,23.73698804,97.94737697
adm4,MMR015009022,Nam Ngu,23.87168583,97.87322776
adm4,MMR015009023,Mu Lun Pang Hkar,23.82674927,97.90406347
adm4,MMR015009024,Nam Pa Tee,23.83212761,97.85367542
adm4,MMR015009026,Nam Tawng,24.02202551,98.06466384
adm4,MMR015009027,Kying Yang Ton,24.05238931,98.03196403
adm4,MMR015009029,Yi Hku,24.04820012,98.10214999
adm4,MMR015009030,Hpar Hpeik,23.94448479,98.07114022
adm4,MMR015009031,Hpai Kawng,24.07791521,98.10872868
adm4,MMR015009032,Mant Kan,24.08815465,98.51037911
adm4,MMR015009033,Mone Paw Nam Chet (Zay),23.96225056,98.12713416
adm4,MMR015009034,Mai Hpan,23.95622662,98.18885163
adm4,MMR015009035,Nam Chet Ywar Ma,23.91913544,98.20496022
adm4,MMR015009036,Man Nway,23.8658269,98.18287691
adm4,MMR015009037,Mant Sei,23.92279002,98.15567804
adm4,MMR015009038,Man Pying,23.87370169,98.12335475
adm4,MMR015009039,Mant Nawng,23.87049745,98.04354211
adm4,MMR015009040,Ton Aw,24.02890528,98.12056736
adm4,MMR015009041,Kawng Kway,24.0820723,98.14283374
adm4,MMR015009042,Mone Long,24.09535306,98.19640714
adm4,MMR015009043,Kawng Long,24.09211023,98.38328347
adm4,MMR015009044,Pang Lum,24.02365421,98.37237552
adm4,MMR015009045,Nawt Ko,24.09348643,98.24120156
adm4,MMR015009046,Hpaw Maw,24.09270279,98.27814395
adm4,MMR015009047,Man Kan (Mone Koe),24.05974599,98.32363415
adm4,MMR015009048,Man Jat,24.0356879,98.33980526
adm4,MMR015009049,Pang Tawng,24.04998384,98.27460681
adm4,MMR015009050,Pu Wan,24.09474553,98.55907814
adm4,MMR015009051,Mant Kant,24.03529951,98.16048951
adm4,MMR015009052,Hpawng Hseng,24.08247816,98.47262459
adm4,MMR015009053,Mant Yang,24.09227251,98.43212477
adm4,MMR015009054,Loi Wein,24.01991055,98.42913916
adm4,MMR015009055,Loi Hsar,24.05058525,98.20978101
adm4,MMR015009056,Wein Hseng,24.01183951,98.17969118
adm4,MMR015009057,Loi Lumt,23.99185781,98.21245605
adm4,MMR015009058,Ho Nar,23.98685151,98.16137646
adm4,MMR015009059,Loi Ma Kauk,23.94746945,98.22827025
adm4,MMR015009060,Nam Lar Hawt,23.90524064,98.22637708
adm4,MMR015009061,Nawng Hkaw (Manhlyoe (Manhero),23.95857189,97.8537987
adm4,MMR015009062,Nawng Hin (Manhlyoe (Manhero),23.94839473,97.82793766
adm4,MMR015009063,Kauk Kwet (Manhlyoe (Manhero),23.93607492,97.79465508
adm4,MMR015009064,Nawng Hpai (Manhlyoe (Manhero),23.91537423,97.7714544
adm4,MMR015009701,Urban,23.99265814,97.906129
adm4,MMR015009702,Urban,24.09570936,98.3067521
adm4,MMR015009703,Urban,23.95592778,97.81053464
adm4,MMR015009704,Urban,24.07384327,98.07488048
adm4,MMR015010002,Ho Nar,23.83554421,97.70950594
adm4,MMR015010003,Mant Nawng,23.85535033,97.69438122
adm4,MMR015010004,Sei Hai,23.85535033,97.7219783
adm4,MMR015010005,Nawng Hkan,23.87789064,97.75169457
adm4,MMR015010006,Hat Hin,23.88485626,97.72890024
adm4,MMR015010007,Kun Hai,23.87288734,97.68719221
adm4,MMR015010008,Nawng Hkam,23.85761746,97.6750086
adm4,MMR015010009,Man Sum,23.8436495,97.63237682
adm4,MMR015010010,Man Hawng,23.8440695,97.66803828
adm4,MMR015010011,Kun Long,23.82099954,97.63772978
adm4,MMR015010012,Nam Tee,23.81734068,97.6875723
adm4,MMR015010013,Ho Pong,23.80637327,97.65223367
adm4,MMR015010014,Kawng Waing,23.85243171,97.75461864
adm4,MMR015010015,Awe Law Man Sang,23.83517678,97.75010213
adm4,MMR015010016,Pang Hkar (Loi),23.77822367,97.80597194
adm4,MMR015010017,Hsar Lu,23.78860173,97.67234457
adm4,MMR015010018,Man Awng,23.77367757,97.69451904
adm4,MMR015010019,Hpar Len,23.75169826,97.68735258
adm4,MMR015010020,Man Long,23.7924138,97.71021879
adm4,MMR015010021,Nam Hsee Ree,23.8042906,97.73346056
adm4,MMR015010022,Loi Lum (Li Shaw),23.75345906,97.77125914
adm4,MMR015010023,Man Mai,23.73348373,97.74172535
adm4,MMR015010024,Kawng Kat,23.77331351,97.62904986
adm4,MMR015010025,Pat Mar Dein Hsar,23.75071578,97.65589744
adm4,MMR015010026,Tar Kun,23.71845968,97.69574116
adm4,MMR015010027,Man Sat,23.73896719,97.60699134
adm4,MMR015010028,Pang Hsay (Man Sat),23.67605066,97.66571529
adm4,MMR015010029,Man Pu,23.71586659,97.56356946
adm4,MMR015010030,Hin Long,23.79585627,97.588576
adm4,MMR015010031,Mu Kawng,23.83583257,97.80138552
adm4,MMR015010032,Yant Wu,23.78189663,97.53264078
adm4,MMR015010033,Maw Hsway,23.7888863,97.48427579
adm4,MMR015010034,Loi Yaing,23.73871072,97.48728868
adm4,MMR015010035,Loi Chet,23.70323738,97.42398568
adm4,MMR015010036,Mong Wee,23.61087287,97.5015426
adm4,MMR015010037,Loi Hum (Pa Laung),23.64145876,97.44442347
adm4,MMR015010038,Lawt Naw,23.54041659,97.44253564
adm4,MMR015010039,Man Hun (Loi),23.508921,97.55656453
adm4,MMR015010040,Sei Nay (Loi),23.57488352,97.54538609
adm4,MMR015010041,Man Pang (Loi),23.65608263,97.56578974
adm4,MMR015010042,Pang Yoke (Upper),23.67404968,97.50857896
adm4,MMR015010043,Tun Huong (Kachin),23.61609866,97.62160998
adm4,MMR015010044,Ho Pang,23.59955231,97.4572088
adm4,MMR015010701,Urban,23.83305839,97.68198196
adm4,MMR015011001,Hpat Yaing Pying Hoi,23.48441857,97.90939221
adm4,MMR015011002,Kawng Hkar Man Pying,23.51570906,97.80898692
adm4,MMR015011003,En Man Ho Kyan,23.42055488,97.96205556
adm4,MMR015011004,Man Gyat,23.46694386,97.96366212
adm4,MMR015011005,Kar Lai Kone Hsar,23.37125511,97.82222044
adm4,MMR015011006,Loi Kan,23.48747457,97.97156573
adm4,MMR015011007,Nar Nwet,23.54544927,97.91383548
adm4,MMR015011008,Nar Waun,23.53118072,97.95313376
adm4,MMR015011009,Nam Hpat Lun,23.55686312,97.85598826
adm4,MMR015011010,Kawng Lein,23.4929566,97.85242927
adm4,MMR015011011,Ho Hpyet Man Pying,23.62584159,97.9522978
adm4,MMR015011012,Maw Han,23.50129243,98.03669334
adm4,MMR015011013,38-Maing Man Pying,23.35674842,97.96591267
adm4,MMR015011014,Kawng Hkar,23.41767127,98.02813813
adm4,MMR015011015,Loi Hkan,23.40996819,98.12940467
adm4,MMR015011016,Ho Nawng,23.37398635,97.86720696
adm4,MMR015011017,Pang Ku,23.44304029,97.83065398
adm4,MMR015011018,Nam Hu,23.30498955,97.75814287
adm4,MMR015011019,Kyein Mun,23.2844776,97.69561766
adm4,MMR015011020,Nam Hpat Kar,23.64985004,97.79809878
adm4,MMR015011021,Pang Sa Lorp,23.68811898,97.83285163
adm4,MMR015011022,Loi Kan,23.45700363,97.98721147
adm4,MMR015011023,Au Rar Bum Man Pying,23.68952466,97.87882295
adm4,MMR015011024,Au Rar Bum Kawng Lein,23.62224781,97.88446097
adm4,MMR015011028,Pang Kai (Lower),23.59058608,97.83941051
adm4,MMR015011029,Pang Kai Pang Lawt,23.58414796,97.78408786
adm4,MMR015011030,Mong Yu,23.55575337,97.76495411
adm4,MMR015011031,Man Nein Aun,23.58002844,97.72173561
adm4,MMR015011032,Nam Ngun,23.6961644,97.7797396
adm4,MMR015011033,Ho Maw Man Nein (Pa Laung),23.67345266,97.75235161
adm4,MMR015011034,Ho Maw Lawt Khum,23.62947131,97.75739174
adm4,MMR015011035,Ho Maw Ho Pong,23.61713822,97.72787847
adm4,MMR015011036,Nein Lum Hko Mone,23.72085281,97.83039033
adm4,MMR015011039,Man Pu,23.48614208,97.7367337
adm4,MMR015011040,Pyin Pun,23.42893553,97.69201887
adm4,MMR015011041,Ho Kyeint,23.38828768,97.71597175
adm4,MMR015011042,Dein Ga Ri,23.48174644,97.64113159
adm4,MMR015011043,Mong Ya,23.918976,98.30711821
adm4,MMR015011044,Mong Ya Pang Hsat,23.99452587,98.32084896
adm4,MMR015011045,Ho Pong,23.54462465,98.15338511
adm4,MMR015011046,Hko Pyin,23.65790867,98.15391563
adm4,MMR015011047,Man Kyei,23.61907204,98.15120316
adm4,MMR015011048,Ban Nwet,23.48208705,98.16469091
adm4,MMR015011049,Man Pying,23.49757561,98.21052063
adm4,MMR015011050,Long Waun Nam Rein,23.44846013,98.21994075
adm4,MMR015011051,Daung Naw,23.41910865,98.26799241
adm4,MMR015011052,Mong See Wein Mai,23.58399839,98.31676876
adm4,MMR015011053,Ho Et,23.60359871,98.41539055
adm4,MMR015011054,Nam Tawng,23.69516347,98.5220231
adm4,MMR015011055,Man Tet,23.61913571,98.5037597
adm4,MMR015011056,Mong Paw,23.56653817,98.45485792
adm4,MMR015011057,Man Lawng,23.47229161,98.4437256
adm4,MMR015011058,Nam Kan Long,23.68579151,98.25526247
adm4,MMR015011059,Nawng Long,23.62524128,98.27179361
adm4,MMR015011060,Nam Maw,23.59767743,98.23962932
adm4,MMR015011061,King Huong Pying Hkam,23.69397256,98.34318923
adm4,MMR015011062,Ban Kaw,23.7284358,98.45296425
adm4,MMR015011063,Ban Long,23.85956979,98.35233051
adm4,MMR015011064,Mong Htan,23.53886882,98.35602135
adm4,MMR015011065,Yone Maw,23.51174923,98.29609643
adm4,MMR015011066,Man Kan,23.44471212,98.35148892
adm4,MMR015011067,Nawng Kan,23.63647169,98.00212092
adm4,MMR015011068,Tat Naing,23.67018159,98.0539661
adm4,MMR015011069,Long Htan,23.69856887,98.06829655
adm4,MMR015011070,Nam Pa Yon,23.56113273,98.02522769
adm4,MMR015011071,Shauk Haw,23.73379513,98.11262245
adm4,MMR015011072,Man Wein,23.75551368,98.19948168
adm4,MMR015011073,Mong Hum,23.77552982,98.34555175
adm4,MMR015011701,Urban,23.44596482,97.94311286
adm4,MMR015011702,Urban,23.55958608,98.09281539
adm4,MMR015012001,Nam Hu Tawng,22.51905429,97.05422458
adm4,MMR015012002,Man Kyawng (Kywe Kone),22.4687064,97.0493191
adm4,MMR015012003,Hko Mone,22.47032791,97.00984882
adm4,MMR015012004,Pang Lawt,22.42744796,97.11561487
adm4,MMR015012005,Nar Pying,22.49300266,97.10945723
adm4,MMR015012006,Nar Hkaw,22.53936824,97.10896396
adm4,MMR015012007,Kyaukme Gyi,22.59788677,97.03288487
adm4,MMR015012008,Man Kyawng (Kyaukme Gyi),22.53518835,96.95841458
adm4,MMR015012009,Pein Hne Kone,22.54614298,97.00503853
adm4,MMR015012010,Kyu Shaw,22.59356274,96.96381014
adm4,MMR015012011,Ta Khun Taing,22.57266327,97.0774893
adm4,MMR015012012,Mong Tin,22.5130277,96.92550282
adm4,MMR015012013,Loi An,22.77210405,96.66302248
adm4,MMR015012014,Taung Say Leik,22.38019225,96.87962216
adm4,MMR015012015,Nar Aik Hkant,22.40274628,97.0026034
adm4,MMR015012016,Sa Khan Thar,22.44654575,96.96052585
adm4,MMR015012017,Nawng Pein,22.29711233,96.95640974
adm4,MMR015012018,Pin Tein,22.36871323,96.95504626
adm4,MMR015012019,Pin Paw,22.33646318,96.92267754
adm4,MMR015012020,Hkay Hnin,22.34366989,97.01855544
adm4,MMR015012021,Maw Mar,22.28277315,97.02213609
adm4,MMR015012022,Kaw Pawng,22.56155185,96.63084422
adm4,MMR015012023,Tawt Sang,22.69319558,96.81535678
adm4,MMR015012024,Nyaung Mawng,22.75481299,96.78555924
adm4,MMR015012025,Pang Hu,22.70995119,96.85999256
adm4,MMR015012026,Pang Wun,22.64288834,96.80966818
adm4,MMR015012027,Pying Hsint,22.59407317,96.7387767
adm4,MMR015012028,Pang Kun,22.80487529,96.73775337
adm4,MMR015012029,Hu Kut,22.62551959,96.89150707
adm4,MMR015012030,Loi Kon,22.58275267,96.85588295
adm4,MMR015012031,Nawng Pyit,22.57878897,96.90224615
adm4,MMR015012032,Hu Hsun,22.6616662,96.90495959
adm4,MMR015012033,Pang Len,22.64596487,96.85175039
adm4,MMR015012034,Chaung Chauk,22.50872301,97.16442832
adm4,MMR015012035,Kun Kaw,22.66361362,97.05268591
adm4,MMR015012036,Mone Pyin,22.78913159,96.60112721
adm4,MMR015012037,Myo Haung,22.76098479,96.55434036
adm4,MMR015012038,Taung Ni,22.75357517,96.46100502
adm4,MMR015012039,Man Hsin (a) Pa Zi,22.66706151,96.46185359
adm4,MMR015012040,Pang Woe,22.60622301,96.60113927
adm4,MMR015012041,Min Kone,22.81415661,96.77987903
adm4,MMR015012042,Par Hlaing,22.83520743,96.79837119
adm4,MMR015012043,Nam Hkun,22.85246398,96.73948349
adm4,MMR015012044,Loi Hsar,22.84165564,96.68049158
adm4,MMR015012045,Nam Hpan,22.75877668,96.71301948
adm4,MMR015012046,Loi An,22.47668171,96.84481435
adm4,MMR015012047,Kant Kan,22.67519726,96.59325692
adm4,MMR015012048,Hsant Hing,22.66710751,96.71950385
adm4,MMR015012049,Loi Hkam,22.89308989,96.81917163
adm4,MMR015012050,Man Maw,22.91291025,96.73110802
adm4,MMR015012051,Pong Woe,22.31059431,97.17043069
adm4,MMR015012052,Kun Hin,22.24609157,97.18411199
adm4,MMR015012053,Nawng Kun,22.40697093,97.18657831
adm4,MMR015012054,Pang Sam,22.35905439,97.16925358
adm4,MMR015012055,Nawng Shin,22.36853306,97.25442829
adm4,MMR015012056,Nar Aw,22.41057057,97.28507442
adm4,MMR015012057,Taung Hteik,22.25005072,97.27305929
adm4,MMR015012058,Hkant Hke Pawt Inn,22.30259599,97.27259634
adm4,MMR015012059,He Kwi,22.34366989,97.09615628
adm4,MMR015012060,Loi Hsaunt,22.28079355,97.09663189
adm4,MMR015012061,Loi Kyu,22.78924756,97.01262879
adm4,MMR015012062,Kun Kauk,22.72814022,96.93129748
adm4,MMR015012063,Man Hkauk,22.72996359,97.02946002
adm4,MMR015012065,He Hkam,22.84671791,97.06444442
adm4,MMR015012066,Pong Long,22.65301814,96.95660206
adm4,MMR015012067,Chone,22.76200602,96.8833019
adm4,MMR015012068,Kun Sa Lan,22.849201,96.8742245
adm4,MMR015012070,Pang Kwe,22.55428614,96.81735902
adm4,MMR015012701,Urban,22.53531372,97.03097621
adm4,MMR015012702,Urban,22.78314534,96.97380824
adm4,MMR015012703,Urban,22.79562675,96.61955496
adm4,MMR015013001,Kone San,22.31326844,96.85827217
adm4,MMR015013002,Long Yone,22.36047189,96.77638271
adm4,MMR015013003,Ngoke Ka Lay,22.28415949,96.76734633
adm4,MMR015013004,Long Wei,22.21071011,96.77768538
adm4,MMR015013005,Myet Chee Nu,22.26874023,96.8141005
adm4,MMR015013006,Nyan Taw,22.24813825,96.89186779
adm4,MMR015013007,Kan Gyi,22.20267625,96.84957062
adm4,MMR015013008,Shwe Moke Htaw,22.14837265,96.91399158
adm4,MMR015013009,Taung Shey,22.04611583,96.91954541
adm4,MMR015013010,Yae Twin Gyi,21.97981672,96.91100476
adm4,MMR015013011,Nawng Taw,22.12264216,96.80857545
adm4,MMR015013012,Inn Hpo,22.02742844,96.80678457
adm4,MMR015013013,Me Poke,22.10128593,96.94022739
adm4,MMR015013014,Thone Se,22.26740162,96.619078
adm4,MMR015013015,Hsam Ma Hse,22.21284941,96.65893783
adm4,MMR015013016,Ong Ma Hkar,22.30544371,96.7061633
adm4,MMR015013017,Pin Tee,22.36884021,96.68303001
adm4,MMR015013018,Bant Bway,22.17228642,96.66787689
adm4,MMR015013019,Kone Gyi Ywar Ma,22.17895806,96.71567212
adm4,MMR015013020,Kyein Ga Naing,22.15751262,96.61685595
adm4,MMR015013021,Ah Nauk Kyu Inn,22.14545587,96.57041879
adm4,MMR015013022,Nyaung Tauk,22.11232123,96.69168076
adm4,MMR015013023,Hko Ong,22.18646468,96.57648094
adm4,MMR015013024,Kone Thar,22.23638173,96.7175029
adm4,MMR015013025,Seik Hpu,22.47048298,96.72645216
adm4,MMR015013026,Ku Lar Kwe,22.49703997,96.5729893
adm4,MMR015013027,Doe Pin,22.64403356,96.3565145
adm4,MMR015013028,Kyauk Gyi,22.44074275,96.41039184
adm4,MMR015013029,Bant Bway Kyin,22.38082221,96.39149366
adm4,MMR015013030,Ho Hko (North),22.4171998,96.53430613
adm4,MMR015013031,Hsi Hson,22.29523928,96.53552158
adm4,MMR015013032,Kone Gyi,22.35378259,96.54102074
adm4,MMR015013033,Than Bo,22.28268744,96.48205466
adm4,MMR015013034,Tha Yet Kone,22.19249311,96.51898582
adm4,MMR015013035,Ah Htet Kyu Inn,22.35226061,96.6148536
adm4,MMR015013701,Urban,22.32397438,96.80793447
adm4,MMR015014001,Ting San,22.567124,97.31148792
adm4,MMR015014002,Man He,22.55509684,97.28694254
adm4,MMR015014003,Sam Hpeik,22.62619579,97.27489463
adm4,MMR015014004,Ywar Thit,22.64774073,97.28545675
adm4,MMR015014005,Ton Hsint,22.67536055,97.36417932
adm4,MMR015014006,Hsun Long,22.68456071,97.40483317
adm4,MMR015014007,Pang Sauk Mein,22.60095684,97.32111613
adm4,MMR015014008,Mong Lin,22.6176731,97.46262605
adm4,MMR015014009,Kone Thar,22.66304153,97.43818741
adm4,MMR015014010,Nawng An,22.57070861,97.3760181
adm4,MMR015014011,Pang Meik,22.51769721,97.46363827
adm4,MMR015014012,Kun Hkaik,22.6664349,97.52740954
adm4,MMR015014013,Kyin Thi,22.54310023,97.24134755
adm4,MMR015014014,Baw Kyo,22.60534004,97.24665306
adm4,MMR015014015,Lawng Hkun,22.60318675,97.15378635
adm4,MMR015014016,Nam Aun,22.48319696,97.21269966
adm4,MMR015014017,Hsawng Kye,22.47399674,97.55496268
adm4,MMR015014018,Tun Keng,22.57276865,97.52993349
adm4,MMR015014019,Nawng Ton,22.55244382,97.58892043
adm4,MMR015014020,Hseng Lai,22.57806076,97.65390897
adm4,MMR015014021,Ong Mu,22.64525591,97.18481239
adm4,MMR015014022,Man Pyit,22.62304876,97.2333649
adm4,MMR015014023,Pang Hkan,22.70637832,97.15884611
adm4,MMR015014024,Moe Tay,22.69243456,97.33196165
adm4,MMR015014025,Man Sang,22.77432111,97.47572443
adm4,MMR015014026,Hsin Kyawt,22.43060705,97.73747827
adm4,MMR015014027,Nar Taunt,22.37694285,97.74261663
adm4,MMR015014028,Ma Hkaw,22.53554178,97.72511142
adm4,MMR015014029,Pang Sang,22.44156916,97.64174376
adm4,MMR015014030,Nam Ma,22.6761903,97.80915296
adm4,MMR015014031,Hu Mye,22.59526042,97.76418249
adm4,MMR015014032,Kun Hauk,22.7385995,97.24758768
adm4,MMR015014033,Nam Lan,22.26819524,97.37865271
adm4,MMR015014034,Kone Hsar,22.26819524,97.43369361
adm4,MMR015014035,Man Hkaing Hsi Htauk,22.35187247,97.52070877
adm4,MMR015014036,Mant Mun Man Kyawng,22.33293431,97.40488985
adm4,MMR015014037,Kone Son,22.23734912,97.48581047
adm4,MMR015014038,Ho Hke,22.20667953,97.31391573
adm4,MMR015014039,Kawng Hkan,22.13812916,97.89376001
adm4,MMR015014040,Man Li,22.10814939,97.49791121
adm4,MMR015014041,Nam Maw Swe,22.17746463,97.4385613
adm4,MMR015014042,Man Kyawng,22.07239911,97.40318085
adm4,MMR015014043,Nar Lay (Li),22.24999097,97.57025355
adm4,MMR015014044,Kone Yone,22.13343309,97.41660888
adm4,MMR015014045,Nar Ma Hkaw,22.44465845,97.31391931
adm4,MMR015014046,Sei Hkan,22.40786793,97.50139319
adm4,MMR015014047,Kone Hsawt,22.51817052,97.33959133
adm4,MMR015014048,Nam Yang,22.46528187,97.40374939
adm4,MMR015014049,Mong Hkay,22.33580883,97.60011048
adm4,MMR015014050,Mant Mun (Khay),22.24783006,97.64239786
adm4,MMR015014051,Nar Lay,22.1092659,97.35389014
adm4,MMR015014052,Ho Hko,22.19790654,97.5598063
adm4,MMR015014053,Man Pang,22.30084745,97.81178403
adm4,MMR015014054,Pying Nyawng,22.25911035,97.70291257
adm4,MMR015014055,Ho Aun,22.30761563,97.73132897
adm4,MMR015014056,Mong Ton,22.04499908,97.70734977
adm4,MMR015014057,Kun Hkar,22.07148802,97.64115407
adm4,MMR015014058,Hsut Ton,22.06678128,97.81702058
adm4,MMR015014059,Kawng Kyaw,22.15366521,97.81204002
adm4,MMR015014060,Pang Huong,22.1068852,97.58973819
adm4,MMR015014061,Man Pat,21.99202446,97.73537348
adm4,MMR015014062,Man Kyawng,22.15871571,97.72087222
adm4,MMR015014063,Man Maw,22.20537762,97.94357692
adm4,MMR015014064,Mong Lar,22.10601484,97.94155494
adm4,MMR015014065,Kawng Hkan,22.11951032,97.28260842
adm4,MMR015014066,Long Tawng,22.20668654,97.87153861
adm4,MMR015014067,Nar Hpwei,22.21858051,97.79645894
adm4,MMR015014701,Urban,22.61702136,97.29682657
adm4,MMR015015001,Kyu Hsawt,23.15026286,97.3273392
adm4,MMR015015002,Hsaik Hkawng,23.08206527,97.44984274
adm4,MMR015015003,Hko Mo,23.04907493,97.39752673
adm4,MMR015015004,Baw Twin,23.10271453,97.31616032
adm4,MMR015015005,Hu Hsar,23.08125545,97.22330598
adm4,MMR015015006,Hin Poke,23.14355845,97.22096461
adm4,MMR015015007,Man San,22.94129624,97.43893447
adm4,MMR015015008,Nam Taung Kone,22.98775883,97.41498404
adm4,MMR015015009,Pang Hsawt,22.92005279,97.38960678
adm4,MMR015015010,Mong Mu,22.8907987,97.43018833
adm4,MMR015015011,Pang Long,22.80982882,97.38563054
adm4,MMR015015012,Chaung Hsar,22.79864412,97.30635791
adm4,MMR015015013,Loi Pyay,23.08105275,97.53330986
adm4,MMR015015014,Mong Tat,23.20006466,97.39710626
adm4,MMR015015015,Loi Ngin Nam Hmyaw,22.89086322,97.56222382
adm4,MMR015015016,Nar Hseng,22.990042,97.51032011
adm4,MMR015015017,Pang Chin,22.90604012,97.49151921
adm4,MMR015015018,Mong Yin,23.14052341,97.50750004
adm4,MMR015015019,Wein Nang,23.12606816,97.586661
adm4,MMR015015020,Man Hsar Long,23.23582407,97.55608743
adm4,MMR015015024,Hpar Sum,23.12298478,97.43411616
adm4,MMR015015701,Urban,23.0884172,97.40158738
adm4,MMR015016001,Ngun Hseng,22.96800317,97.18857839
adm4,MMR015016002,Man Loi,22.98578588,97.23105705
adm4,MMR015016003,Nam Len,22.99163873,97.3103619
adm4,MMR015016004,Hkay Hkin,23.03712643,97.243483
adm4,MMR015016005,Taung Kyaw,23.00280953,97.18451924
adm4,MMR015016006,Ahr Ram,23.01302872,97.12717863
adm4,MMR015016007,Hu Hkin,23.08794689,97.11085352
adm4,MMR015016008,Man Long,23.04670225,97.0195997
adm4,MMR015016009,Hu Man,23.10113853,96.92701183
adm4,MMR015016010,Za Yang,22.98148863,97.15077857
adm4,MMR015016011,Kayah Lan,22.94319904,97.11404191
adm4,MMR015016012,Kayah,22.93686436,97.09377976
adm4,MMR015016013,Kyauk Hpyu,22.92123883,97.15085583
adm4,MMR015016014,Hpa Yar Gyi,22.93313068,97.19922242
adm4,MMR015016015,Long Tauk,22.92996661,97.26979491
adm4,MMR015016016,Man Kan,22.86802756,97.26252783
adm4,MMR015016017,Taung Ma,22.84660534,97.20815943
adm4,MMR015016018,Li Lu,22.88041923,97.31129947
adm4,MMR015016019,Ah Nauk Kin,22.95069633,97.06521993
adm4,MMR015016020,Kun Hei,22.85215416,97.16730888
adm4,MMR015016021,Man Nauk,22.87002798,97.12635093
adm4,MMR015016022,Kyauk Hpyu Lay,22.7550189,97.07517333
adm4,MMR015016023,Myo Thit,22.8703262,97.00990264
adm4,MMR015016024,Nam Tway,22.83366004,96.94107937
adm4,MMR015016025,Ong Ma Sum,22.81233573,97.13658524
adm4,MMR015016026,Pan Nin,22.78229114,97.11546226
adm4,MMR015016027,Kawng Ka Law,22.93545727,96.98945152
adm4,MMR015016701,Urban,22.96262553,97.16197007
adm4,MMR015017001,Taung Kaing,23.04712533,96.65929364
adm4,MMR015017002,Let Khoke Pin,23.11185403,96.62115198
adm4,MMR015017003,Myit Son,23.23260663,96.56986987
adm4,MMR015017004,Shwe Zar Li,23.14897609,96.66025997
adm4,MMR015017005,Thea Ni,23.12798651,96.74937039
adm4,MMR015017006,Lel Gyi,23.06555339,96.71702379
adm4,MMR015017007,Ma Gyi Pin,23.11164609,96.57170028
adm4,MMR015017008,Pa Thin,23.1173273,96.51878016
adm4,MMR015017009,Moe Hauk,23.17221028,96.41809917
adm4,MMR015017010,Nam Hput,23.05273022,96.43906741
adm4,MMR015017011,Thit Seint Kone,23.13451088,96.27396156
adm4,MMR015017012,Pa Dan,23.05559167,96.59452559
adm4,MMR015017013,Moe Bon,23.05526796,96.77876928
adm4,MMR015017014,Hsint Kin,23.16107774,96.75422547
adm4,MMR015017015,Man Pat,23.07807515,96.83572304
adm4,MMR015017016,Loi Hsar,22.9947133,96.68489581
adm4,MMR015017017,Shwe Nyaung Pin (Teng Hu Hkam),22.97491303,96.76674665
adm4,MMR015017018,Nar Hkar Long,22.9689132,96.82616786
adm4,MMR015017019,Hin Hkoke,22.94962802,96.86299049
adm4,MMR015017020,Man Kawng,22.97177881,96.90929937
adm4,MMR015017021,Mong Nin,23.21155562,96.7677748
adm4,MMR015017022,Moe Lo,23.30095848,96.78477396
adm4,MMR015017023,He Htin,23.37013693,96.97566966
adm4,MMR015017025,Loi Yar,23.2938124,96.90328979
adm4,MMR015017026,Man Yun Au Yar,23.23934406,96.83162077
adm4,MMR015017027,Tone Gyi,23.17747304,96.85811291
adm4,MMR015017028,Yae Pone,23.18913585,96.93975561
adm4,MMR015017701,Urban,23.10883732,96.66808905
adm4,MMR015018001,Hko Tar,23.5534541,96.58461317
adm4,MMR015018002,Ma Hlaing Kone,23.44721478,96.53916583
adm4,MMR015018003,Ba He,23.37406033,96.38427903
adm4,MMR015018004,Kone Ma Hkan,23.49340596,96.66637417
adm4,MMR015018005,La War,23.39237599,96.71784596
adm4,MMR015018006,Si Ping,23.55321041,96.80208313
adm4,MMR015018007,Ton Kwar,23.54784985,97.04409852
adm4,MMR015018008,Ma Au Kone,23.62130733,96.47541602
adm4,MMR015018009,Mae Sa Li,23.65423909,96.57763804
adm4,MMR015018010,Yan Bo,23.75922214,96.7463062
adm4,MMR015018015,Kun Chaung,23.85504266,96.67569829
adm4,MMR015018016,Moe Lone,23.74601199,96.60539837
adm4,MMR015018017,Chaung Wa,23.93989565,96.65690563
adm4,MMR015018018,Ngar Oe,24.03661686,96.50141991
adm4,MMR015018019,Hkat Hkon,24.08967117,96.54492638
adm4,MMR015018020,Ngoet Hsin,24.06937778,96.66192991
adm4,MMR015018701,Urban,23.47279648,96.62834848
adm4,MMR015019001,Nam Hai,23.29398091,97.49073313
adm4,MMR015019002,Nawng Sang,23.28639344,97.44298435
adm4,MMR015019003,Kone Nyaung,23.4095173,97.44420483
adm4,MMR015019004,Mong Hoke,23.27363271,97.39684235
adm4,MMR015019005,Tun Hsay,23.2329786,97.26319318
adm4,MMR015019006,Pang Nang,23.25845778,97.34038818
adm4,MMR015019007,Loi Kyu,23.38400489,97.2927551
adm4,MMR015019008,Kawng Hson,23.33302891,97.26508071
adm4,MMR015019009,Hawng Kan,23.31856399,97.55518654
adm4,MMR015019010,Pang Hsan (a) Nam Hu Hseng Hkawng,23.39227306,97.54173753
adm4,MMR015019011,Hsaik Hkawng,23.30043582,97.62620602
adm4,MMR015019012,Nam Nat,23.42848596,97.49178663
adm4,MMR015019014,Hseng Lein (Pa),23.57934955,97.36791171
adm4,MMR015019015,Manton (Kachin),23.26752649,97.18415603
adm4,MMR015019016,Manton (Pa Laung),23.27721752,97.11947497
adm4,MMR015019017,Man Pat,23.20768068,97.17152978
adm4,MMR015019018,Man Pun (Kachin),23.16276611,97.12047416
adm4,MMR015019019,Man Pun (Pa Laung),23.16392854,97.01607843
adm4,MMR015019020,Maw Long,23.25513002,97.05181421
adm4,MMR015019021,Man Kyawt,23.33233566,97.03182304
adm4,MMR015019022,Pang Kone,23.34681071,97.13031078
adm4,MMR015019023,Man Mauk,23.43371139,97.09710532
adm4,MMR015019024,Man Nar,23.50160152,97.28687253
adm4,MMR015019025,Say Kaw,23.42814107,97.20507057
adm4,MMR015019026,Hu Lein,23.38400388,97.17230016
adm4,MMR015019027,Man Kaw,23.58616984,97.2456564
adm4,MMR015019028,Nar Aw,23.4008403,97.36949583
adm4,MMR015019029,Mone Hka,23.51027641,97.17581403
adm4,MMR015019701,Urban,23.25444861,97.12087505
adm4,MMR015020001,Pang Sang Nam,23.39809547,98.65136159
adm4,MMR015020002,Ton Kyet,23.42581497,98.62982793
adm4,MMR015020003,Nam Hu,23.46152578,98.73712374
adm4,MMR015020004,Kawng Kye,23.45398173,98.7113026
adm4,MMR015020005,Kone Nyaung,23.44356977,98.67478919
adm4,MMR015020006,San Pya,23.49317109,98.78151834
adm4,MMR015020007,Mant Hkar,23.46492851,98.63397301
adm4,MMR015020008,Shaung Ti Lin,23.48130914,98.69012936
adm4,MMR015020009,Tar Huong Ma Shu,23.51107079,98.736717
adm4,MMR015020010,Wawt Chone,23.51851806,98.51638805
adm4,MMR015020011,Nam Sun,23.54761458,98.56996217
adm4,MMR015020012,Tar Pawng Pawng,23.61947188,98.59156896
adm4,MMR015020013,Pying Ye,23.41416983,98.51561027
adm4,MMR015020014,Tar Shwe Htan,23.45710454,98.54172837
adm4,MMR015020015,Kan Mong,23.31784074,98.49658442
adm4,MMR015020016,Ho Li,23.36431103,98.63121075
adm4,MMR015020017,Nawng Mo,23.25963848,98.55488854
adm4,MMR015020018,Nam Kyin Hsan,23.23297671,98.49168856
adm4,MMR015020019,Pang Ma,23.35705697,98.5993246
adm4,MMR015020020,Man Pying,23.36716205,98.68531711
adm4,MMR015020021,Pang Huong,23.29917826,98.58561364
adm4,MMR015020022,Tat Tu,23.27395466,98.62769771
adm4,MMR015020023,Wa Soke,23.29530366,98.69065903
adm4,MMR015020024,Pang Hai,23.24845683,98.42592663
adm4,MMR015020025,Hpar Hpein,23.36574497,98.54363901
adm4,MMR015020701,Urban,23.41687122,98.65068395
adm4,MMR015021001,Nawng Mo,23.42927119,98.80104166
adm4,MMR015021002,San Pya (Myaung Zee),23.45433035,98.80452072
adm4,MMR015021003,Maw Hwayt,23.42300082,98.71155052
adm4,MMR015021004,Har Hpyat,23.3804668,98.721334
adm4,MMR015021005,Hpat Har,23.37074231,98.75977858
adm4,MMR015021006,Pang Kauk,23.33532958,98.83974905
adm4,MMR015021007,Tar Ko,23.37894603,98.841228
adm4,MMR015021008,Nam Hseng,23.31071841,98.82702873
adm4,MMR015021009,Man Kawng,23.31823849,98.77801575
adm4,MMR015021010,Hpar Lin,23.37621146,98.79456136
adm4,MMR015021011,Shwe War,23.42800424,98.75938818
adm4,MMR015021013,Hpar Chan,23.22534899,98.79175054
adm4,MMR015021014,Ching Huong Keng,23.23286845,98.83414145
adm4,MMR015021015,Hsi Par Hseng,23.24981968,98.81301043
adm4,MMR015021016,Mone Kun (Ywar Ma),23.27388309,98.79089549
adm4,MMR015021017,Ahr Waw Keng,23.31249184,98.74426032
adm4,MMR015021018,Pang Hkun,23.27585259,98.821375
adm4,MMR015021019,Ahr Ko Keng,23.27106709,98.76124909
adm4,MMR015021020,Man Kawng (2),23.18424436,98.5554003
adm4,MMR015021021,Man Hseng,23.23745059,98.87491643
adm4,MMR015021022,Nam Mu,23.25663792,98.84773577
adm4,MMR015021023,Tar Aik,23.27667296,98.85398848
adm4,MMR015021024,Hpar Kwet,23.28984009,98.83749015
adm4,MMR015021025,Yon Pang,23.20037835,98.83773308
adm4,MMR015021026,Man Han,23.15130809,98.87251111
adm4,MMR015021027,Nar Wee,23.1228989,98.67950171
adm4,MMR015021028,Pang Kan,23.08642991,98.59740831
adm4,MMR015021029,Loi Hkam,23.07551815,98.66880929
adm4,MMR015021030,Man Htan,23.16086375,98.72203339
adm4,MMR015021031,Nam Ping,23.21651233,98.70813475
adm4,MMR015021032,Kone Hsar,23.17519548,98.66797917
adm4,MMR015021033,Wein Kawng,23.14501079,98.60886971
adm4,MMR015021034,Man Kawng (3),23.2430377,98.73958989
adm4,MMR015021035,Man Au,23.17057149,98.49643942
adm4,MMR015021036,Pang Yawng,23.13092017,98.76181356
adm4,MMR015021037,Loi Hkat,23.10207041,98.75314157
adm4,MMR015021038,Kawng Pyet,23.19367864,98.76961284
adm4,MMR015021039,Man Tun Kaw,23.14842144,98.76301463
adm4,MMR015021040,Man Nar Hsan,23.16182085,98.82114965
adm4,MMR015021042,Pang Huong,22.98968686,98.5433634
adm4,MMR015021043,Pang Yoke,23.02807261,98.61443025
adm4,MMR015021044,Pang Lar,23.03885374,98.54873298
adm4,MMR015021045,Mone Hit,23.11192921,98.78933827
adm4,MMR015021046,Kawng Kun,23.08075537,98.74501916
adm4,MMR015021047,Ho Sum,23.41635855,98.89306393
adm4,MMR015021048,Nam Tar,23.37154048,98.89778747
adm4,MMR015021049,Bin Hin,23.43394429,98.85009377
adm4,MMR015021051,Mar Ong Par,23.40301028,98.83237887
adm4,MMR015021052,Kyin Chan,23.29400147,98.86455748
adm4,MMR015021053,Lauk Yan Ti,23.3101578,98.89888207
adm4,MMR015021054,Shan Shaung Len,23.28630913,98.90422709
adm4,MMR015021701,Urban,23.42656683,98.77021632
adm4,MMR015021702,Urban,23.47289587,98.86088632
adm4,MMR015021703,Urban,23.25438618,98.78699852
adm4,MMR015022001,Tauk Shwe,23.50579563,98.64983272
adm4,MMR015022002,Htin Par Keng,23.7093384,98.77857293
adm4,MMR015022007,Shwe Yin See,23.60747868,98.82840977
adm4,MMR015022012,Man Ton Par,23.5981267,98.72663319
adm4,MMR015022014,Tar Shwe Htan,23.74596502,98.71519282
adm4,MMR015022017,Kyar Zi Shu,23.66481266,98.65654744
adm4,MMR015022023,Man Law,23.77503239,98.6277006
adm4,MMR015022028,Long Htan,23.51643886,98.79426964
adm4,MMR015022701,Urban,23.683971,98.77618466
adm4,MMR015022702,Urban,23.47704644,98.82383343
adm4,MMR015023006,Tar Kone Kyan,23.82315598,98.51948337
adm4,MMR015023008,Kyum Htaik (Lan Hpyi Lin),23.93061874,98.62115627
adm4,MMR015023010,Shauk Kai,23.86881747,98.64925207
adm4,MMR015023012,Shin Hwar (Shin Hpyin Kai),23.97470753,98.49167818
adm4,MMR015023016,Hson Kan,24.06577625,98.69357677
adm4,MMR015023018,Maw Htaik,24.10932776,98.83101661
adm4,MMR015023021,Huong Aik,24.06237901,98.81826081
adm4,MMR015023022,Shin Htan,24.01982393,98.65745167
adm4,MMR015023701,Urban,23.83034434,98.53696519
adm4,MMR015023702,Urban,24.09431654,98.86065038
adm4,MMR015024001,Aye Kyant,21.98384596,98.92646718
adm4,MMR015024002,Kawng Lan,22.00415937,98.78415332
adm4,MMR015024003,Hnget Yawng,21.95145232,98.78517646
adm4,MMR015024004,Nam Taw,21.75553638,98.89395604
adm4,MMR015024005,Hsut Woe,21.86267066,98.89960223
adm4,MMR015024006,Man Wein,21.92001299,98.97912019
adm4,MMR015024007,Yawng Au,21.67785212,98.92613469
adm4,MMR015024008,Tar Kaw Lay,21.61377279,98.88612179
adm4,MMR015024009,Wein Nawng,21.85937615,98.62360449
adm4,MMR015024010,Min Yan Aung,21.80548013,98.76869279
adm4,MMR015024011,Wan Sa Lawng,21.65414312,98.71445635
adm4,MMR015024012,Pang Yang,22.144383,98.79796841
adm4,MMR015024013,Nawt War,22.13932131,98.85452271
adm4,MMR015024014,Yawng An,22.07792653,98.82150704
adm4,MMR015024015,Moke Pyin,22.0299518,99.03140283
adm4,MMR015024016,Nar Lont,22.13101813,98.73356328
adm4,MMR015024017,Kun Hawng,22.05842139,98.94306671
adm4,MMR015024018,Nawt La,22.02058232,98.98444871
adm4,MMR015024019,Aw Hkay Hseng,22.15878591,98.66021618
adm4,MMR015024020,Long Nauk,22.04829223,98.82672735
adm4,MMR015024021,Yawng Pang,22.09751114,98.90690977
adm4,MMR015024022,Yawng Lan,22.10907273,98.97696979
adm4,MMR015024023,Mut Chu,22.07794803,98.97196249
adm4,MMR015024026,Wet Hpa,22.11966178,99.04400827
adm4,MMR015024027,Mut Hai,22.0687081,99.0533208
adm4,MMR015024028,Nawng Pat,22.12656901,99.11227663
adm4,MMR015024701,Urban,21.96034933,98.86846692
adm4,MMR015314001,Wein Kawng,22.28198323,98.93479732
adm4,MMR015314002,Nawng Hkit,22.39519343,98.90741982
adm4,MMR015314004,Sa Lu,22.37794283,98.98913696
adm4,MMR015316001,Nar Kawng,22.35628498,98.68122761
adm4,MMR015316002,Ong Long,22.32182802,98.81371293
adm4,MMR015316003,Wein Hki,22.27474751,98.67701776
adm4,MMR015317001,Nar Lawt,22.17752754,99.11091679
adm4,MMR015317002,Yawng Tin,22.30571339,99.12028926
adm4,MMR015317003,Dein Aw,22.31614161,99.20645137
adm4,MMR015317004,Man Maw,22.29780789,99.04599534
adm4,MMR015317005,Kawng Huong,22.22427196,99.16335282
adm4,MMR015317006,Nam Hpat,22.20374447,99.02121396
adm4,MMR015318002,Gat Maw,22.19137798,98.90712885
adm4,MMR016001001,Yang Law,21.29759612,99.5798105
adm4,MMR016001002,Nawng Kon,21.29902599,99.63765632
adm4,MMR016001003,Loi Long,21.30732874,99.53952569
adm4,MMR016001004,Kat Htaik,21.38470536,99.52464476
adm4,MMR016001005,Pang Mat,21.43610405,99.3985932
adm4,MMR016001006,Mong Pang (Middle),21.32575441,99.36405246
adm4,MMR016001007,Pang Kyu,21.26043576,99.49283848
adm4,MMR016001008,Nam Hkat,21.1385235,99.41282168
adm4,MMR016001009,Mong Inn,21.02096329,99.34452693
adm4,MMR016001010,Nawng Tawng,20.95386423,99.49857158
adm4,MMR016001011,Nam Inn,21.06075102,99.5430141
adm4,MMR016001012,Nar Paw,20.96381609,99.57530511
adm4,MMR016001013,Mong Da Hkun,21.18194414,99.56667116
adm4,MMR016001014,Hway Kwei,21.21339493,99.61143059
adm4,MMR016001015,Mong Zin,21.2063256,99.67719824
adm4,MMR016001016,Mong Lat,21.25443519,99.66128153
adm4,MMR016001017,Mong Lan,21.32092162,99.74607742
adm4,MMR016001018,Kat Taung,21.39421848,99.60203565
adm4,MMR016001019,Wut Hsawng,21.3729926,99.57678992
adm4,MMR016001020,Pin Tauk,21.49249413,99.5583772
adm4,MMR016001021,Yang Kying,21.40053189,99.64073478
adm4,MMR016001022,Kat Hpa,21.40817236,99.72456523
adm4,MMR016001023,Loi Mway,21.18038413,99.78525771
adm4,MMR016001024,Yang Hka,21.05957972,99.78551342
adm4,MMR016001025,Nam Ni/Nam Long,21.12274953,99.91124974
adm4,MMR016001026,Mong Kai,21.25595196,100.0757618
adm4,MMR016001027,Mong Naw/Hpar Ta,21.25945474,99.77674828
adm4,MMR016001028,Mong Ngun,21.24866379,99.91989331
adm4,MMR016001029,Mong Pat (Lower),21.01678246,99.72950047
adm4,MMR016001030,Mong Pat (Upper),21.0517007,99.64255783
adm4,MMR016001031,Tar Lay,21.39043715,99.83773909
adm4,MMR016001701,Urban,21.29153679,99.60522592
adm4,MMR016002001,Wan Hkoke,21.71896548,99.42907113
adm4,MMR016002002,Mong Hnone,21.75084279,99.36829634
adm4,MMR016002003,Mong Kar,21.79859699,99.48366387
adm4,MMR016002004,Nawng Long,21.64996082,99.41847431
adm4,MMR016002005,Hpar Lan/Kaw,21.74913616,99.58757705
adm4,MMR016002006,Wan Nawng Long,21.61781209,99.6284385
adm4,MMR016002007,Mong Han,21.63512172,99.54553047
adm4,MMR016002008,Ton Hpa Kaw,21.85452135,99.33335939
adm4,MMR016002010,Par Pun,21.82981173,99.22861763
adm4,MMR016002011,Par Hkar Long,21.83457678,99.10420442
adm4,MMR016002012,Nam Yang Long,21.87145126,99.26366147
adm4,MMR016002013,Mong Hnyin,21.69774509,99.24312669
adm4,MMR016002014,Hoke Pong,21.73048311,99.06515269
adm4,MMR016002015,Wan Aun,21.59864066,99.27980695
adm4,MMR016002016,Wan Ping,21.72729226,99.31565147
adm4,MMR016002701,Urban,21.75161899,99.46321967
adm4,MMR016003001,Mong Yang,21.90806363,99.55974753
adm4,MMR016003002,Mong Lway,21.75960417,99.73824889
adm4,MMR016003003,Nam Hsi Pang,22.0103091,99.92030098
adm4,MMR016003004,Yang Kawng,21.80578306,99.87554024
adm4,MMR016003005,Yang Ngin,21.88180485,99.87892802
adm4,MMR016003006,Mut Kin,21.91429811,99.90949318
adm4,MMR016003007,Ann Hkit,21.93515018,99.94442984
adm4,MMR016003008,Nam Mawng,21.99137871,99.80288396
adm4,MMR016003009,Par Hsan Kya,22.02559651,99.67520242
adm4,MMR016003010,Mong Hpyan,21.99060977,99.61091382
adm4,MMR016003011,Mun Hkam Hing,21.91563818,99.37858521
adm4,MMR016003012,Pauk Nway,21.9863806,99.28318719
adm4,MMR016003013,Mong Pauk (Kachin),22.04261416,99.15346301
adm4,MMR016003014,Mong Tway,21.98240775,99.45889574
adm4,MMR016003015,Ho Tawng,22.06058325,99.4493721
adm4,MMR016003701,Urban,21.84262089,99.6802323
adm4,MMR016003702,Urban,22.00940502,99.30448748
adm4,MMR016005001,Tar Pin,21.51898084,99.75367842
adm4,MMR016005003,Mong Ma,21.66304849,99.81534461
adm4,MMR016005004,Wan Pong,21.52583447,99.87954335
adm4,MMR016005005,Hta Pang Long,21.40583484,100.03534996
adm4,MMR016005006,Wan Hpar Hkar,21.63001476,100.04640842
adm4,MMR016005701,Urban,21.67016453,100.0188104
adm4,MMR016006001,Mae Nin,20.46372047,99.16168315
adm4,MMR016006002,Kya Ti,20.61025551,99.11965729
adm4,MMR016006003,Mae Hsat,20.55037713,99.22481205
adm4,MMR016006005,Ho Nar,20.64682832,99.25602106
adm4,MMR016006006,Hsaik Hkawng,20.53460312,99.32820787
adm4,MMR016006007,Kawng Hmu Kan,20.488385,99.32714837
adm4,MMR016006008,Hsan Kan,20.38953799,99.22032072
adm4,MMR016006009,Mae Pu Long,20.40777604,99.39334013
adm4,MMR016006010,Mong Tun (Taung Paw),20.60596098,99.50701872
adm4,MMR016006011,Mong Hta Lang,20.48485593,99.60487601
adm4,MMR016006012,Sa Tone,20.39844274,99.53871252
adm4,MMR016006013,Ma Oht,20.51439921,99.41952354
adm4,MMR016006014,Wan Nawng,20.47456632,99.43600541
adm4,MMR016006015,Wan Ton (Mong Twin),20.50737131,99.49040387
adm4,MMR016006016,Ma Huong Kan,20.47763714,99.4948423
adm4,MMR016006017,Ma Huong Loi,20.43810036,99.50210415
adm4,MMR016006018,Mong Yun (Tar Ku),20.2377911,99.42057533
adm4,MMR016006019,Loi Lan,20.20626254,99.25848786
adm4,MMR016006020,Mae Sum Taung,20.43464569,99.25378516
adm4,MMR016006021,Tant Hseng,20.61827016,99.35690524
adm4,MMR016006022,Loi Hsawng,20.72107945,99.31334588
adm4,MMR016006023,Mong Nin,20.88117816,99.34969069
adm4,MMR016006024,Hpan Hpu,20.83703068,99.14244065
adm4,MMR016006025,Nang Mun,20.77839348,99.06829101
adm4,MMR016006026,Wan Kawng,20.75150128,99.41153641
adm4,MMR016006027,Mong Long,20.71173029,99.61254397
adm4,MMR016006701,Urban,20.51174411,99.25438582
adm4,MMR016006702,Urban,20.7430144,99.46658293
adm4,MMR016007001,Yang Mai,21.25121349,98.98343841
adm4,MMR016007002,Hawng Kan,21.37291365,99.00772484
adm4,MMR016007003,Wan Hpyit,21.45196394,98.99131359
adm4,MMR016007004,Yang Hkam,21.25714953,99.06867817
adm4,MMR016007005,Mong Pu Aun,21.18646844,99.08153043
adm4,MMR016007006,Mong Man,21.080872,99.06236227
adm4,MMR016007007,Mong Hlyan,21.07751456,98.90569985
adm4,MMR016007008,Wan Tar Hket,21.55317224,98.97824582
adm4,MMR016007009,Hpar Hkam,21.46076401,98.93883922
adm4,MMR016007010,Nawng Hkit (Wan Chan),21.05026612,99.17116602
adm4,MMR016007011,Hsin Mawng,21.31002252,98.81527354
adm4,MMR016007012,Tar Kaw,21.3447442,98.71400856
adm4,MMR016007013,Loi Long,21.19625661,98.81802187
adm4,MMR016007014,Pyet Kant,21.45048462,98.82213396
adm4,MMR016007017,Htam Yang,20.94809387,98.90902257
adm4,MMR016007019,Nar Kyawng,20.73879057,98.90745567
adm4,MMR016007021,Mong Pu Gyi,20.84675363,98.6597068
adm4,MMR016007023,Mong Shen,21.151812,99.24664142
adm4,MMR016007024,Wan Mat Long,21.23799673,99.26624635
adm4,MMR016007025,Hpar Waw,21.28658875,99.14302917
adm4,MMR016007026,Nam Sho,21.55805232,99.20832529
adm4,MMR016007027,Pang Nawng Long (Thit),21.40027532,99.24430729
adm4,MMR016007028,Nawng Kwe,21.40500594,99.15410636
adm4,MMR016007029,Pang Waun,21.48822029,99.06735938
adm4,MMR016007701,Urban,21.34956092,99.02707559
adm4,MMR016007702,Urban,21.33271262,99.28658387
adm4,MMR016008001,Mong Ton,20.37695629,98.73983933
adm4,MMR016008002,Hpar Chei,20.23376433,98.85705977
adm4,MMR016008003,Me Kin,20.14054313,98.84301905
adm4,MMR016008004,Ho Pang,20.27575,99.14399833
adm4,MMR016008005,Loi Hkam Long,20.53603188,98.9154805
adm4,MMR016008006,Mong Kan,20.57960902,98.69581686
adm4,MMR016008008,Mong Han,20.0223425,98.78158282
adm4,MMR016008009,Nam Hu Hkun,19.8207036,98.801053
adm4,MMR016008010,Hway Aw,19.92404291,98.74940225
adm4,MMR016008011,Hsan Kyu,19.97444073,98.29610302
adm4,MMR016008012,Hway Ah (Hway Ha),19.78005692,98.28529234
adm4,MMR016008013,Hkaing Long,19.71823109,98.31414507
adm4,MMR016008014,Pang Say Htauk,19.75089929,98.42501568
adm4,MMR016008015,Kone Ti Vi,19.85712384,98.32177287
adm4,MMR016008016,Hway Yawng,19.73171654,98.54948573
adm4,MMR016008017,Tan Goe (Tan Woe),19.92292733,98.43425162
adm4,MMR016008701,Urban,20.29950865,98.90586198
adm4,MMR016008702,Urban,19.88646069,98.95692225
adm4,MMR016008703,Urban,19.80439493,98.55162104
adm4,MMR016009001,Loi Taw Hkam,20.46932995,99.77237591
adm4,MMR016009002,Wan Long,20.55913051,99.8072826
adm4,MMR016009003,Mong He,20.69229904,99.76703814
adm4,MMR016009004,Mong Koe,20.66512094,99.96199436
adm4,MMR016009005,Hpan Min,20.56739178,99.90873587
adm4,MMR016009006,Mong Hpone (Ka),20.45445277,100.08830511
adm4,MMR016009007,Mong Hpone (Kha),20.47599042,99.98882897
adm4,MMR016009008,Nam Hkin,20.87793672,100.22615792
adm4,MMR016009009,Mong Pa Hlyo,20.90834525,100.39873273
adm4,MMR016009010,Kyar Hkam Kyauk,20.92330298,100.48728361
adm4,MMR016009011,Nar Yawng,20.71981233,100.02867777
adm4,MMR016009012,Mong Lin (West),20.75142492,100.13021395
adm4,MMR016009013,Mong Lin (East),20.81610896,100.12708192
adm4,MMR016009701,Urban,20.4541645,99.89118813
adm4,MMR016009702,Urban,20.86154599,100.51902889
adm4,MMR016009703,Urban,20.71576725,100.10145975
adm4,MMR016010001,Mong Hpyat,20.96705612,99.88233854
adm4,MMR016010002,Wan Long,20.8957074,99.96495996
adm4,MMR016010003,Nam Kone,20.92636027,100.02704588
adm4,MMR016010004,Nam Lauk,20.96977365,99.98637233
adm4,MMR016010005,Nam Nang,20.99561185,100.04573844
adm4,MMR016010006,Mun Kar Kyawng,21.04234494,99.96396056
adm4,MMR016010007,Hsee Mun,20.8535081,99.88425943
adm4,MMR016010008,Wan Pong,20.85231219,99.91806133
adm4,MMR016010009,Aik Long,20.79678066,99.88168893
adm4,MMR016010010,Hsar Lu,20.82757251,99.8720652
adm4,MMR016010011,Aik Ngu,20.83902604,99.97300909
adm4,MMR016010012,Hway Sho,20.94810056,100.10377538
adm4,MMR016010013,Nam Lan,20.95052676,99.94394238
adm4,MMR016010014,Taw Nyu Nam Hkam (Lower),20.86904193,100.05780945
adm4,MMR016010015,Nam Yun,20.88905105,99.79366295
adm4,MMR016010016,Mong He,20.79023676,99.67515079
adm4,MMR016010018,Kawng Mu,20.83783379,99.81724088
adm4,MMR016010019,Lan Hsat,21.03667776,100.08103304
adm4,MMR016010020,Mong Tin,21.12229358,100.03843457
adm4,MMR016010021,Nam Het Pong,20.94077216,99.7981269
adm4,MMR016010022,Nam Pang,20.89475756,99.63984751
adm4,MMR016010701,Urban,20.88872662,99.92268894
adm4,MMR016011001,Wan Boe,21.20371703,100.38683696
adm4,MMR016011002,Hawng Kyant,21.16257269,100.34404839
adm4,MMR016011003,Wan Kawng,21.08534383,100.40270533
adm4,MMR016011004,Mone Laik,21.08401762,100.24726192
adm4,MMR016011005,Wan Tat,21.2680453,100.45051599
adm4,MMR016011006,Wan Man,21.17345953,100.47255231
adm4,MMR016011007,Wan Par Hoke,21.225287,100.24114395
adm4,MMR016011008,Hway Hpa,21.31104885,100.29995431
adm4,MMR016011009,Wan In,21.18124871,100.57349921
adm4,MMR016011010,Keng Kone,21.12493112,100.62352156
adm4,MMR016011011,Wan Htan Kyant,21.3371236,100.45327888
adm4,MMR016011012,Wan Dun Nwet,21.26315229,100.64278895
adm4,MMR016011013,Mong Lway,21.37211764,100.67043621
adm4,MMR016011014,Wan Hpyat,21.39863558,100.58993034
adm4,MMR016011015,Keng Hkam,21.45971778,100.32843227
adm4,MMR016011016,Mong Hee,21.53062191,100.80285548
adm4,MMR016011017,Mong Hsaw,21.53427884,100.90493631
adm4,MMR016011018,Mong Nang,21.63547048,100.90394637
adm4,MMR016011019,Mong Htan,21.69151345,101.03776853
adm4,MMR016011020,Mong Hkan,21.46209407,100.92627378
adm4,MMR016011701,Urban,21.17946913,100.35723916
adm4,MMR016011702,Urban,21.33535163,100.53280142
adm4,MMR017001001,Shan Kwin,16.90611707,94.63444397
adm4,MMR017001002,Shaw Pyar,16.93264709,94.65744066
adm4,MMR017001003,Ywar Thit,16.86257258,94.72259681
adm4,MMR017001004,Htan Kant Lant,16.86794909,94.68977511
adm4,MMR017001005,Kyauk Chaung Gyi,16.87304682,94.71064567
adm4,MMR017001006,Min Kone,16.89978154,94.67877148
adm4,MMR017001007,Ah Nan Kone,16.86318362,94.66020091
adm4,MMR017001008,Kan Ni,16.83438512,94.71497798
adm4,MMR017001009,Kyaung Pan Kone,16.83454285,94.67766021
adm4,MMR017001010,Lin Win Gyi,16.76846249,94.68616911
adm4,MMR017001011,Kwin Pauk Gyi,16.80578185,94.67202408
adm4,MMR017001012,Pan Pin Seik,16.65380009,94.65277768
adm4,MMR017001013,Gway Kone,16.65096864,94.70132305
adm4,MMR017001014,Yae Ma Nay Pin Kaing,16.72996994,94.67937919
adm4,MMR017001015,U To,16.68588923,94.67297008
adm4,MMR017001016,Hpa Yar Chaung,16.73031791,94.71899999
adm4,MMR017001017,Lein Kone,16.74967381,94.65392743
adm4,MMR017001018,Htan Kone,16.78598743,94.64377346
adm4,MMR017001019,Wet Gyi Kwin,16.72779809,94.64310386
adm4,MMR017001020,Htein Lay Pin Lin Win Gyi,16.77378852,94.6163814
adm4,MMR017001021,Let Pan,16.78700418,94.66636849
adm4,MMR017001022,Me Za Li,16.70566991,94.59178478
adm4,MMR017001023,Ywar Haung Gyi,16.73320928,94.55694995
adm4,MMR017001024,Yae Twin Chaung,16.75103562,94.60343573
adm4,MMR017001025,Taung Tan Kone,16.6546584,94.60967448
adm4,MMR017001026,Kyet Paung,16.6957477,94.69120905
adm4,MMR017001027,Moe Goke,16.81373692,94.64046899
adm4,MMR017001028,Tun Pa Lun,16.83966265,94.64343033
adm4,MMR017001029,Za Yat Seik,16.69608909,94.62827222
adm4,MMR017001030,Thit Poke Kone,16.80440705,94.70574649
adm4,MMR017001031,Sa Par Htar,16.87647425,94.63749861
adm4,MMR017001032,Ma Gyi Kone,16.69084094,94.70617693
adm4,MMR017001033,Shwe Myin Tin,16.90017084,94.74475868
adm4,MMR017001034,Ma Yan Chaung,16.83444876,94.73649689
adm4,MMR017001035,Zin Pyun Kone,16.87265118,94.76399701
adm4,MMR017001036,Koe Su,16.83832285,94.78985886
adm4,MMR017001037,Pauk Kone,16.76239708,94.768496
adm4,MMR017001038,Myo Chaung,16.80335417,94.7887139
adm4,MMR017001039,Pyin Ka Doe Kone,16.79444081,94.78006587
adm4,MMR017001040,Kan Gyi,16.93041781,94.52754397
adm4,MMR017001041,Thea Kone,17.05477033,94.52284933
adm4,MMR017001042,Tha Bawt Kan,17.19399498,94.563712
adm4,MMR017001043,Baw Mi,16.81360228,94.44288573
adm4,MMR017001044,Ma Gyi Zin,17.39289474,94.59743057
adm4,MMR017001045,Nga Kwa,16.7740943,94.56669497
adm4,MMR017001046,Kyet Tu Yway,16.79194805,94.59915122
adm4,MMR017001047,Ah Lel Ywar,16.85000606,94.59361845
adm4,MMR017001048,Tha Lat Khwar,16.81060289,94.61577709
adm4,MMR017001049,Ma Dawt Kone,16.81313414,94.5825563
adm4,MMR017001050,Lay Myet Hnar,16.85546592,94.62496417
adm4,MMR017001051,Tha Zin,16.87966843,94.41525092
adm4,MMR017001052,Sin Ma,16.73229503,94.42238695
adm4,MMR017001053,Sar Hpyu Su (a) Kyauk Hpyar,16.76098439,94.42398168
adm4,MMR017001701,Urban,16.79659481,94.74708577
adm4,MMR017001702,Urban,17.07721179,94.46277576
adm4,MMR017001703,Urban,16.86580775,94.38748122
adm4,MMR017001704,Urban,16.96214049,94.44976096
adm4,MMR017001901,,16.761686,94.49557013
adm4,MMR017002001,Kyaik Lat,16.75958396,94.85783253
adm4,MMR017002002,Ta Kone Gyi,16.85016761,94.83402488
adm4,MMR017002003,Khu Chaung,16.75782864,94.90075261
adm4,MMR017002004,Kyee Taw,16.78791722,94.90414707
adm4,MMR017002005,Kyun Hlyar Shey,16.91947295,94.76767546
adm4,MMR017002006,Na Nwin Ga Yet,16.91001725,94.80647367
adm4,MMR017002007,Hpa Yar Chaung,16.93461087,94.99005895
adm4,MMR017002008,Kwin Yar (East),16.93613903,94.92848686
adm4,MMR017002009,Yway,16.95257666,94.84511829
adm4,MMR017002010,Kyon Yat,16.72061729,94.86896548
adm4,MMR017002011,Ah Su Gyi,16.64938924,94.78212306
adm4,MMR017002012,Yae Twin Kone Lay,16.62509124,94.76897535
adm4,MMR017002013,Yway Kone,16.95306272,94.83028849
adm4,MMR017002014,Sat Kwin,16.92766679,94.95466673
adm4,MMR017002015,Kwin Yar (West),16.9484472,94.91372469
adm4,MMR017002016,Wet Htoe,16.94497244,95.03308513
adm4,MMR017002017,Pyin Ma Ngu,16.9586762,95.00411733
adm4,MMR017002018,Pay Pin Gyi,16.66491224,94.74282738
adm4,MMR017002019,Kyun U,16.69804902,94.86923095
adm4,MMR017002020,Yae Twin Kone Gyi,16.78104214,94.83993124
adm4,MMR017002021,Yae Cho Kone,16.78008647,94.80884711
adm4,MMR017002022,Shan,16.73590942,94.77692971
adm4,MMR017002023,Thea Hpyu,16.75767812,94.80829296
adm4,MMR017002024,Myat Lay Chaung,16.75312923,94.83966811
adm4,MMR017002025,Thaung Gyi,16.7343661,94.8063567
adm4,MMR017002026,Auk Ta Khun Taing,16.72786238,94.84013611
adm4,MMR017002027,Kyon Gyi,16.79106119,94.85711816
adm4,MMR017002028,Ku Lar Kwin,16.80937232,94.90455282
adm4,MMR017002029,Nyaung Pin Thar,16.82452112,94.92873768
adm4,MMR017002030,Khon Zin Kone,16.8603629,94.85601555
adm4,MMR017002031,Pay Pin (Dei Kan),16.66761428,94.77926573
adm4,MMR017002032,Mi Chaung Gaung,16.61808757,94.80387664
adm4,MMR017002033,Let Saung Kwin,16.65201154,94.83305843
adm4,MMR017002034,Kan,16.60402899,94.78330599
adm4,MMR017002035,Htein Taw Gyi,16.66879455,94.80268973
adm4,MMR017002036,Mi Chaung Ta Yar,16.88164676,94.89484257
adm4,MMR017002037,Ah Pin Hnit Se,16.85707115,94.81590454
adm4,MMR017002038,Pi Tauk Pin,16.91648088,94.87815469
adm4,MMR017002039,Dar Ka,16.95900884,94.97639641
adm4,MMR017002040,Leik Ka Bar,16.679039,94.85547373
adm4,MMR017002041,Gon Hnyin Tan,16.66942758,94.87897325
adm4,MMR017002042,Ah Da Lauk,16.87753746,94.96506175
adm4,MMR017002043,Pein Chaung,16.8484145,94.98076395
adm4,MMR017002044,Kyon Da Yei,16.82770032,94.95990054
adm4,MMR017002045,Myin Ka Seik,16.73758814,94.88682488
adm4,MMR017002046,Pauk Kyun,16.79264222,94.96159009
adm4,MMR017002047,Tha Yet Kwin,16.6844015,94.83438649
adm4,MMR017002048,Wea Gyi,16.70184014,94.77682882
adm4,MMR017002049,Hlyaw Kone,16.85783403,94.88577432
adm4,MMR017002050,War Du,16.83220455,94.87907396
adm4,MMR017002051,Let Pan,16.79722241,94.93532945
adm4,MMR017002052,Kyun Taw Kone,16.76870168,94.9168494
adm4,MMR017002053,Nyaung Kone,16.97532199,95.02727534
adm4,MMR017002054,Ka Nyut Kone,16.9052648,94.96594311
adm4,MMR017002055,Shan Ngu,16.68201202,94.73415982
adm4,MMR017002056,Htan Pin,16.86469296,94.91552379
adm4,MMR017002057,Chaung Sauk,16.72123589,94.74817227
adm4,MMR017002058,Yae Twin Seik,16.70197631,94.81423578
adm4,MMR017002059,Ohn Pin Seik,16.83101286,94.90819237
adm4,MMR017002060,Ah Htet Ta Khun Taing,16.76802947,94.87440596
adm4,MMR017002061,Seik Thar,16.92563397,95.01323198
adm4,MMR017002062,Lay Su,16.93926877,94.84910926
adm4,MMR017002063,Nyaung Chaung,16.89790844,95.01192248
adm4,MMR017002064,Kun Thee Pin Seik,16.87730495,94.98951445
adm4,MMR017002065,Ma Tawt Kone,16.96421066,94.80836399
adm4,MMR017002066,Kyon Pa Doke,16.82104532,94.87348475
adm4,MMR017002067,Tha Bawt Ngu,16.9699032,94.94387804
adm4,MMR017002068,Ma Ga Kyun,16.88907212,94.85293555
adm4,MMR017002069,Nyaung Waing,16.7595756,94.94215216
adm4,MMR017002070,Kyu Tan,16.87119656,94.93816992
adm4,MMR017002071,La Har Ka Lu,16.9005602,94.93566762
adm4,MMR017002072,Kyun Gyi,16.91133867,94.84934775
adm4,MMR017002073,Dee Doke,16.86144834,95.00302317
adm4,MMR017002701,Urban,16.91688611,94.90257614
adm4,MMR017003001,Kwet Pyin,17.04545177,94.79183643
adm4,MMR017003002,Kin Tat,16.9442969,94.75924936
adm4,MMR017003003,Khat Ti Ya,17.00925728,94.78866527
adm4,MMR017003004,Shwe Taung Kyun,16.96885401,94.78253067
adm4,MMR017003005,Nga Wun Daunt Gyi,16.9748343,94.75893625
adm4,MMR017003006,Dar Ka Nyaung Kone,16.97664029,94.84197094
adm4,MMR017003007,Shwe Nyaung Pin,17.01374486,94.8311479
adm4,MMR017003008,Tha Min Kone,16.99642386,94.81949019
adm4,MMR017003009,Ein Soe Chaung,16.94143842,94.79712995
adm4,MMR017003010,Ka Nyin Pin,17.10387941,94.91098762
adm4,MMR017003011,Htan Zin Hla Kyoet Kone,17.078877,94.95191346
adm4,MMR017003012,Dei Kone,17.07048441,94.85890272
adm4,MMR017003013,Ma Gyi Kone,17.06414112,94.89432275
adm4,MMR017003014,Tha Yet Taw,17.09840367,94.87769615
adm4,MMR017003015,Kyar Ye,17.05987926,94.96251444
adm4,MMR017003016,Gon Min,17.04844143,95.0036611
adm4,MMR017003017,Sit Pin Gyi,17.10610236,95.0094179
adm4,MMR017003018,Hpa Yar Ni,17.01166523,94.95402176
adm4,MMR017003019,Tha Pyay Kyun,16.98334261,94.96700636
adm4,MMR017003020,Kyun Kone,16.95825373,94.68501172
adm4,MMR017003021,Kwin Kauk,16.99480944,94.73175901
adm4,MMR017003022,Shwe Zan Oe,16.98698358,94.71066957
adm4,MMR017003023,Thea Hpyu,16.91600067,94.69663611
adm4,MMR017003024,Aung Tat,16.92031233,94.72164339
adm4,MMR017003025,Zee Hpyu Kwin,16.95471611,94.71772029
adm4,MMR017003026,Nga Wun Kyo Kone,16.98330002,94.74566785
adm4,MMR017003027,Khway Koke,17.21889457,94.8671434
adm4,MMR017003028,Hpa Yar Kone,17.17109766,94.86891807
adm4,MMR017003029,La Har Ga Mon,17.17033094,94.82913955
adm4,MMR017003030,Gon Hnyin Tan,17.01560552,94.93784461
adm4,MMR017003031,Hnget Pyaw Taw,16.95818989,94.8848747
adm4,MMR017003032,Zee Pin Kwin,16.96082432,94.85987837
adm4,MMR017003033,Nwe Ni Chaung,16.99749104,94.87270014
adm4,MMR017003034,Mee Thway Taik,17.03626484,94.88162685
adm4,MMR017003035,Sin Lan,16.98824232,94.910909
adm4,MMR017003036,Oke Shit,17.01960057,94.90964378
adm4,MMR017003037,Me Za Li Kwin Pauk,16.97201622,94.90766701
adm4,MMR017003038,Lin Tar Kya,17.02042146,94.8556362
adm4,MMR017003039,Si Son,17.05513073,94.81992618
adm4,MMR017003040,Shin Gyi Pyauk,17.04477713,94.84099968
adm4,MMR017003041,Hlay Gyi Tet,17.01996876,94.77005912
adm4,MMR017003042,Pyin Ma Htone,17.0840885,94.76653347
adm4,MMR017003043,Taung Ka Lay,17.0879072,94.79253577
adm4,MMR017003044,Shan Ma Myaung,17.0956157,94.81106715
adm4,MMR017003045,Taung Kwin,17.13283241,94.82161788
adm4,MMR017003046,Kwin Chauk,17.11266305,94.81227888
adm4,MMR017003047,Saung Bon,17.09900879,94.83720262
adm4,MMR017003048,Ta Loke Kone,17.12508858,94.85187396
adm4,MMR017003049,Sat Thwar,17.1875727,94.96147767
adm4,MMR017003050,Htan Ta Pin,17.13759048,94.93327517
adm4,MMR017003051,Shan Kwin,17.12954615,94.9025392
adm4,MMR017003052,Thin Gan Pin Seik,17.13047652,94.88140113
adm4,MMR017003053,Thit Poke Kone,17.16763581,94.92545916
adm4,MMR017003054,Kan Beit Nyaung Kone,17.20506875,94.93858302
adm4,MMR017003055,Kwin Pauk,17.17633733,94.90331128
adm4,MMR017003056,Khay Nan,17.20954098,94.91069338
adm4,MMR017003057,Tha Yet Kone,17.24587889,94.92067749
adm4,MMR017003058,Ma Yan Cho,17.25386206,94.87045942
adm4,MMR017003059,Yone Pin,17.27037608,94.99771367
adm4,MMR017003060,Shwe Yaung Cha,17.25900768,94.95462947
adm4,MMR017003061,Kyee Pin,17.21755505,94.97892447
adm4,MMR017003062,Kyon Ta Dun,17.16084058,94.95747472
adm4,MMR017003063,Nga Bat Chaung,17.24091197,94.99261811
adm4,MMR017003064,Shaw Pyar Kone,17.17999989,94.98081126
adm4,MMR017003065,Htan Zin Hla,17.12907311,94.9697976
adm4,MMR017003066,Kyun Hlyar Gyi,17.1468088,94.65764635
adm4,MMR017003067,Thit Hpyu,17.35689787,94.66008145
adm4,MMR017003701,Urban,17.04115404,94.80499454
adm4,MMR017003901,,17.03280519,94.65229064
adm4,MMR017003902,,17.24473552,94.78157733
adm4,MMR017004001,Ohn Pin Su,16.59364493,94.74559438
adm4,MMR017004002,Kan Kwin,16.51501645,94.68922685
adm4,MMR017004003,Thet Kei Chaung,16.62268751,94.73475941
adm4,MMR017004004,Wet Su,16.58143134,94.71521581
adm4,MMR017004005,Hpyan Yae Kyaw,16.60928077,94.71453107
adm4,MMR017004006,Leik Chaung,16.53723266,94.72230425
adm4,MMR017004007,Ok Pon Yae Kyaw,16.57223378,94.67998203
adm4,MMR017004008,Ah Wa Beik,16.29798897,94.56251793
adm4,MMR017004009,Hin Oe Chaung,16.6110791,94.64038951
adm4,MMR017004010,Ahr Kar,16.28855608,94.44269093
adm4,MMR017004011,Sin Ku Gyi,16.24546581,94.48309407
adm4,MMR017004012,Gon Hnyin Tan,16.58834631,94.60816794
adm4,MMR017004013,Ah Yoe Dar,16.48954238,94.61985371
adm4,MMR017004014,Nga Yant Chaung Taung Chaung,16.55767343,94.60754156
adm4,MMR017004015,Kyauk Tan,16.49469641,94.65824897
adm4,MMR017004016,Na Gone,16.05084768,94.50284615
adm4,MMR017004017,Koe Htaung,16.11849127,94.63124515
adm4,MMR017004018,Ka Nyin Ngu,16.08835032,94.54886423
adm4,MMR017004019,Ah Htet Pyun,16.18411307,94.64345331
adm4,MMR017004020,Kyar Kan,16.13490802,94.58769825
adm4,MMR017004021,Kyauk Ta Gar,16.16414341,94.56854061
adm4,MMR017004022,Kone Tan,16.09706147,94.60624673
adm4,MMR017004023,Daunt Gyi,16.13150287,94.54701122
adm4,MMR017004024,Kha Yin War Chaung,16.35562177,94.51888885
adm4,MMR017004025,Yae Kyaw Gyi,16.3442028,94.57283739
adm4,MMR017004026,Tha Mar Day Wa,16.44690926,94.66087413
adm4,MMR017004027,San Chaung Sin Oe Bo,16.58658392,94.64977552
adm4,MMR017004028,Thone Gwa,16.14689407,94.63101456
adm4,MMR017004029,Kyauk Pon,16.34073758,94.65815932
adm4,MMR017004030,Oke Shit Kwin,16.53961995,94.63608508
adm4,MMR017004031,Poe Laung,16.32909677,94.42586793
adm4,MMR017004032,Taung Ka Lay,16.39110606,94.60150746
adm4,MMR017004033,Kone Ka Lay,16.36839528,94.64296224
adm4,MMR017004034,Oke Thin Baw,16.43214307,94.62621728
adm4,MMR017004035,Gway Chaung,16.01518766,94.55995747
adm4,MMR017004036,Tha Zin Kyun,16.09947848,94.50815264
adm4,MMR017004037,Ta Man Chaung,16.62190593,94.6791951
adm4,MMR017004038,Kan Ni,16.6161186,94.66023262
adm4,MMR017004039,Ku Lar Chaung,16.24876279,94.58140916
adm4,MMR017004040,Thin Gan Kone,16.04746424,94.55226264
adm4,MMR017004041,Hnget Pauk,16.20320632,94.60505613
adm4,MMR017004042,Kwin Chaung,16.61693936,94.60267254
adm4,MMR017004043,Kant Ba Lar (Htein Tan),16.24656835,94.53914085
adm4,MMR017004044,Kan Chaung,16.17278247,94.59586749
adm4,MMR017004045,Shwe Taung,16.46677057,94.63815219
adm4,MMR017004046,Kant Ba Lar Kyun Nyo,16.28093163,94.61878659
adm4,MMR017004047,Zee Hpyu Seik,16.06870807,94.5931758
adm4,MMR017004048,Thit Poke Teik,16.23143249,94.63085283
adm4,MMR017004049,Taw Gyi,16.42830039,94.58651224
adm4,MMR017004050,Kyar Kwin,16.41607976,94.66188213
adm4,MMR017004051,Thea Kone Gyi,16.22806538,94.47007808
adm4,MMR017004052,Nga Pyay Ma,16.09696836,94.33551357
adm4,MMR017004053,Me Kha Ye,16.03858488,94.33142738
adm4,MMR017004054,Myo Thit,16.06951742,94.40401647
adm4,MMR017004055,Dee Du Kone,15.88652597,94.4196074
adm4,MMR017004056,Kyon Ku,16.17377405,94.48553203
adm4,MMR017004057,Hpa Yar Hla,16.11956862,94.44617755
adm4,MMR017004058,Nyaung Waing,16.19239858,94.44066683
adm4,MMR017004059,Ye Khaung Gyi,16.20307607,94.4926484
adm4,MMR017004060,Yae Kyaw Auk,16.15403417,94.46748513
adm4,MMR017004061,War Kone,15.92749949,94.40591598
adm4,MMR017004062,Pyin Kha Yaing,15.98810586,94.39801018
adm4,MMR017004063,Thet Kei Thaung,16.01086095,94.51463724
adm4,MMR017004064,Kan Chaing,15.99343093,94.26157201
adm4,MMR017004065,Oke Twin,15.97765248,94.47867796
adm4,MMR017004066,Zee Chaing,16.04128738,94.22227776
adm4,MMR017004067,Kyauk Chaung,16.02107203,94.28092119
adm4,MMR017004068,Ka Nyin Chaung,16.02726449,94.30432938
adm4,MMR017004069,Ma Yan Kwin,16.06774341,94.33396975
adm4,MMR017004070,San Gyi,16.13960933,94.42889439
adm4,MMR017004071,Hpaung Doe,16.17835505,94.23315635
adm4,MMR017004072,Chaung Wa,15.9971009,94.44086535
adm4,MMR017004073,Tin Chaung,16.38129214,94.44363621
adm4,MMR017004074,Nan Thar Pu,16.5301632,94.27286613
adm4,MMR017004075,Nat Hmaw,16.45310787,94.27812533
adm4,MMR017004076,Thit Yaung,16.62034677,94.37198014
adm4,MMR017004077,Yae Kyaw,16.49402366,94.33849981
adm4,MMR017004078,Pan Hmaw,16.36924759,94.27032852
adm4,MMR017004079,Sa Par Gyi,16.41672583,94.27500609
adm4,MMR017004080,Kwin Bet,16.31758511,94.24052814
adm4,MMR017004081,Kyway Chaing,16.49317153,94.28383661
adm4,MMR017004082,Thea Hpyu,16.69116836,94.37877182
adm4,MMR017004083,Moe Tein Pyin,16.55075782,94.36371656
adm4,MMR017004701,Urban,16.55098325,94.70336208
adm4,MMR017004702,Urban,16.50640122,94.3062427
adm4,MMR017004703,Urban,15.99950898,94.3157071
adm4,MMR017005001,Thaung,17.34093075,95.18122087
adm4,MMR017005002,Pyin Cha Seik,17.31964209,95.1805628
adm4,MMR017005003,Than Hlyet Sun,17.32231994,95.21757302
adm4,MMR017005004,La Har Paing,17.28549172,95.17915292
adm4,MMR017005005,Htein Ngu Gyi,17.28453335,95.15686787
adm4,MMR017005006,Kwin Thar,17.29432364,95.14384953
adm4,MMR017005007,Nyaung Pin Seik,17.35832664,95.19377847
adm4,MMR017005008,Za Yit Yoe,17.35271348,95.22837842
adm4,MMR017005009,Taw Chaung,17.30431652,95.23177687
adm4,MMR017005010,Kyee Aing,17.3344537,95.25003524
adm4,MMR017005011,Kone Thar Gyi,17.40241098,95.2144515
adm4,MMR017005012,Inn Hpyar,17.38290726,95.24140274
adm4,MMR017005013,Kan Thone Sint,17.37497316,95.25868332
adm4,MMR017005014,Paik Taw,17.46696594,95.2692772
adm4,MMR017005015,Tha Yet Chaung,17.47439028,95.24311758
adm4,MMR017005016,Daik Pyet,17.4757071,95.20410858
adm4,MMR017005017,Sauk Waing,17.44745364,95.22711558
adm4,MMR017005018,Kyon Ma Yan,17.40961381,95.18277892
adm4,MMR017005019,Hpa Lan Kone,17.44759058,95.25412494
adm4,MMR017005020,Inn Par,17.41059122,95.24164604
adm4,MMR017005021,Chin Hlar,17.4130898,95.25830172
adm4,MMR017005022,Wea Gyi,17.44478393,95.27322112
adm4,MMR017005023,Kyu Taw,17.44047131,95.29931416
adm4,MMR017005024,Tha Pyay Hla,17.41972977,95.280228
adm4,MMR017005025,Taw Gyi,17.33912959,95.30694486
adm4,MMR017005026,Za Yat Seik,17.35060551,95.27091729
adm4,MMR017005027,Kwin Baw,17.3856845,95.28262799
adm4,MMR017005029,Ka Nyin Saing,17.38821166,95.31112702
adm4,MMR017005030,Inn Ta Yaw,17.39385423,95.34008775
adm4,MMR017005031,Shar Khe,17.4004305,95.35808412
adm4,MMR017005032,Kyaung Su,17.37578241,95.38272529
adm4,MMR017005033,Kywe Chan Daunt,17.37324963,95.35724637
adm4,MMR017005034,Thein Kone,17.34593652,95.36554816
adm4,MMR017005035,Kyet Ta Nyin,17.33833809,95.38680816
adm4,MMR017005036,Man Kyar,17.33217476,95.34626398
adm4,MMR017005037,Thit Ma Thi,17.31431079,95.3692362
adm4,MMR017005038,Thar Yar Kone,17.3119962,95.39821449
adm4,MMR017005039,Kwin Hlar,17.28939357,95.3969582
adm4,MMR017005040,Aing Gyi,17.28473873,95.34646287
adm4,MMR017005041,Kwin Chauk,17.28514944,95.37315362
adm4,MMR017005042,Yae Sa Khan,17.2668038,95.339298
adm4,MMR017005043,Man Set Ku,17.25212516,95.37960795
adm4,MMR017005044,Kyon Ta Nee,17.23181735,95.39010104
adm4,MMR017005045,Eik Ka Duk,17.22011823,95.34256969
adm4,MMR017005046,Kywe Ta Lin,17.20382625,95.31942054
adm4,MMR017005047,Thaung Gyi,17.31390008,95.28204546
adm4,MMR017005048,Kwin Gyi,17.3216354,95.30370181
adm4,MMR017005049,Thin Taw Gyi,17.31376319,95.3246449
adm4,MMR017005050,Tha Yet Thone Pin,17.29493838,95.31867122
adm4,MMR017005051,Za Yat Kwin,17.29521216,95.29893151
adm4,MMR017005052,Kyaik Par,17.27119602,95.28875254
adm4,MMR017005053,Nga Gyi Htu,17.28514944,95.2678254
adm4,MMR017005054,Ah Su Gyi,17.28111069,95.24023587
adm4,MMR017005055,Hle Seik,17.25742557,95.25797308
adm4,MMR017005056,Ngar Aik Kwin,17.25728868,95.29052667
adm4,MMR017005057,Myo Chaung,17.2467468,95.29152129
adm4,MMR017005058,Zin Pyun,17.23996989,95.3067274
adm4,MMR017005059,Htein Ta Pin,17.26639308,95.16309522
adm4,MMR017005060,Kha Yu Yoe,17.27850942,95.18899595
adm4,MMR017005061,Thea Kone,17.24493114,95.16413058
adm4,MMR017005062,Kywe Gaung,17.21992084,95.16356062
adm4,MMR017005063,Pyin Ka Doe Kone,17.25961613,95.19479653
adm4,MMR017005064,Kan Su,17.26016373,95.22314514
adm4,MMR017005065,Inn Ye,17.23427645,95.24274987
adm4,MMR017005066,Inn Ma,17.23732689,95.21478013
adm4,MMR017005067,Ma Gyi Kone,17.22055046,95.19517015
adm4,MMR017005068,Mi Chaung Aing,17.2019417,95.19420751
adm4,MMR017005069,Tha Yet Cho,17.1998559,95.22993578
adm4,MMR017005070,Inn Ye Kyun,17.29890074,95.21485438
adm4,MMR017005071,Tha Hpan Chaung,17.18340116,95.25433967
adm4,MMR017005072,Ma Hla Pan,17.22004979,95.29425459
adm4,MMR017005073,Taik,17.23593366,95.26488096
adm4,MMR017005074,Shwe Ka Nyin Pin,17.21086182,95.25328635
adm4,MMR017005075,Wet Chaung,17.18598272,95.27963455
adm4,MMR017005076,Aing Ma,17.1884241,95.30670729
adm4,MMR017005077,Sin Kaung,17.18034656,95.33925449
adm4,MMR017005078,Ga Nein,17.1639176,95.30007858
adm4,MMR017005079,Da Naw,17.15620463,95.34210273
adm4,MMR017005080,Ah Kway Tan,17.31963407,95.23610513
adm4,MMR017005081,Za Yat Hla,17.43384506,95.19159409
adm4,MMR017005082,Thet Kei Pyin,17.48405467,95.24663404
adm4,MMR017005083,Myet Ni Kwin,17.49128929,95.21627806
adm4,MMR017005084,Pyin Ma Pin Hla,17.37687767,95.21865087
adm4,MMR017005085,Thin Taw Ga Yet,17.4574983,95.19905104
adm4,MMR017005086,Ah Waing Nin Gyan,17.44101896,95.31281656
adm4,MMR017005087,Me Ga Yet,17.43376722,95.33319458
adm4,MMR017005088,Baw Zoke,17.19615224,95.36534458
adm4,MMR017005089,Kone Me Za Li,17.35697338,95.30921631
adm4,MMR017005090,Thea Hpyu Ah Lel,17.17323858,95.22525219
adm4,MMR017005701,Urban,17.30107672,95.19412185
adm4,MMR017005702,Urban,17.35261794,95.33863929
adm4,MMR017006001,Si Son Kone,17.3485781,95.09120725
adm4,MMR017006002,Thin Gan Daunt,17.34428415,95.14721921
adm4,MMR017006003,Kyon Pa Doke,17.46437013,95.16719011
adm4,MMR017006004,Ka Nyin Gwa,17.45184241,95.15352184
adm4,MMR017006005,Pa Dauk Chaung,17.43108903,95.14439868
adm4,MMR017006006,Ma Yin Ku,17.40773201,95.11435491
adm4,MMR017006007,Za Yat Hla,17.41828235,95.16399345
adm4,MMR017006008,Kyon Ma Yan,17.39694609,95.16049562
adm4,MMR017006009,Taung La Har,17.41191804,95.13313244
adm4,MMR017006010,Nat Sin Ngu,17.37261234,95.16636264
adm4,MMR017006011,Nyaung Ngu,17.3329197,95.07748256
adm4,MMR017006012,Hnget Thaik,17.35702081,95.07434928
adm4,MMR017006013,Inn Hlyar Kone,17.35352781,95.11202879
adm4,MMR017006014,Than Din,17.36180496,95.14025487
adm4,MMR017006015,Kyar Kan,17.31568442,95.11706616
adm4,MMR017006016,Yone Tone,17.32036532,95.13532069
adm4,MMR017006017,Kyar Chaung,17.32094353,95.15629885
adm4,MMR017006018,Taung Lel,17.31389468,95.10323046
adm4,MMR017006019,Tut Pa Lut,17.32490856,95.06234892
adm4,MMR017006020,Hpa Yar Kone,17.29860035,95.08670213
adm4,MMR017006021,Kywe Ta Lin,17.28830812,95.11535269
adm4,MMR017006022,Hpa Yar Ngu,17.25523781,95.11853346
adm4,MMR017006023,Tha Khut Kone,17.26546815,95.08473227
adm4,MMR017006024,Wet Yoke,17.26858643,95.05635086
adm4,MMR017006025,Yae Thoe,17.2964664,95.0653325
adm4,MMR017006026,Kan Chaung,17.29686932,95.04970141
adm4,MMR017006027,Kun Thee Chaung,17.28255429,95.02779537
adm4,MMR017006028,Chaung Hpyar,17.29762364,95.01422474
adm4,MMR017006029,Hpet Tha Let,17.28846179,95.01238848
adm4,MMR017006030,War Yon La Har,17.2579926,95.01920942
adm4,MMR017006031,Doe Kone,17.24975754,95.01875974
adm4,MMR017006032,Nyaung Pin Thar,17.22589273,95.02163152
adm4,MMR017006033,Kwin Thone Sint,17.23484316,95.0510123
adm4,MMR017006034,Daunt Gyi Yoe Ma Dawt,17.22729155,95.07146981
adm4,MMR017006035,Nat Sin Kwin,17.2250744,95.10376981
adm4,MMR017006036,Thit Koke Ta Taung,17.21462807,95.13314479
adm4,MMR017006037,Kyon Hpar Yoe,17.18061838,95.12084103
adm4,MMR017006038,Nyaung Ngu Let Khoke,17.1842583,95.10111796
adm4,MMR017006039,Taik Sun Auk Inn,17.18238403,95.04248783
adm4,MMR017006040,Htan Kyun Seik Thar,17.16120116,95.01020102
adm4,MMR017006041,Tha Yet Kone,17.19535802,95.00776641
adm4,MMR017006042,Wet Lar,17.15145093,95.06079323
adm4,MMR017006043,Yoe Da Yar Det,17.14445496,95.07639458
adm4,MMR017006044,Kaing Chaung,17.14349017,95.09306717
adm4,MMR017006045,Sat Kwin,17.17408823,95.07851015
adm4,MMR017006046,Nwar Yae Taik,17.28813501,94.97707986
adm4,MMR017006047,Ah Kei Gyi Kyoet Kone,17.37628758,95.11350019
adm4,MMR017006048,Hnaw Kone,17.33771559,94.95721935
adm4,MMR017006049,Ma Gyi La Har,17.30203432,94.95239819
adm4,MMR017006050,Kwin Gyi,17.26781286,94.96072254
adm4,MMR017006051,Pan Zan Kwin,17.308107,94.97915778
adm4,MMR017006052,Bweit Ngu,17.32669848,95.01953535
adm4,MMR017006053,Ka Nyin Ngu,17.31919514,94.99298272
adm4,MMR017006054,Yin Shey,17.33638574,95.04068805
adm4,MMR017006055,Thit Hpyu Pin,17.36562542,95.06297966
adm4,MMR017006057,Myet To,17.38604224,95.08982347
adm4,MMR017006058,Kone Pyin,17.46876447,94.97231346
adm4,MMR017006059,Meik Tha Lin,17.4773817,94.95284139
adm4,MMR017006060,Gway Tauk,17.42878305,94.97763449
adm4,MMR017006061,Thaung Gyi,17.43059115,95.05568819
adm4,MMR017006062,Myit Se,17.44973146,95.0900225
adm4,MMR017006063,Ma Au Kone,17.41773362,95.08984691
adm4,MMR017006064,Daunt Gyi Bet,17.3937452,95.04702918
adm4,MMR017006065,Tha Yet Chaung,17.3776374,95.02338769
adm4,MMR017006066,Kwin Chaung,17.3962233,94.96851817
adm4,MMR017006067,Hpan Khar Pin,17.40592926,94.92938692
adm4,MMR017006068,Nyaung Pin Thar,17.41907705,94.90302457
adm4,MMR017006069,Kwin Gyi Tha Bawt,17.36710538,94.90847391
adm4,MMR017006070,Kwin Hlyar,17.35449079,94.95352013
adm4,MMR017006071,Hpa Yar Kone,17.34816734,95.01292422
adm4,MMR017006072,Kan Ni,17.31537468,94.92097639
adm4,MMR017006073,Ah Phan Yae Yin,17.34225539,94.89255661
adm4,MMR017006074,Kwin Pauk,17.32198298,94.89135018
adm4,MMR017006075,Kyoet Kone,17.31554676,94.86366168
adm4,MMR017006076,Chin Kwin,17.30504448,94.83594914
adm4,MMR017006077,Nyaung Hmaw,17.29274986,94.88252679
adm4,MMR017006078,Kat Ku Gyi,17.53935256,95.0085014
adm4,MMR017006079,Kat Ku Lay,17.49913765,95.01813304
adm4,MMR017006080,Let Pan Pin,17.48382134,94.99050752
adm4,MMR017006081,Kyauk Chaung,17.47022993,95.0451547
adm4,MMR017006082,Thet Kei Pyin,17.5453488,94.9477864
adm4,MMR017006083,Ywar Thit Gyi,17.5122799,94.95444402
adm4,MMR017006084,Pan Pu Kwin,17.52653106,94.9748705
adm4,MMR017006085,Daunt Gyi,17.451963,95.11197193
adm4,MMR017006086,Yae Nant Thar,17.42558126,95.01137778
adm4,MMR017006087,Boke Chaung,17.47239849,95.09270323
adm4,MMR017006088,Kyat Kwin,17.47012684,95.13156399
adm4,MMR017006701,Urban,17.34987985,95.12206802
adm4,MMR017006702,Urban,17.39309283,95.07360377
adm4,MMR017006703,Urban,17.20101989,95.08428897
adm4,MMR017006901,,17.43638241,94.8382314
adm4,MMR017007001,Ka Nyin Thone Sint,17.05778,95.3147107
adm4,MMR017007002,Kwin Gyi,17.09703437,95.28796967
adm4,MMR017007003,Ah Su Gyi,17.13122049,95.29233023
adm4,MMR017007004,Wet Chaung,17.15742891,95.25499106
adm4,MMR017007005,Kyaung Aing,17.12705679,95.25800755
adm4,MMR017007006,Moe Ma Kha,17.11518062,95.22122368
adm4,MMR017007007,Ywar Thar Kone,17.13684335,95.22037268
adm4,MMR017007008,Thit Seint Kone,17.07644079,95.20228165
adm4,MMR017007009,Kaing Tar,17.09918204,95.24336433
adm4,MMR017007010,Ta Khun Taing,17.07981197,95.23828255
adm4,MMR017007011,Za Yat Kwin,17.06621693,95.27227517
adm4,MMR017007012,Byaik,17.0524566,95.24117099
adm4,MMR017007013,Moe Pyar Ah Shey,17.06055075,95.20201493
adm4,MMR017007014,Min Ma Naing,17.03770403,95.22180756
adm4,MMR017007015,Kauk Gyi Kone,17.02117124,95.21697353
adm4,MMR017007016,Hpone Soe,17.00736215,95.21239314
adm4,MMR017007017,Htauk Shar,16.99179939,95.20776921
adm4,MMR017007018,Shan,16.97104904,95.19568953
adm4,MMR017007019,Chaung Gyi,16.99941168,95.18716052
adm4,MMR017007020,Kyar Kaik,17.03104817,95.19242961
adm4,MMR017007021,Yae Ga Loke,17.05836065,95.17227224
adm4,MMR017007022,Ba Li Daunt,17.0550797,95.15349297
adm4,MMR017007023,Tet Seik,17.03611481,95.15777789
adm4,MMR017007024,Doe Tan,17.0185271,95.16524478
adm4,MMR017007025,Thaung Gyi,16.99893796,95.16624097
adm4,MMR017007026,Hpa Yar Gyi Kone,16.96847019,95.16143456
adm4,MMR017007027,Sin Ku,16.94574558,95.15855624
adm4,MMR017007028,Ma Gyi Chaung,16.9575701,95.14464433
adm4,MMR017007029,Pauk Ngu,16.98268779,95.14518339
adm4,MMR017007030,Daunt Kway,17.00642516,95.12678318
adm4,MMR017007031,Sauk Aing,16.93773549,95.13499408
adm4,MMR017007032,Za Yat Seik,16.98919529,95.09739009
adm4,MMR017007033,Kyar Ga Yet,16.97072288,95.11792779
adm4,MMR017007034,Kaing Waing,16.94599461,95.10230706
adm4,MMR017007035,Leik Poke,16.921807,95.09463397
adm4,MMR017007036,Kyon Tar,16.90475236,95.05349912
adm4,MMR017007037,Seik Thar,16.92006577,95.04341393
adm4,MMR017007038,Ah Shey Chaung,16.93209528,95.05904264
adm4,MMR017007039,Yone Taw,16.95132271,95.05818108
adm4,MMR017007040,Daunt Gyi,16.97418104,95.07205158
adm4,MMR017007041,Yone Pin,16.97722295,95.04519903
adm4,MMR017007042,Zee Chaung,17.00165844,95.01507434
adm4,MMR017007043,Byaik Gyi,16.99098073,94.99525293
adm4,MMR017007044,Gon Min,17.01234536,95.05503572
adm4,MMR017007045,Yae Tar Gyi,17.03758214,95.06450203
adm4,MMR017007046,Htan Ta Pin,16.99276284,95.07611509
adm4,MMR017007047,Ma Gyi Pin Kwin,17.12672582,95.18535233
adm4,MMR017007048,Hlay Kwe La Har,17.0251587,95.11755494
adm4,MMR017007049,Pauk Sein Peit,17.15974623,95.20094387
adm4,MMR017007050,Sa Bai Yon,17.05872485,95.12209273
adm4,MMR017007051,Thea Kon,17.07133527,95.11225823
adm4,MMR017007052,Yin Saing,17.08735482,95.14242107
adm4,MMR017007053,Oe Bo,17.08368912,95.18098039
adm4,MMR017007054,Kun Chan Kone,17.10294183,95.15686804
adm4,MMR017007055,Zee Ngu,17.1871817,95.20250628
adm4,MMR017007056,Wet Chan Ga Yet,17.1781821,95.18003188
adm4,MMR017007057,Lu Thant Chaung,17.19822049,95.16306418
adm4,MMR017007058,Yaung Pyit Kwin,17.17018074,95.14058447
adm4,MMR017007059,Pan Taw Yoe,17.14149338,95.17067025
adm4,MMR017007060,Let Pan Chaung,17.0433767,95.03617587
adm4,MMR017007061,Seik Hpu Ni,17.11816574,95.1140057
adm4,MMR017007062,Kyon Hpar Yoe,17.13963776,95.12946512
adm4,MMR017007063,Shwe Pan Ngu,17.11816574,95.06434459
adm4,MMR017007064,Kan Ka Lay,17.09480075,95.10178336
adm4,MMR017007065,Hle Seik,17.07802808,95.0607341
adm4,MMR017007701,Urban,17.10083484,95.20081915
adm4,MMR017008001,Neik Ban,17.5306325,95.34880155
adm4,MMR017008002,Kaing Taw Kwin,17.57715759,95.36795656
adm4,MMR017008003,Zoke Ka Ni,17.58218243,95.34796606
adm4,MMR017008004,Tha Yet Oke,17.57720606,95.33106319
adm4,MMR017008005,Kyaung Kwin,17.55495189,95.37871305
adm4,MMR017008006,Thar Si,17.52422985,95.40676881
adm4,MMR017008007,Pyar Ka Tat,17.55309321,95.40853861
adm4,MMR017008008,Ta Dar U,17.53539197,95.38372589
adm4,MMR017008009,Si Taw Kone,17.51225832,95.37109795
adm4,MMR017008010,Yoe Gyi,17.56183041,95.34671186
adm4,MMR017008011,Dambi,17.71650972,95.25455512
adm4,MMR017008012,Inn Ga Yan,17.73322745,95.28143728
adm4,MMR017008013,Myo Kwin,17.72591796,95.23493872
adm4,MMR017008014,Kayin Inn,17.70745508,95.22292381
adm4,MMR017008015,Pyar Thar,17.67669008,95.20838694
adm4,MMR017008016,Ngar Hpar,17.6658872,95.23062891
adm4,MMR017008017,Nwe Khway,17.68483562,95.25118161
adm4,MMR017008018,Thea Hpyu (Dambi),17.66231312,95.25278192
adm4,MMR017008019,Sin Ma Thay (Dambi),17.67175673,95.27727798
adm4,MMR017008020,Thit Hpyu Kwin,17.69124803,95.27378121
adm4,MMR017008021,Let Khoke Pin,17.69775498,95.30290369
adm4,MMR017008022,Kin Mun Chaung,17.69646303,95.31982378
adm4,MMR017008023,Nga Hpe Htu,17.67658955,95.31013692
adm4,MMR017008024,Ka Nyin Kauk,17.70300248,95.28516601
adm4,MMR017008025,Thin Gan Taw (Leik Chaung),17.70537902,95.34307918
adm4,MMR017008026,Hpa Yar Kone,17.67539331,95.33457638
adm4,MMR017008027,Shar Khe,17.42230116,95.35897145
adm4,MMR017008028,Thar Ti Kwin,17.50927149,95.39860698
adm4,MMR017008029,Pi Tauk Kone,17.45547683,95.35521337
adm4,MMR017008030,Pauk Tan Lay,17.48316578,95.35299108
adm4,MMR017008031,Pauk Tan Gyi,17.47817659,95.39143868
adm4,MMR017008032,Lel Di Kone,17.57333953,95.45870313
adm4,MMR017008033,Taung Ka Lon,17.45729514,95.39091571
adm4,MMR017008034,Inn Ta Lu,17.43174347,95.37847867
adm4,MMR017008035,Seik Gyi,17.41830205,95.4042347
adm4,MMR017008036,Sin Gaung (Shar Khe),17.43225386,95.41001115
adm4,MMR017008037,Seik Thar (Chin Boet),17.72882528,95.38828195
adm4,MMR017008038,Pe Gyi Kyun,17.78173259,95.35294263
adm4,MMR017008039,Eik Pyet,17.70419876,95.41411542
adm4,MMR017008040,Thet Kei Pyin,17.80279547,95.39954462
adm4,MMR017008041,Let Pan Hla,17.77684667,95.44582635
adm4,MMR017008042,Than Ba Yar Taing,17.75717177,95.32558514
adm4,MMR017008043,Kaing Chaung,17.6735185,95.42169693
adm4,MMR017008044,Ku Lar Khat,17.69319333,95.37617085
adm4,MMR017008045,Lel Di,17.68425543,95.40246957
adm4,MMR017008046,Chaung Hpyar,17.64604562,95.39730891
adm4,MMR017008047,Kyon Tone,17.66383587,95.38773003
adm4,MMR017008048,Ywar Thit (North),17.65025636,95.3675343
adm4,MMR017008050,Kya Khat Kwin,17.52872186,95.47113944
adm4,MMR017008051,Mway Lone,17.51100512,95.48042524
adm4,MMR017008052,Shar Hpyu Kone,17.49734159,95.48937926
adm4,MMR017008053,Thea Hpyu (Du Yar),17.51111928,95.50525714
adm4,MMR017008054,Ah Dar Sin Gaung,17.52447416,95.48524001
adm4,MMR017008055,Shwe Taung Thar Ya,17.55426386,95.44992181
adm4,MMR017008056,Ohn Pin Kwin,17.56231515,95.43515158
adm4,MMR017008057,Tha Nun Tha Nawt,17.53758032,95.4373855
adm4,MMR017008058,Kyat Ka Lay,17.52580859,95.44956653
adm4,MMR017008059,Sit Kone,17.60968791,95.54487868
adm4,MMR017008060,Taung Lone Su,17.63085173,95.4900344
adm4,MMR017008061,Gaung Say Kyun,17.65878905,95.4763716
adm4,MMR017008062,Lel Taw,17.62839396,95.47689933
adm4,MMR017008063,Inn Da Wei,17.61178491,95.48306545
adm4,MMR017008064,Tha Pyu Pin (Ba Lein/Aing Gyi),17.59341002,95.47223058
adm4,MMR017008065,Hle Lan Tet,17.58115764,95.46907731
adm4,MMR017008066,Bay Chaung,17.56519034,95.49631968
adm4,MMR017008067,Than Kyoe Tan,17.59310267,95.5135828
adm4,MMR017008068,Nat Hmaw,17.57408684,95.41314938
adm4,MMR017008069,Ywar Thar Kone,17.63881193,95.42835765
adm4,MMR017008070,Kan Hla,17.62060176,95.46192059
adm4,MMR017008071,Kone Gyi,17.60844879,95.4383164
adm4,MMR017008072,Kyon Twan,17.58812544,95.43899226
adm4,MMR017008073,Lel Gyi Kwin,17.6274162,95.37492672
adm4,MMR017008074,La Har Kyaw,17.60636237,95.36162116
adm4,MMR017008075,Nyaung Waing,17.62814835,95.40095266
adm4,MMR017008076,Sa Khan Gyi,17.60694089,95.39868185
adm4,MMR017008077,Kyon Hpar,17.58527258,95.39058321
adm4,MMR017008078,Gant Gaw Taw,17.59696709,95.3801006
adm4,MMR017008080,Ye Kwin,17.62747997,95.34558595
adm4,MMR017008081,In Ga Po,17.61204051,95.33028046
adm4,MMR017008082,Sin Ma Thay (Ta Loke Htaw),17.65995386,95.29759714
adm4,MMR017008083,Beik Yoe,17.64719402,95.27465972
adm4,MMR017008084,Gyo Gaung,17.64157118,95.25096627
adm4,MMR017008085,Thea Bwet,17.6352216,95.23112369
adm4,MMR017008086,La Har Pa,17.62218464,95.24546183
adm4,MMR017008087,Ka Nyin Ngu,17.61066302,95.22011235
adm4,MMR017008088,Za Yat Kwin,17.6110835,95.26517198
adm4,MMR017008089,Doke Yaik,17.59168854,95.27160779
adm4,MMR017008090,Inn Win,17.58990218,95.30285323
adm4,MMR017008091,Leik Khone,17.55219668,95.27204717
adm4,MMR017008092,Inn Gyi,17.55705312,95.29702722
adm4,MMR017008093,Yon Tha Lin,17.53088679,95.29273115
adm4,MMR017008094,Ma Dawt Ta Loke Kone,17.50619736,95.28952938
adm4,MMR017008095,Thea Hpyu (Yon Tha Lin),17.47787056,95.29165934
adm4,MMR017008096,Ah Waing Kyaung Su,17.46044368,95.33163386
adm4,MMR017008097,Aing Zauk,17.49172563,95.32619562
adm4,MMR017008098,Tha Moke Da Yoe,17.49761697,95.2681335
adm4,MMR017008099,Thin Ban Kone,17.50894074,95.31179731
adm4,MMR017008100,Ma Yoe Thaung,17.54453457,95.32317112
adm4,MMR017008101,Ma Yan Cho,17.50303926,95.35118665
adm4,MMR017008102,Sit Kwin,17.61531165,95.4163487
adm4,MMR017008103,Kaw Zan,17.65121333,95.33395355
adm4,MMR017008701,Urban,17.65639813,95.44484121
adm4,MMR017008702,Urban,17.62996815,95.29623035
adm4,MMR017008703,Urban,17.55167184,95.47121805
adm4,MMR017009001,La Maing,17.46506156,95.57464014
adm4,MMR017009002,Tha Hpan Kone,17.45188394,95.58353291
adm4,MMR017009003,Ma Yoe Kha,17.44716866,95.60317824
adm4,MMR017009004,Nyaung Pin Thar,17.43942866,95.62268078
adm4,MMR017009005,Pa Kwe,17.4189024,95.59894079
adm4,MMR017009006,Pa Kwe Yae Le,17.42936477,95.62060399
adm4,MMR017009007,Yae Le,17.4792083,95.62701123
adm4,MMR017009008,Kywa Man,17.44625412,95.56224689
adm4,MMR017009009,Myit Wa,17.50060778,95.61996541
adm4,MMR017009010,Nan Taw Kyun,17.5004748,95.58593641
adm4,MMR017009011,Yae Twin Kone,17.53290275,95.61689544
adm4,MMR017009012,Lay Tu (East),17.50095374,95.69798646
adm4,MMR017009013,Htone Ta Po,17.46512321,95.6735041
adm4,MMR017009014,Oke Shit Kwin,17.43115833,95.52272693
adm4,MMR017009015,Tha Yet Ta Pin (North),17.44381292,95.49374233
adm4,MMR017009016,Tha Yet Ta Pin (South),17.44410867,95.5119536
adm4,MMR017009017,Lein Kone,17.47305783,95.50033614
adm4,MMR017009018,Ah Shoke Kwin,17.47634603,95.52181291
adm4,MMR017009019,Yin Ma Lut,17.44087347,95.54512349
adm4,MMR017009020,Byin Nyar,17.48005888,95.54217014
adm4,MMR017009021,Gyan Taik,17.41227615,95.53727553
adm4,MMR017009022,Kawt Sein,17.39683166,95.52599446
adm4,MMR017009023,Kawt Kat Gyi,17.40383312,95.4913369
adm4,MMR017009024,Kawt Kat Kha Lay,17.42896625,95.47575567
adm4,MMR017009025,Kyon Kawt,17.40501348,95.46956228
adm4,MMR017009026,Pet Tan,17.43971049,95.43893269
adm4,MMR017009027,Ma Har Thar,17.42316206,95.45356729
adm4,MMR017009028,Pyin Ywar,17.39191914,95.4658135
adm4,MMR017009029,Ta Khun Taing,17.41404799,95.4302413
adm4,MMR017009030,Sin Myay Sar,17.39954699,95.43421379
adm4,MMR017009031,War Pa Taw,17.37944763,95.49323887
adm4,MMR017009032,Min Da Yei,17.45058581,95.41930118
adm4,MMR017009033,Thar Du Chaung,17.5938641,95.60763413
adm4,MMR017009034,Ku Toet Seik,17.53484954,95.56905097
adm4,MMR017009035,Nyein Aye,17.54008947,95.65516464
adm4,MMR017009036,Son Kone,17.58103701,95.65108184
adm4,MMR017009037,Ah Htut,17.55054809,95.60538874
adm4,MMR017009038,Hpar Let Kho,17.560796,95.55558676
adm4,MMR017009039,Kyon Sha,17.36098424,95.6050812
adm4,MMR017009040,Zaw Gyi Kwin,17.39010578,95.5895726
adm4,MMR017009041,Hpet Thaung,17.36923077,95.56663837
adm4,MMR017009042,Da Nu Bay,17.43260175,95.57468562
adm4,MMR017009043,Ah Byin,17.4180056,95.56596427
adm4,MMR017009044,May Yi Lan,17.3923662,95.56186138
adm4,MMR017009045,Kyar Inn,17.42585238,95.66512341
adm4,MMR017009046,Auk Ywar,17.34756484,95.59780335
adm4,MMR017009047,Thet Kei Kyun,17.40982375,95.63793832
adm4,MMR017009048,Kyon Ei,17.38616965,95.61175537
adm4,MMR017009049,Kyon Mat,17.50904865,95.4438518
adm4,MMR017009050,Kyon Kyaik,17.50694228,95.42866849
adm4,MMR017009051,Inn Ta Yaw,17.47843853,95.42275808
adm4,MMR017009052,Pyin Ma Kone (West),17.47823405,95.44465049
adm4,MMR017009053,Hne Mauk Tan,17.50341759,95.46071524
adm4,MMR017009054,Pyin Ma Kone (East),17.4818349,95.45704114
adm4,MMR017009055,Sun Pi,17.46339255,95.45996181
adm4,MMR017009056,Ka Tawt Ka Yet,17.46772497,95.47609756
adm4,MMR017009057,Lay Tu (West),17.48360569,95.51000721
adm4,MMR017009058,Yin Taik Kone,17.49444755,95.55561822
adm4,MMR017009059,Thea Kone,17.51339205,95.55077808
adm4,MMR017009060,Kyon Ta Naw (South),17.50285017,95.53581504
adm4,MMR017009061,Kyon Kha Mun,17.49833668,95.52247001
adm4,MMR017009062,Kyon Ta Naw (North),17.51579703,95.52513975
adm4,MMR017009063,Oe Bo,17.53070193,95.54771327
adm4,MMR017009064,Daunt Gyi,17.53725362,95.53595971
adm4,MMR017009065,Tha Yet Chaung,17.53328936,95.52500222
adm4,MMR017009066,Taung Boet Ta Yar,17.56178546,95.51921727
adm4,MMR017009701,Urban,17.47026763,95.55408006
adm4,MMR017010001,Htein Ngu,17.62872813,95.21489495
adm4,MMR017010002,Nyaung Pin Wea,17.61802902,95.18166985
adm4,MMR017010003,Ka Tet Kone,17.63664863,95.19665804
adm4,MMR017010004,Thone Set,17.56763226,95.16762516
adm4,MMR017010005,Tha Khut Chaung,17.59037603,95.16929861
adm4,MMR017010006,Sar Yay Kwin,17.59847082,95.19986255
adm4,MMR017010007,Daunt Gyi,17.56649853,95.12706294
adm4,MMR017010008,Thein Kone,17.57355521,95.19310064
adm4,MMR017010009,La Har Gyi,17.53786806,95.24940756
adm4,MMR017010010,War Yon Chaung,17.58175101,95.22975103
adm4,MMR017010011,Pein Inn,17.54082603,95.2155793
adm4,MMR017010012,Shar Hpyu Kyin,17.50804263,95.21054498
adm4,MMR017010013,Gyoe Gyar Kwin,17.51797535,95.18689991
adm4,MMR017010014,Htein Taw Gyi,17.49637301,95.17908368
adm4,MMR017010015,Yae Nauk,17.48427755,95.19261749
adm4,MMR017010016,Boke Chaung,17.49149928,95.111486
adm4,MMR017010017,Shan,17.50836236,95.14229622
adm4,MMR017010018,Ka Nyin Thaung,17.4870977,95.1348178
adm4,MMR017010019,Koe Te,17.48703735,95.15777526
adm4,MMR017010020,Mei Za Li,17.47161145,95.07113777
adm4,MMR017010021,Yin Se,17.51392274,95.0922127
adm4,MMR017010022,Aing Tha Pyu,17.54225028,95.18352795
adm4,MMR017010023,Let Tha Mar (Kayin),17.51482806,95.16371494
adm4,MMR017010024,Let Tha Mar (Myanmar),17.52154628,95.14637268
adm4,MMR017010025,Chauk Se,17.5345916,95.13089468
adm4,MMR017010026,Kyee Pauk Kone,17.62289312,95.10660284
adm4,MMR017010027,Bi Tha Lun,17.6307633,95.15742976
adm4,MMR017010028,Pan Taw Gyi,17.66243403,95.06236629
adm4,MMR017010029,Kun Chan Kone,17.66826027,95.09528796
adm4,MMR017010030,Beit Pyar Kone,17.69193858,95.0629761
adm4,MMR017010031,War Taw Kwin,17.69549792,95.01918429
adm4,MMR017010032,Chin Kone,17.60139936,95.07232363
adm4,MMR017010033,Thea Nu Kone,17.58948552,95.05167249
adm4,MMR017010034,Moe Goke,17.554721,95.08483364
adm4,MMR017010035,Kha Mauk Su,17.50896536,95.23587345
adm4,MMR017010036,Hle Htauk Kwin,17.5276418,95.04248691
adm4,MMR017010037,Hlaw Ka Htar,17.54139596,95.06374563
adm4,MMR017010038,Kwin Gyi,17.61884946,94.99581454
adm4,MMR017010039,Wut Kone,17.64682934,95.00159826
adm4,MMR017010040,Ka Nyin Taing,17.59998812,95.017469
adm4,MMR017010041,Chin Lel,17.5597548,94.98532362
adm4,MMR017010042,Khat Tu,17.60333189,95.13676566
adm4,MMR017010043,Thaung Boke,17.50651691,95.11326122
adm4,MMR017010701,Urban,17.59734832,95.17164288
adm4,MMR017010901,,17.60296941,94.88167241
adm4,MMR017011001,San,18.09805887,95.22733669
adm4,MMR017011002,Tha Pyay Kone,18.27332735,95.2685285
adm4,MMR017011003,Kwin Gyi Daunt,18.25904331,95.25828414
adm4,MMR017011004,Myit Kyoe,18.30646896,95.27241274
adm4,MMR017011005,Nat Pa Tee,18.28218898,95.25155983
adm4,MMR017011006,Myo Ma Te Gyi Kone,18.28219749,95.29200778
adm4,MMR017011007,Nyaung Myit Swea,18.25761231,95.29518229
adm4,MMR017011008,Se,18.21916465,95.23489182
adm4,MMR017011009,San Ni Chaung,18.24112748,95.25942398
adm4,MMR017011010,Tar Gwa Te Gyi Kone,18.19634882,95.22794506
adm4,MMR017011011,Kun Taw,18.1745357,95.21877072
adm4,MMR017011012,Ka Zun Khon,18.22551248,95.35739604
adm4,MMR017011013,Shar Taw,18.24639426,95.3156393
adm4,MMR017011014,Lay Tu Gyi,18.11598989,95.36588108
adm4,MMR017011015,Kywe Te Kone,18.15180815,95.3720572
adm4,MMR017011016,Pauk Kone Sun,18.16987955,95.35284608
adm4,MMR017011017,Oe Bo,18.19432373,95.38676679
adm4,MMR017011018,Wet Toe,18.20049251,95.34255785
adm4,MMR017011019,Thet Kei Kone,18.16626969,95.28140886
adm4,MMR017011020,Sin Thay,18.14143073,95.23846612
adm4,MMR017011021,Kat Kho,18.16736621,95.32135548
adm4,MMR017011022,Zee Hpyu Kone,18.19787054,95.30667909
adm4,MMR017011023,Htan Thone Pin,18.21163739,95.26893626
adm4,MMR017011024,La Har Pauk,18.22519773,95.29262478
adm4,MMR017011025,Ka Nyin Ngu,18.0533903,95.2573723
adm4,MMR017011026,Htu,18.07064861,95.32051057
adm4,MMR017011027,Kyet Thun Khin,18.04351644,95.30261795
adm4,MMR017011028,Tha Khut Kwin,18.13703508,95.3311767
adm4,MMR017011029,Pein Inn,18.11643606,95.30410681
adm4,MMR017011030,Taw Kywe Lu,18.11095911,95.33114221
adm4,MMR017011031,Nyaung Waing,18.0028732,95.44203327
adm4,MMR017011032,Shwe Kyin,18.04716368,95.43211479
adm4,MMR017011033,Nga Pi Seik,18.1171143,95.39812211
adm4,MMR017011034,Tha Yet Taw,18.07642163,95.41439729
adm4,MMR017011035,Kyu Taw,18.02639007,95.40818637
adm4,MMR017011036,Yaik,18.02315219,95.35980039
adm4,MMR017011037,Nyaung Tone Le,18.08714808,95.3553569
adm4,MMR017011038,Daung Kya,18.05256545,95.37098277
adm4,MMR017011039,Tha Pyay Kone (2)/ Tha Pyay Kone,17.95910202,95.40028075
adm4,MMR017011040,Pe Ta Khwe,17.95167594,95.43861002
adm4,MMR017011041,Me Khin Chaung,17.92502028,95.40858139
adm4,MMR017011042,Za Loke Gyi,17.92091412,95.37323208
adm4,MMR017011043,Thea Hpyu,17.9562164,95.35882166
adm4,MMR017011044,Yin Taik Kone,17.93823177,95.32261119
adm4,MMR017011045,Htauk Kyant,17.96674181,95.3246254
adm4,MMR017011046,Ka Nyut Kone,18.0182147,95.32783433
adm4,MMR017011047,Ah Sei,18.00703589,95.35815708
adm4,MMR017011048,Hnget Gyi Kwin,18.09676445,95.17387419
adm4,MMR017011049,Ma Gyi Kone,18.07018844,95.19305908
adm4,MMR017011050,Let Pan Kwin,18.0561182,95.15011084
adm4,MMR017011051,Thea Boet,18.14160591,95.1576264
adm4,MMR017011052,Nga Bat Kya,18.06516036,95.12897921
adm4,MMR017011053,Nyaung Chin,18.01481271,95.20848072
adm4,MMR017011054,Htein Thay Gyi,18.01360215,95.15512587
adm4,MMR017011055,Ma Yway Kone,18.05589423,95.18137634
adm4,MMR017011056,Bant Bway Kone,17.98509193,95.1262915
adm4,MMR017011057,San Ywar Gyi,18.03443643,95.1140979
adm4,MMR017011058,Myin War Taung,18.11177181,95.1042018
adm4,MMR017011701,Urban,18.28931923,95.32112809
adm4,MMR017011703,Urban,18.09117583,95.26382836
adm4,MMR017012001,Ta Laing Kwin,18.31991689,95.23269872
adm4,MMR017012002,Kwayt Ma,18.28480586,95.22021562
adm4,MMR017012003,Ka Loet Kwin,18.30110825,95.12798713
adm4,MMR017012004,Thea Hpyu,18.29201553,95.18178501
adm4,MMR017012005,Shwe Pan Taw,18.27414302,95.18243082
adm4,MMR017012006,Chin Myaung,18.30474935,95.17699652
adm4,MMR017012007,Kyan Taw,18.25414623,95.21199686
adm4,MMR017012008,Pet Ma Khan,18.21205737,95.18632565
adm4,MMR017012009,Thauk Kyar Du,18.47793355,95.12414546
adm4,MMR017012010,Yae Lel Kyun,18.46191039,95.16778943
adm4,MMR017012011,Htan Ta Pin,18.43006604,95.15271803
adm4,MMR017012012,Son Le,18.37744069,95.19728697
adm4,MMR017012013,Kyat Ka Lay,18.39246273,95.14702028
adm4,MMR017012014,Me Kone,18.34658367,95.18118425
adm4,MMR017012015,Ka Zin Gyi,18.33507338,95.19277494
adm4,MMR017012016,Oke Twin,18.25612619,95.15775422
adm4,MMR017012017,Koe Inn,18.28151838,95.12622736
adm4,MMR017012018,Kyar Inn,18.29481206,95.09367898
adm4,MMR017012019,Ah Lon,18.34213824,95.08144411
adm4,MMR017012020,Khon Gyi,18.28758591,95.04696429
adm4,MMR017012021,Pein Hne Kwin,18.22177607,95.13867785
adm4,MMR017012022,Yae Nan Taung,18.17848778,95.13487865
adm4,MMR017012023,Shauk Khon,18.25264283,95.08633338
adm4,MMR017012024,Pauk Nwe San,18.20964753,95.06968139
adm4,MMR017012025,Thit Seint Kaing,18.34760385,95.03142527
adm4,MMR017012026,Kun Ait Kone,18.31547691,95.05937418
adm4,MMR017012027,Zee Pin Kwin,18.32897609,95.12178007
adm4,MMR017012028,Kwin Gyi,18.23470835,95.10878561
adm4,MMR017012029,Poe Su Gyi,18.1668789,95.08342857
adm4,MMR017012030,Kyoet Pin Su,18.2554043,95.04998133
adm4,MMR017012701,Urban,18.33513412,95.24819569
adm4,MMR017012702,Urban,18.30501623,95.14479706
adm4,MMR017012901,,18.03536029,94.96909424
adm4,MMR017012901,,18.23233167,95.16919243
adm4,MMR017012902,,18.28785771,94.95148698
adm4,MMR017012903,,18.3724781,95.10044184
adm4,MMR017013001,Kan U,17.82816912,95.26500444
adm4,MMR017013002,Shan Gaung Bye,17.82740228,95.30255733
adm4,MMR017013003,Auk Ywar Gyi,17.80091207,95.23889835
adm4,MMR017013004,Thet Kei Pyin,17.89334739,95.25651306
adm4,MMR017013005,Nauk Mee,17.80531128,95.33927168
adm4,MMR017013006,Wet Thay,17.79405872,95.29645216
adm4,MMR017013007,Myit Tar Kone,17.85557696,95.22085397
adm4,MMR017013008,Pan Tin,17.85511355,95.26726371
adm4,MMR017013009,Hpa Yar Kwin,17.86948889,95.23762531
adm4,MMR017013010,Htan Taw Su,17.82179109,95.23094908
adm4,MMR017013012,Lel Gyi Kwin,17.91996255,95.19913913
adm4,MMR017013013,Thet Kei Pyin (Than Ba Yar Taing),17.79695276,95.32848722
adm4,MMR017013014,Kayin Ku,17.91804254,95.2573929
adm4,MMR017013015,In Pin Kone,17.8831332,95.29559522
adm4,MMR017013016,Chin Chaung,17.92854099,95.22658359
adm4,MMR017013017,Mee Laung Kone,17.87777883,95.20570949
adm4,MMR017013018,Lay Gyi,17.90052926,95.18841026
adm4,MMR017013019,Tha Bawt,17.87564327,95.17061659
adm4,MMR017013020,Ka Nyin Ngu,17.84020874,95.1757157
adm4,MMR017013021,Put Kone,17.84987082,95.20411806
adm4,MMR017013023,Oke Shit Kone,17.95335543,95.24026299
adm4,MMR017013025,Oke Twin,17.93232081,95.27519348
adm4,MMR017013026,War Net Taw,17.98090992,95.29987814
adm4,MMR017013027,Ma Hpe Kwin,17.93972356,95.29768964
adm4,MMR017013028,Nyaung Pin Gyi Kwin,18.01730039,95.28958565
adm4,MMR017013029,Chaung Gwa,18.00873065,95.31279597
adm4,MMR017013030,Tit Ti Tu Kwin,17.99906918,95.27141214
adm4,MMR017013031,Hpa Yar Ngoke To,18.01596185,95.26020128
adm4,MMR017013032,Htu Wa,17.96564195,95.19521798
adm4,MMR017013033,Leik Paung Swea,17.95217609,95.14434347
adm4,MMR017013034,Tha Pyay Pin,17.94743816,95.19004375
adm4,MMR017013035,Kywe Zin,17.96619298,95.10521137
adm4,MMR017013036,Nyaung Kyoe,17.86055922,95.40849669
adm4,MMR017013037,Lu Taw Su,17.84011563,95.40415958
adm4,MMR017013038,Sit Kone,17.86576203,95.45647648
adm4,MMR017013039,Thet Kei Tan,17.81727242,95.44884569
adm4,MMR017013040,Gway Tauk Chaung,17.91015507,95.4268194
adm4,MMR017013041,Oe Kwe,17.87626161,95.40047556
adm4,MMR017013042,Pa Toke,17.88297435,95.35339896
adm4,MMR017013043,Wet La Har,17.83492923,95.34824364
adm4,MMR017013044,Kyoet Pin,17.91566843,95.33162639
adm4,MMR017013045,Htan Pin Kan,17.75474433,95.22823549
adm4,MMR017013046,Son Kone,17.7312009,95.21054063
adm4,MMR017013047,Ma Gyi Kone,17.77158954,95.25511728
adm4,MMR017013048,Dei Poke Kwin,17.78235327,95.21064122
adm4,MMR017013049,Kan Bet,17.76014547,95.2908717
adm4,MMR017013050,Chauk Kyay,17.70488339,95.19623102
adm4,MMR017013051,Kywe Thaung,17.67152043,95.17292082
adm4,MMR017013052,Kyee Gyi,17.74343466,95.17777933
adm4,MMR017013053,Hmat Taing,17.71460627,95.17287798
adm4,MMR017013054,Kya Khat Kwin,17.68044411,95.14138635
adm4,MMR017013055,Kwin Kauk (South),17.75452163,95.13689013
adm4,MMR017013056,Kwin Hla,17.72000411,95.13077406
adm4,MMR017013057,Lin Lun Pin,17.74233711,95.1230263
adm4,MMR017013058,Pein Hne Kwin,17.72439517,95.07577722
adm4,MMR017013059,Kone Pyin,17.75751332,95.04345121
adm4,MMR017013060,Tha Pyay Kone,17.69265739,95.11019298
adm4,MMR017013061,Kwin Kauk (North),17.77900824,95.13074205
adm4,MMR017013062,Bwet (East),17.79826509,95.1250183
adm4,MMR017013063,Ta Laing Kwin,17.76252272,95.18406611
adm4,MMR017013064,Nyaung Pin Te,17.79619698,95.16243084
adm4,MMR017013065,Si Pin,17.81219934,95.19611923
adm4,MMR017013066,Kyan Tan Kwin,17.80108056,95.17878169
adm4,MMR017013067,Ka Nyut Kwin,17.84359922,95.089123
adm4,MMR017013068,Kyaung Kwin,17.91406431,95.1315104
adm4,MMR017013069,Khon Gyi,17.87564327,95.12101959
adm4,MMR017013070,Nwar Chan,17.83858626,95.13835797
adm4,MMR017013071,Zay Di Khon,17.79296814,95.07083621
adm4,MMR017013072,Hle Hmauk,17.82942629,95.07725743
adm4,MMR017013073,Kan Kwin,17.77321202,95.09690931
adm4,MMR017013074,Ywar Thar Yar,17.98775758,95.22421101
adm4,MMR017013701,Urban,17.81161936,95.26864347
adm4,MMR017013702,Urban,17.97167997,95.26430682
adm4,MMR017013703,Urban,17.90129277,95.22048988
adm4,MMR017013902,,17.85557691,95.04617562
adm4,MMR017013903,,17.9274365,94.95416901
adm4,MMR017014001,Kwei Lwei,16.61545928,94.93809702
adm4,MMR017014002,Kone Thar,16.53357935,94.87863997
adm4,MMR017014003,Kan Gyi,16.71965463,94.9994209
adm4,MMR017014004,Taung Ka Lay,16.57284576,94.8501258
adm4,MMR017014005,Hpa Yar Chaung,16.59052404,94.94344336
adm4,MMR017014006,Kan Chaung (Tha Yaw Bone),16.58846219,94.99646923
adm4,MMR017014007,Hnget Pyaw Taw,16.52322555,94.96384834
adm4,MMR017014008,Htaw Ka Loet,16.59809174,95.00768129
adm4,MMR017014009,Ta Zin Kone Gyi,16.56685409,94.95548892
adm4,MMR017014010,Ka Nyin Ge,16.61339939,94.97287565
adm4,MMR017014011,Ka Nyut Kwin,16.58359629,94.87784459
adm4,MMR017014012,Htone Bo (Byaing Hpyu),16.62939566,94.83896111
adm4,MMR017014013,Moke Soe Kwin,16.59134876,94.90396667
adm4,MMR017014014,Shan Su,16.56883346,94.91748452
adm4,MMR017014015,Teit Teit Ku,16.53747134,94.93391368
adm4,MMR017014016,Tha Yaw Bone,16.58755499,94.97667236
adm4,MMR017014017,Hpa Yar Chaung Ah Su Gyi,16.73276657,94.96301949
adm4,MMR017014018,Ka Det Kwin,16.4770216,94.92283106
adm4,MMR017014019,Kan Thar Kone,16.63189795,94.87524831
adm4,MMR017014020,Kan Chaung,16.70161599,94.98456211
adm4,MMR017014021,Wea Ka Lay,16.6062002,94.83722244
adm4,MMR017014022,Kyon War,16.66646433,94.96555427
adm4,MMR017014023,Myin Ka Kwin,16.37848198,94.78165638
adm4,MMR017014024,Bu Din Kwin,16.37703917,94.7384765
adm4,MMR017014025,Tei Chaung,16.68025535,94.92810224
adm4,MMR017014026,Mway Taw Shan Su,16.66202868,94.93151603
adm4,MMR017014027,Kyon Thut,16.71916295,94.91911606
adm4,MMR017014028,Kyar Kwin,16.43686062,94.89075145
adm4,MMR017014029,Ka Nyin Kaing,16.41051999,94.84232845
adm4,MMR017014030,Ka Nyin Chaung,16.51324626,94.88412058
adm4,MMR017014031,Khway Lay Gyi,16.52923145,94.80378853
adm4,MMR017014032,Nga Myin Chaung,16.53188531,94.75898236
adm4,MMR017014033,Sin Kwin,16.4166823,94.90693286
adm4,MMR017014034,Sin Ku Kone Hteik Pyaung,16.48982376,94.87300513
adm4,MMR017014035,Taung Dee,16.53155541,94.84966614
adm4,MMR017014036,Htone Bo Mi Chaung Aing,16.40479343,94.86497591
adm4,MMR017014037,Htan Kone,16.4459799,94.89713317
adm4,MMR017014038,Da None Chaung,16.64705991,94.9828537
adm4,MMR017014039,Pyin Pon,16.45345292,94.78157428
adm4,MMR017014040,Poe Laung,16.48435805,94.71865038
adm4,MMR017014041,Pyin Ma Kwin,16.38478484,94.90853027
adm4,MMR017014042,Ba Maw Kun Thee Pin,16.6694855,94.90439071
adm4,MMR017014043,Ba Maw Thone Gwa,16.62804954,94.9158451
adm4,MMR017014044,Kywet Nwe Chaung,16.50056583,94.92488155
adm4,MMR017014045,Ma Dawt Pin,16.67199608,94.99725188
adm4,MMR017014046,Me Kyaw,16.42913797,94.72397966
adm4,MMR017014047,Shan Yae Kyaw,16.40416755,94.89651319
adm4,MMR017014048,Kyar Hpu Ngon,16.63035881,94.95637036
adm4,MMR017014049,Lay Ein Tan,16.70466753,94.95007694
adm4,MMR017014050,Yae Ngan,16.47253037,94.89328532
adm4,MMR017014051,Thein Lar Gat Su,16.44858698,94.83897792
adm4,MMR017014052,Thein Lar Chaung Hpyar,16.48421555,94.82655393
adm4,MMR017014053,Tha Pyay Chaung,16.70270198,95.01349187
adm4,MMR017014054,Ein Ta Lone,16.45826387,94.92015102
adm4,MMR017014055,Ohn Pin,16.46087553,94.95138134
adm4,MMR017014056,Ah Pyin Lay Bet Twar,16.57822929,94.79721269
adm4,MMR017014057,Ah Twin Lay Bet Twar,16.55456753,94.79078557
adm4,MMR017014058,Ka Nyin Kone,16.44081647,94.87157807
adm4,MMR017014059,Kywe Chan Pay Kone,16.41748537,94.94847817
adm4,MMR017014060,Ka Ma Kaing,16.41418436,94.81675172
adm4,MMR017014061,Yan Ma Naing,16.46465036,95.0475838
adm4,MMR017014062,Sa Ka Myar,16.54737181,95.03955495
adm4,MMR017014063,Pyin,16.49582406,94.96689943
adm4,MMR017014064,Mee Thway Chaung,16.58254842,95.02115163
adm4,MMR017014065,Lin Daing Kan Ba Lar,16.53295748,95.01578237
adm4,MMR017014066,La Put Ku Lar,16.50986483,94.97127949
adm4,MMR017014067,Tha Yet Kone,16.50879266,94.99464061
adm4,MMR017014068,Kwin Pauk Gyi,16.52988789,95.04445726
adm4,MMR017014069,Thone Gwa Kun Chan,16.52924615,94.98645335
adm4,MMR017014070,Kyun Ka Lay,16.4842595,94.98619859
adm4,MMR017014071,Nyaung Taw Su,16.5547305,94.99058903
adm4,MMR017014072,Daunt Gyi,16.52268165,95.02662332
adm4,MMR017014073,Ta Pin Chaung,16.56016274,95.03149034
adm4,MMR017014074,Ywar Thar Gyi,16.57039016,95.07620028
adm4,MMR017014075,Sit Kwin Kun Chan,16.58354921,95.0666646
adm4,MMR017014076,Kyun Deik,16.51225658,95.02949812
adm4,MMR017014077,Da Yei Pauk,16.47507908,94.97254304
adm4,MMR017014078,Ka Wet,16.54184574,95.02188843
adm4,MMR017014079,Kyon Tar Moke Soe Ma,16.51208812,95.06188377
adm4,MMR017014080,Kyat Khoe Su,16.48570005,95.0349484
adm4,MMR017014081,Kan Beit Ka Lay,16.48038904,95.04620927
adm4,MMR017014082,Ngar Tan Ta Yar,16.47572081,95.01761472
adm4,MMR017014083,Dar Mya Chaung,16.46161781,95.00390919
adm4,MMR017014084,Lin Daing Let Pan,16.4937825,95.00745103
adm4,MMR017014085,Tha Yaw Kwayt,16.44854665,95.02028374
adm4,MMR017014086,U Nu Chaung,16.53526674,95.00069793
adm4,MMR017014087,Nyaung Chaung Pway Su,16.53578492,95.07689843
adm4,MMR017014088,Tu Chaung Kyaung Su,16.48701963,94.94151385
adm4,MMR017014089,Ta Khun Taing,16.55951396,95.01277262
adm4,MMR017014090,Kwin Pauk Ka Lay,16.4561047,94.98483056
adm4,MMR017014091,Ah Su Gyi,16.54516355,95.05880012
adm4,MMR017014095,Kun Chan,16.4247521,94.97457923
adm4,MMR017014096,Pa Keik,16.41040169,94.9812772
adm4,MMR017014097,Lu Taw,16.36070308,94.96672895
adm4,MMR017014100,Kan Kwin,16.41296561,94.92571595
adm4,MMR017014103,Chaung Kwe Gyi,16.38323332,95.00613985
adm4,MMR017014104,Ngar Yar Bo,16.4115563,95.00301177
adm4,MMR017014106,Put Kha Yaing,16.40574077,95.02775446
adm4,MMR017014701,Urban,16.60383473,94.92353921
adm4,MMR017015001,Tha Yut Gyi,16.885242,95.04658791
adm4,MMR017015002,Thone Se,16.85805805,95.02441318
adm4,MMR017015003,Tha Yet Kone,16.8380402,95.03294315
adm4,MMR017015004,Kyaung Su,16.86196058,95.05146868
adm4,MMR017015005,Ni Sat Gyi,16.82142026,95.0751326
adm4,MMR017015006,Kun Sa Khan,16.8390727,95.09267267
adm4,MMR017015007,Yae Ngan Kwin,16.84586304,95.10762414
adm4,MMR017015008,Kyon La Har,16.85644236,95.09853556
adm4,MMR017015009,Hle Seik,16.84784498,95.065264
adm4,MMR017015010,Za Yat Seik,16.8797295,95.07233008
adm4,MMR017015011,Boe Hlaw Yoe,16.866617,95.09112176
adm4,MMR017015012,Inn Ma,16.88364023,95.09246157
adm4,MMR017015013,Sar Hpyu Seik,16.88019048,95.11130118
adm4,MMR017015014,Yar Zu Yoe,16.86076833,95.11811145
adm4,MMR017015015,Kyon Kha Yi,16.85744303,95.14120538
adm4,MMR017015016,Nyaung Ngu,16.88259254,95.13496631
adm4,MMR017015017,Ga Yet Gyi,16.85852814,95.16068283
adm4,MMR017015018,Ta Kaw,16.88855225,95.15509069
adm4,MMR017015019,Yone Taw,16.90032645,95.0941396
adm4,MMR017015020,Nyaung Kone,16.91065674,95.12289227
adm4,MMR017015021,Hpa Yar Gyi Kone,16.94032873,95.18572527
adm4,MMR017015022,Yae Thoe,16.91426074,95.2014798
adm4,MMR017015023,Par Ra Mi Daunt,16.90930139,95.15627158
adm4,MMR017015024,Htein Ngu,16.88263267,95.20276506
adm4,MMR017015025,Kan Gyi Daunt Kone,16.87084002,95.18258309
adm4,MMR017015026,Kan Gyi Daunt,16.85205063,95.19560506
adm4,MMR017015027,Htan Ta Pin,16.84440351,95.16884287
adm4,MMR017015028,Inn Ta Mi,16.81417686,95.16710101
adm4,MMR017015029,Tha Yet Pin Kwin,16.81725681,95.19009974
adm4,MMR017015030,Aing Gyi,16.81704962,95.21218303
adm4,MMR017015031,Tha Pyay Kwin,16.79888457,95.18905704
adm4,MMR017015032,Ohn Pin Su,16.7811942,95.20239409
adm4,MMR017015033,Ku,16.7672934,95.19682099
adm4,MMR017015034,Ka Man Ta Khun Taing,16.77436506,95.17405974
adm4,MMR017015035,Ka Man Taung,16.76568371,95.14675029
adm4,MMR017015036,Kyoet Kone,16.79127957,95.18172936
adm4,MMR017015037,Ta Loke Kone,16.77516345,95.14030963
adm4,MMR017015038,Inn Ta Mi Thet Kei,16.80033848,95.15168527
adm4,MMR017015039,Tha Hpan Pin Seik,16.83129128,95.15169698
adm4,MMR017015040,Khat Ti Ya,16.836611,95.12913444
adm4,MMR017015041,Kyaik Pi,16.81767009,95.13416344
adm4,MMR017015042,Kwin Ka Lay,16.79358672,95.13401153
adm4,MMR017015043,Za Yat Kwin,16.82370284,95.10860001
adm4,MMR017015044,Kun Taing,16.7983533,95.10336212
adm4,MMR017015045,Kwin Yar Ta Khun Taing,16.77619427,95.11901892
adm4,MMR017015046,Ta Man Gyi,16.78389264,95.09389787
adm4,MMR017015047,Tha Paung,16.80623087,95.07191729
adm4,MMR017015048,Ah Su Gyi,16.79359896,95.0564392
adm4,MMR017015049,Ku Lar Kone,16.8069263,95.01979091
adm4,MMR017015050,Thee Kwin,16.82635397,95.03435829
adm4,MMR017015051,Pyin Ma Kone,16.81993433,94.99642696
adm4,MMR017015052,Kyon Ta Loke,16.79283194,95.00019199
adm4,MMR017015053,Khaung Lan Kone Gyi,16.77540308,94.9800719
adm4,MMR017015054,Nyaung Waing Gyi,16.75063187,94.9710213
adm4,MMR017015055,Ta Khun Taing Ah Nyar Su,16.74259493,95.01032579
adm4,MMR017015056,Ka Nyin Kone Gyi,16.76211669,95.02342932
adm4,MMR017015057,Pwe Sar Gon Hnyin Tan,16.75232685,95.05477748
adm4,MMR017015058,Pa Det,16.75884668,95.07990064
adm4,MMR017015059,Me Za Li Sar Hpyu Su,16.72178099,95.06816058
adm4,MMR017015060,War Kha Yei,16.7138654,95.08644796
adm4,MMR017015061,Kya Khat Kwayt,16.70940788,95.04417843
adm4,MMR017015062,Htan Lay Pin,16.67300814,95.06188144
adm4,MMR017015063,Kan Su Gyi Kyon Ma Yan,16.67424618,95.0449565
adm4,MMR017015064,Kyar Htaw,16.65126134,95.01447177
adm4,MMR017015065,Pu Lu Nyaung Waing,16.6185356,95.00268479
adm4,MMR017015066,Me Za Li,16.63502207,95.02831058
adm4,MMR017015067,Gon Hnyin Tan,16.61616131,95.04759723
adm4,MMR017015068,Shan Su,16.60261273,95.02387269
adm4,MMR017015069,Ma Yan Pin,16.58271031,95.04340088
adm4,MMR017015070,Kun Chan,16.59941702,95.05497915
adm4,MMR017015071,Chaung Thar Gyi,16.60886258,95.06953364
adm4,MMR017015072,Lu Kaung Kyun,16.62561333,95.07194962
adm4,MMR017015073,Chauk Ein Tan,16.63953224,95.05418616
adm4,MMR017015074,Pyin Ma Ngu,16.63911918,95.0779263
adm4,MMR017015075,Kyon Sein Gyi,16.66720229,95.08501579
adm4,MMR017015076,Kan Pyo,16.69764326,95.07131446
adm4,MMR017015077,Kha Lauk Thaik,16.69456206,95.09324704
adm4,MMR017015078,Let Pan Kone,16.6970808,95.12341335
adm4,MMR017015079,Ka Nyin Kwin,16.71536655,95.14340052
adm4,MMR017015080,Thea Chaung,16.72360781,95.11679327
adm4,MMR017015081,Kyar Na Hpu,16.72928573,95.09573158
adm4,MMR017015082,Thar Kwin,16.74584078,95.09733006
adm4,MMR017015083,Ywar Thit,16.74812309,95.11723774
adm4,MMR017015084,Wea Gyi Wa,16.74148509,95.13793463
adm4,MMR017015085,Shan Kwin,16.74609804,95.15918852
adm4,MMR017015086,Tu Myaung Hle Seik,16.74663265,95.18018832
adm4,MMR017015087,Pale Chaung,16.72445574,95.17520485
adm4,MMR017015088,Ma Gyi Chaung,16.70386709,95.17735968
adm4,MMR017015089,Kyon Ka Ni,16.69324734,95.14123657
adm4,MMR017015090,Kyon La Mu Nyaung Waing,16.67353788,95.1366742
adm4,MMR017015091,Ah Su Gyi Kyaung Su,16.67754797,95.10889586
adm4,MMR017015092,Kwin Gyi,16.65082886,95.12697569
adm4,MMR017015093,Sat Tu,16.6234075,95.11025127
adm4,MMR017015094,Shwe Bo Su,16.64512299,95.0987972
adm4,MMR017015095,Ngu Chaung,16.60944636,95.08708655
adm4,MMR017015096,War Ta Loke,16.59155707,95.11109015
adm4,MMR017015097,Kyar Tan,16.57588176,95.10267249
adm4,MMR017015701,Urban,16.89110779,95.18135302
adm4,MMR017016001,Kyauk Hmaw,16.19322583,94.75313473
adm4,MMR017016002,Nyaung Lein,16.1678428,94.74082352
adm4,MMR017016003,La Put Ta Loke (North),16.1913635,94.70295077
adm4,MMR017016004,La Put Ta Loke (South),16.16365254,94.69496609
adm4,MMR017016005,Sar Kyin,16.11931204,94.70721418
adm4,MMR017016006,Ka Nyin Kone,16.11657464,94.81047547
adm4,MMR017016007,Ah Mat,16.15938984,94.79886478
adm4,MMR017016008,Tha Nat Hpet,16.17831655,94.83414633
adm4,MMR017016009,Ohn Ta Pin,16.2386426,94.85890489
adm4,MMR017016010,Htin Pon Kwin,16.19944011,94.86387458
adm4,MMR017016011,Kan Bet,16.24370631,94.92667444
adm4,MMR017016012,Kyein Kwin,16.28347609,94.92020592
adm4,MMR017016013,Kyein Kone Gyi,16.31436011,94.95005885
adm4,MMR017016014,Bay Pauk,16.29491627,94.96570056
adm4,MMR017016015,Nyaung Lan,16.36430796,94.98448169
adm4,MMR017016016,Boe Pyayt,16.34187241,95.00593025
adm4,MMR017016017,Kyu Taw,16.29415359,95.00406809
adm4,MMR017016018,Gon Hnyin Tan,16.24954862,94.9658771
adm4,MMR017016019,Bi Tut,16.14782079,94.88419858
adm4,MMR017016020,Maung Nge,16.15861625,94.93704987
adm4,MMR017016021,Myit Pauk,16.05392417,94.92909969
adm4,MMR017016022,Shaw Chaung,16.09668286,94.98285723
adm4,MMR017016023,Nyaung Chaung,16.20164043,94.98021433
adm4,MMR017016024,Ka Ka Yan,16.22660133,95.02264922
adm4,MMR017016025,Kyee Chaung,16.28153157,95.04116877
adm4,MMR017016026,Kyun Chaung,16.2491274,95.04746685
adm4,MMR017016027,Tat Kwin,16.29611085,95.10129911
adm4,MMR017016035,Gant Eik,16.09098525,94.66988062
adm4,MMR017016036,Kant Ba Lar,16.0468749,94.64563311
adm4,MMR017016037,Sin Chay Yar,15.99951609,94.61159465
adm4,MMR017016038,Tha Pyu Kone,16.03611095,94.67523658
adm4,MMR017016039,Thin Gan Gyi,15.97867938,94.63081717
adm4,MMR017016040,Yway,15.92192036,94.63379664
adm4,MMR017016041,Sa Lu Seik,15.89805396,94.70611023
adm4,MMR017016042,Kone Gyi,15.82317443,94.76949839
adm4,MMR017016043,Tei Pin Taing,15.89143958,94.8025509
adm4,MMR017016044,Hlwa Zar,15.96573938,94.76693731
adm4,MMR017016045,Koke Ko,16.06410144,94.8135944
adm4,MMR017016046,Baing Daunt Chaung,16.03237023,94.76672497
adm4,MMR017016047,Sar Chet,15.96621209,94.88645777
adm4,MMR017016048,Yae Twin Seik,15.86746179,94.94480031
adm4,MMR017016049,Da Ni Seik,15.90982839,95.02140913
adm4,MMR017016050,Poe Laung,15.8016329,94.91556591
adm4,MMR017016089,Kyar Kan,16.30092647,94.88366593
adm4,MMR017016090,Tu Myaung,16.31545808,94.67965175
adm4,MMR017016091,Yae Saing,16.35511466,94.81828815
adm4,MMR017016092,Kyauk Hpyu Pein Hne Taung,16.22696918,94.79621441
adm4,MMR017016093,Ka Tha Paung,16.29353144,94.8554497
adm4,MMR017016094,Kyauk Tan Gyi,16.25124393,94.72293219
adm4,MMR017016095,Kyauk Tan Ka Lay,16.23224241,94.68607837
adm4,MMR017016096,Nyan Kwin,16.37363248,94.92063537
adm4,MMR017016097,Pan Tone Kwin,16.36488345,94.87291648
adm4,MMR017016098,Bar Thar Kone,16.37512403,94.95129285
adm4,MMR017016099,Min Bu Su,16.35706164,94.94157304
adm4,MMR017016100,Maung Di,16.25030188,94.82131729
adm4,MMR017016101,Mway Hauk,16.28377277,94.77008511
adm4,MMR017016102,La Put Pyay Le Pyauk,16.32238912,94.89830223
adm4,MMR017016103,Hlaing Bone,16.27946914,94.67330906
adm4,MMR017016104,Tha Yet Kone Le Pyauk,16.3402862,94.90462132
adm4,MMR017016105,Thar Li Kar Kone,16.33374234,94.86332656
adm4,MMR017016106,Bone Gyi Kone,16.04188736,95.01863015
adm4,MMR017016107,Ka Nyin Kaing,15.98291504,94.71312923
adm4,MMR017016108,Tha Pyay Chaung,15.94805679,94.68145345
adm4,MMR017016109,Thit Poke,15.7761692,94.86936311
adm4,MMR017016110,Kaing Thaung,15.73018406,95.04340084
adm4,MMR017016701,Urban,16.14743827,94.75887788
adm4,MMR017016702,Urban,15.82004072,94.81109249
adm4,MMR017016703,Urban,16.19874424,94.7791056
adm4,MMR017016901,,16.36284051,94.36245165
adm4,MMR017016901,,16.2834305,94.81258851
adm4,MMR017017001,Kyon Hta Yeik,16.80193958,95.23361412
adm4,MMR017017002,Pauk Tein,16.80552725,95.2790577
adm4,MMR017017003,Kyon Ka Pyin,16.75812479,95.24789656
adm4,MMR017017004,Wea Gyi,16.76221375,95.21997274
adm4,MMR017017005,Moe Ma Kha Kone,16.7424602,95.20787926
adm4,MMR017017006,Thet Kei,16.73642413,95.20080578
adm4,MMR017017007,Kan Kwin,16.71334965,95.21880887
adm4,MMR017017008,Au Kyun,16.70990738,95.1974797
adm4,MMR017017009,Ka La,16.68581883,95.24578492
adm4,MMR017017010,Kyar Hpyu,16.66741221,95.23272108
adm4,MMR017017011,Ah La Man Kyaung Su,16.60040447,95.26164518
adm4,MMR017017012,Tu Chaung,16.61930843,95.29584479
adm4,MMR017017013,Kyon Pa Toke Wa Kyon Oe,16.66751481,95.2772613
adm4,MMR017017014,Min Lan Ka Sa Ke,16.63975409,95.256812
adm4,MMR017017015,Ka Leik Kyon Pa Toke,16.71269337,95.25825314
adm4,MMR017017016,Let Pan Su,16.70210051,95.28870409
adm4,MMR017017017,Pay Taw,16.67804513,95.32114224
adm4,MMR017017018,Taik Ku Lar,16.70215002,95.31099103
adm4,MMR017017019,Ka Ka Taik,16.76018925,95.28422348
adm4,MMR017017020,Shwe Laung,16.73088489,95.30241417
adm4,MMR017017021,Kin Wa Gyi,16.74964927,95.34327337
adm4,MMR017017022,Tha Yet Ngu,16.75676048,95.38621594
adm4,MMR017017023,Ah Htet Pay Kone,16.76522516,95.40384058
adm4,MMR017017024,Tyein Kyun,16.77894179,95.45405035
adm4,MMR017017025,Kan Pyo,16.76389856,95.43005656
adm4,MMR017017026,Hin Thar Htone,16.74605986,95.44815881
adm4,MMR017017027,Ta Khun Taing Sit Tan,16.71460362,95.41691661
adm4,MMR017017028,Sat Htone,16.67553702,95.40012186
adm4,MMR017017029,Sa Par Yoe,16.69828442,95.37373664
adm4,MMR017017030,Nyaung Ngu,16.71106703,95.33834276
adm4,MMR017017031,Myauk Khon,16.65772331,95.3234753
adm4,MMR017017032,Hti Tan,16.61058936,95.32027163
adm4,MMR017017033,Ga Yan,16.58846295,95.33741223
adm4,MMR017017034,Mya Goe Lay,16.6079592,95.36063368
adm4,MMR017017035,Mya Goe Gyi,16.64032554,95.35061352
adm4,MMR017017036,Hnget Pyaw Chaung,16.64744886,95.39462356
adm4,MMR017017037,Kyar Kwin Kyun Kyar,16.62411924,95.38543065
adm4,MMR017017038,Htan Lay Pin,16.58395912,95.37430042
adm4,MMR017017039,Hpoet Kha Mi Daunt,16.55254296,95.34798696
adm4,MMR017017040,Myit Ka Lay,16.5388329,95.31236028
adm4,MMR017017041,Thi Hla Chaung,16.55955774,95.29492907
adm4,MMR017017042,Ba Lay,16.56813717,95.31906531
adm4,MMR017017043,Kyon La Tar,16.56184275,95.2664703
adm4,MMR017017044,Kyon Kha Yar,16.53623236,95.26533201
adm4,MMR017017045,Tha Ywet Myaik,16.53158993,95.23832862
adm4,MMR017017046,Sit Chaung,16.50995726,95.2080825
adm4,MMR017017047,Maung Dee,16.5230969,95.20828295
adm4,MMR017017048,Pyin Ma Kwin,16.53935081,95.21869871
adm4,MMR017017049,Ka Wea Kywe Ta Lin,16.57143968,95.23589944
adm4,MMR017017050,U Peik Htoke Ywar Ma,16.55241917,95.23965855
adm4,MMR017017051,Ka Ka La,16.58162327,95.22260335
adm4,MMR017017052,Let Pan (Let Pan Taung),16.56348737,95.2104322
adm4,MMR017017053,Lan Tha Maing Ywar Gyi,16.54279655,95.18794514
adm4,MMR017017054,Kyon Pauk,16.57043042,95.17068357
adm4,MMR017017055,Ka Wea Nyaung Chaung,16.58512832,95.19712568
adm4,MMR017017056,Kyon Ka Naung,16.59914883,95.2143153
adm4,MMR017017057,Ka Wea Inn Chaung,16.59914883,95.2379564
adm4,MMR017017058,Kyon Da Yan Than Din,16.62350045,95.23756167
adm4,MMR017017059,Htaw Ka Nut,16.61516946,95.19567312
adm4,MMR017017060,U Gyi Taw,16.62501367,95.19292345
adm4,MMR017017061,Taung Au Tha Byu,16.62110114,95.21351035
adm4,MMR017017062,Ah Lan,16.64316113,95.22367574
adm4,MMR017017063,Taung Au Chaung Hpyar,16.65298904,95.2122511
adm4,MMR017017064,Thea Kone,16.66588014,95.2209191
adm4,MMR017017065,Ba Maw,16.66477449,95.18128703
adm4,MMR017017066,Yae Lein,16.6817349,95.19428943
adm4,MMR017017067,Kyun Kone,16.69215208,95.16248047
adm4,MMR017017068,Me Za Li,16.66940758,95.1616579
adm4,MMR017017069,Ah Nauk Da Yin,16.64153438,95.1729378
adm4,MMR017017070,Ah Shey Da Yin,16.64559053,95.19072229
adm4,MMR017017071,Zoke Ka Ni,16.62473394,95.17083434
adm4,MMR017017072,Ah Htet Thet Kei,16.64402612,95.15673341
adm4,MMR017017073,Auk Thet Kei,16.61916182,95.13860298
adm4,MMR017017074,San Pya,16.61467959,95.16495477
adm4,MMR017017075,Wea Ywar Kyon Sein,16.58286981,95.18045957
adm4,MMR017017076,Tha Yet Chaung,16.58559443,95.1505275
adm4,MMR017017077,Ta Laing Su,16.60284176,95.15387343
adm4,MMR017017078,Htee Pa Nan,16.6006751,95.12842377
adm4,MMR017017079,Kun Chaung Thar Yar Kone,16.56985894,95.13501057
adm4,MMR017017080,Lan Tha Maing Ywar Lay,16.54791696,95.15806376
adm4,MMR017017081,Myo Chaung Gyi,16.52307282,95.15297434
adm4,MMR017017082,Myo Chaung Lay,16.51298427,95.13993247
adm4,MMR017017083,Hpoe Thar Khway,16.52130207,95.11887126
adm4,MMR017017084,Ka Na Soe Kone,16.54223652,95.13770881
adm4,MMR017017085,Gaw Thu Thaung,16.55636018,95.12174528
adm4,MMR017017086,Khway Lay,16.55646934,95.09599446
adm4,MMR017017087,Kan Thar Kone,16.53099656,95.10315
adm4,MMR017017088,Nyaung Pin Thar,16.52357879,95.09414014
adm4,MMR017017089,Sa Lu Chaung,16.50779054,95.09236831
adm4,MMR017017090,Kyon Taing,16.47295436,95.09515418
adm4,MMR017017091,Sin Ku,16.4813099,95.10583012
adm4,MMR017017092,Let Khoke,16.49243889,95.12639594
adm4,MMR017017093,Ta Dar Gyi,16.49871243,95.14883957
adm4,MMR017017094,Shauk Chaung,16.475837,95.1387772
adm4,MMR017017095,Paik Tan,16.48223339,95.16153521
adm4,MMR017017096,Be Chaung,16.51516457,95.16889207
adm4,MMR017017097,Boe Bay Ah Nyar Su,16.5140685,95.18107008
adm4,MMR017017098,Kyun Deik,16.4886264,95.18630908
adm4,MMR017017099,Aye Chaung,16.47782789,95.17766439
adm4,MMR017017100,Tha Yet Taw,16.47404038,95.18821755
adm4,MMR017017101,Nant Ae Laung,16.4432439,95.18174063
adm4,MMR017017102,Tha Pyay Chaung,16.4607776,95.18114668
adm4,MMR017017103,Thit Chaint,16.44205442,95.16000715
adm4,MMR017017104,Ma Yan Chaung,16.43080737,95.17928878
adm4,MMR017017105,Kwin Chaung,16.39884118,95.16712214
adm4,MMR017017106,Kun Thee Chaung Lay,16.38882189,95.14747482
adm4,MMR017017107,Kyon La Tar Wa,16.39198306,95.1253697
adm4,MMR017017108,Kyun Pyat That,16.41889296,95.13707626
adm4,MMR017017109,Hnget Kya,16.45827147,95.15588937
adm4,MMR017017112,Auk Pay Kone,16.4422904,95.1072186
adm4,MMR017017113,Man Ka Leit Ngu Taw,16.41312175,95.06565299
adm4,MMR017017114,Tone Le Chaung,16.43977723,95.05841303
adm4,MMR017017115,Shwe Kone,16.393685,95.05484287
adm4,MMR017017116,Gan Chaung,16.38040014,95.04080644
adm4,MMR017017117,Gway Chaung,16.36352773,95.02140204
adm4,MMR017017118,Peik Tar Lay,16.35127517,95.04862462
adm4,MMR017017119,Tei Pin,16.29779824,95.07140608
adm4,MMR017017120,Saw Ke,16.35654738,95.07192439
adm4,MMR017017121,San Eik,16.37311705,95.11539345
adm4,MMR017017122,Myin Ka Kone,16.35205298,95.08401029
adm4,MMR017017123,Thit Hpyu Chaung,16.3315327,95.0898603
adm4,MMR017017124,Pa Day Tha Kone,16.3416928,95.11246864
adm4,MMR017017125,Kya Khat Kone,16.69302756,95.22393106
adm4,MMR017017126,Kyon Pa Di Kyon Pa Taw,16.78756986,95.26477017
adm4,MMR017017127,Yae Lel Kyun,16.40729956,95.1007389
adm4,MMR017017128,Pan Ku,16.42581172,95.10195815
adm4,MMR017017701,Urban,16.6031433,95.17862905
adm4,MMR017017702,Urban,16.44743804,95.12908314
adm4,MMR017018001,Kyun Ka Lay,16.46080011,95.2021316
adm4,MMR017018002,Hti To Lo,16.42887601,95.20936655
adm4,MMR017018003,Sin Chaung,16.42571414,95.23466738
adm4,MMR017018004,Thone Gwa,16.44022729,95.22516516
adm4,MMR017018005,Hti Seik Ywar Ma,16.46546572,95.21929395
adm4,MMR017018006,Hti Seik Hpa Yar Su,16.47255142,95.23547761
adm4,MMR017018007,Lat Put Ta Loke Ka Lay,16.48933774,95.21587754
adm4,MMR017018008,Bagan Pon,16.50801008,95.26069894
adm4,MMR017018009,Kat Kho,16.49775173,95.28532528
adm4,MMR017018010,Lat Put Ta Loke Gyi,16.47856125,95.25973509
adm4,MMR017018011,Kat Tha Hmyin Hti Seik Yae Kyaw,16.45988738,95.24987272
adm4,MMR017018012,Hti Par Lel,16.43951471,95.24661765
adm4,MMR017018013,Saw Ke Chaung,16.43812839,95.26847373
adm4,MMR017018014,Kyun Khei Ma,16.41756558,95.30575721
adm4,MMR017018015,Ma Hmway Kyun,16.40078206,95.32757073
adm4,MMR017018016,Tat Ngu,16.35899027,95.29862088
adm4,MMR017018017,Yae Lein,16.38379059,95.29064897
adm4,MMR017018018,Kyat Sin Chaung,16.42496078,95.28912091
adm4,MMR017018019,Tei Chaung,16.41064163,95.27000111
adm4,MMR017018020,Tha Pyay Chaung,16.4100564,95.2464469
adm4,MMR017018021,Me Za Li Pathein Su,16.38989356,95.24148098
adm4,MMR017018022,Peik Tar,16.35366554,95.26072086
adm4,MMR017018023,Kan Zauk,16.36599633,95.24509616
adm4,MMR017018024,Hman Ku,16.3915569,95.2186118
adm4,MMR017018025,Hpa Yar Chaung Ta Khun Taing,16.40746359,95.20162268
adm4,MMR017018026,War Net Chaung,16.39036249,95.19843552
adm4,MMR017018027,Aung Hlaing,16.37401445,95.17192842
adm4,MMR017018028,None Kyun,16.34708839,95.13188499
adm4,MMR017018029,Thu Ye Chaung,16.32143023,95.1385122
adm4,MMR017018030,Shauk Chaung,16.34507255,95.16304971
adm4,MMR017018031,Kan Kone,16.31739935,95.19649282
adm4,MMR017018032,La Put Kwe None Tan,16.3705802,95.20855442
adm4,MMR017018033,Kun Chan Kone,16.34594157,95.24102286
adm4,MMR017018034,Thone Gwa Chun,16.32275674,95.22664199
adm4,MMR017018035,Me Za Li U To,16.32760482,95.24748644
adm4,MMR017018036,Lay Ein Tan,16.34416727,95.20795745
adm4,MMR017018037,Kyon La Mu,16.30162233,95.21095856
adm4,MMR017018038,Kyun Chaung,16.27473547,95.23711166
adm4,MMR017018039,Ma Bay,16.27269707,95.21027821
adm4,MMR017018040,Kyet Shar,16.17516128,95.23284098
adm4,MMR017018041,Kyar Hone,16.2489332,95.2561163
adm4,MMR017018042,Boe Ti Lut,16.28597307,95.24964002
adm4,MMR017018043,Nat Hmu,16.27138898,95.26426363
adm4,MMR017018044,Gon Hnyin Tan,16.30553216,95.25569485
adm4,MMR017018045,Lin Zwe Me Za Li,16.30232882,95.27008781
adm4,MMR017018046,Kyar Chaung,16.28218937,95.27923048
adm4,MMR017018047,Myat Thar Zee Hpyu,16.26908661,95.28859841
adm4,MMR017018048,Myat Thar Wa,16.23754428,95.30178185
adm4,MMR017018049,Myat Thar Ywar Ma,16.24029471,95.27561334
adm4,MMR017018050,Meik Tha Lin Kone,16.26502725,95.31053945
adm4,MMR017018051,Myat Thar U To,16.29574065,95.31465242
adm4,MMR017018052,Kywe Chan Kyon La Mu,16.30957166,95.29599705
adm4,MMR017018053,Myin Ka Kone Ka Lay/ Daung Yae Kyaw,16.34043504,95.27781699
adm4,MMR017018054,Kywe Chan Yae Kyaw,16.33504973,95.3017769
adm4,MMR017018055,Hti Yar Li,16.32968366,95.32283064
adm4,MMR017018056,Me Za Li Ka Zan Chaung,16.31990493,95.34781631
adm4,MMR017018057,Kywe Chan Chaung Hpyar,16.35014249,95.33786912
adm4,MMR017018058,Kywe Chan Wa,16.34979488,95.31926467
adm4,MMR017018059,Nwar Yae Kyaw Nyaung Lan,16.37116907,95.32300808
adm4,MMR017018060,Nwar Yae Kyaw Kyaung Su,16.35584013,95.35187401
adm4,MMR017018061,Hpu Hti,16.38425453,95.34143463
adm4,MMR017018062,Kyon La Tar Kyaung Su,16.39103551,95.3769055
adm4,MMR017018063,Wet Kwin,16.40494629,95.36486622
adm4,MMR017018064,Gway Kone,16.42254518,95.33496664
adm4,MMR017018065,Byant Gyi Myit Kyoe,16.42851995,95.36907703
adm4,MMR017018066,Byant Gyi Ohn Pin Su,16.45353169,95.35465395
adm4,MMR017018067,Hpa Yar Gyi Kone,16.4558445,95.32189715
adm4,MMR017018068,Yar Zu Taing Ka Nyin Chaung,16.46442306,95.29511563
adm4,MMR017018069,Dun Ta Peit,16.46680716,95.31614015
adm4,MMR017018070,Htu Taw Ka Mya,16.49501829,95.33386109
adm4,MMR017018071,Kyun Gyi,16.49700464,95.31159737
adm4,MMR017018072,Hpoe Kha Hmi Daunt,16.52385471,95.3430831
adm4,MMR017018073,Kyun Deik,16.57039121,95.38688176
adm4,MMR017018074,Ta Khun Taing Kyon War,16.52995024,95.37315864
adm4,MMR017018075,Ah Htet Ma Au Htone,16.50024891,95.35407666
adm4,MMR017018076,Auk Ma Au Htone,16.46784836,95.36731575
adm4,MMR017018077,Wea Daunt,16.50722108,95.40895056
adm4,MMR017018078,Sit Sa Li Htone,16.53934093,95.43865916
adm4,MMR017018079,Tha Khut Kone War Yon Daunt,16.51783651,95.45387532
adm4,MMR017018080,Thit To Seik,16.48181428,95.43455645
adm4,MMR017018081,Hpa Yar Daunt,16.48413076,95.46523564
adm4,MMR017018082,War Rakhine,16.46111905,95.46525966
adm4,MMR017018083,Kywe Da Lin,16.43820084,95.47090199
adm4,MMR017018084,Htein Ku Lar,16.45819926,95.51988243
adm4,MMR017018085,Kyaw Zan,16.43769367,95.50540063
adm4,MMR017018086,Da Lin Hle Seik,16.41174102,95.47713783
adm4,MMR017018087,Ga Yan,16.42009909,95.44539447
adm4,MMR017018088,See Pwar Chaung,16.43641972,95.44817242
adm4,MMR017018089,Ma Ye Ohn Pin Su,16.44362188,95.43655919
adm4,MMR017018090,Kyaik Pi,16.43354334,95.4162387
adm4,MMR017018091,Sa Khan Gyi,16.47602634,95.39757543
adm4,MMR017018092,Nyaungdon Su,16.45837232,95.40385746
adm4,MMR017018093,Hti Par Lel Thaung Tan,16.43437467,95.36409637
adm4,MMR017018094,Mei Ta Laing,16.42263557,95.3870554
adm4,MMR017018095,Ba Maw,16.39684906,95.3925221
adm4,MMR017018096,Pu Lun Sar,16.41808634,95.40128277
adm4,MMR017018097,Pyar Mut Shaw Chaung,16.35342671,95.37289466
adm4,MMR017018098,Hpoe Thar Aye Ah Su,16.33486142,95.34701514
adm4,MMR017018099,Da None Seik,16.37830179,95.39440201
adm4,MMR017018100,Ma Yan,16.38533403,95.4136752
adm4,MMR017018101,La Put Kwe Te Chaung,16.35059727,95.18268606
adm4,MMR017018102,Hpyar Leik,16.28142458,95.11971172
adm4,MMR017018103,Myit Gyi Boe,16.2518456,95.11670762
adm4,MMR017018104,Ka Zaung,16.2301352,95.09728273
adm4,MMR017018105,Pet Pye,16.22101019,95.07010833
adm4,MMR017018106,Ah Lel Yae Kyaw,16.18321764,95.05169953
adm4,MMR017018107,Yae Twin Kone,16.12649537,95.08845575
adm4,MMR017018108,Hlaing Bone,16.1727934,95.0955793
adm4,MMR017018701,Urban,16.37935984,95.25973077
adm4,MMR017018901,,16.22792672,95.17564906
adm4,MMR017019001,Auk Htone,16.78110872,95.4871734
adm4,MMR017019002,Aung Bon,16.60804277,95.50057882
adm4,MMR017019003,Ah Lan,16.87701137,95.68737174
adm4,MMR017019004,Aung Heik,16.72983882,95.61332759
adm4,MMR017019005,Aing Waing,16.70855049,95.65009796
adm4,MMR017019006,Ah Lan Gyi,16.64493093,95.6451641
adm4,MMR017019007,Ah Chan,16.5708665,95.71745892
adm4,MMR017019008,Ah Gar,16.54185559,95.86665501
adm4,MMR017019009,Bee Lin,16.77308765,95.56607777
adm4,MMR017019010,Chauk,16.65936723,95.46882242
adm4,MMR017019011,Ein Yar Gyi,16.68258576,95.60761414
adm4,MMR017019012,Hman Pin,16.69567262,95.55084145
adm4,MMR017019013,Inn Ma,16.77860357,95.5472264
adm4,MMR017019014,Inn Tay,16.77172343,95.52891988
adm4,MMR017019015,Kyon Nat Taw,16.81764143,95.53398117
adm4,MMR017019016,Kywe Done,16.8067679,95.50278916
adm4,MMR017019017,Kyon War,16.61050921,95.5265334
adm4,MMR017019018,Kywe Gat,16.81278566,95.6276263
adm4,MMR017019019,Kan Kone,16.76549759,95.61478053
adm4,MMR017019020,Kun Su,16.70682969,95.61448392
adm4,MMR017019021,Ka Nu,16.63051199,95.61409056
adm4,MMR017019022,Ka Nin Wa,16.62313991,95.63748921
adm4,MMR017019023,Kyee Chaung,16.68348815,95.65462524
adm4,MMR017019024,Kha Naung Htaw,16.70084775,95.70213128
adm4,MMR017019025,Kyon Soke,16.62372893,95.66681287
adm4,MMR017019026,Kyaung,16.69451823,95.72291472
adm4,MMR017019027,Ka Wet Kin,16.63096133,95.75523276
adm4,MMR017019028,Kyon Thin,16.54882674,95.82193392
adm4,MMR017019029,Kyon Tar Ka Lay,16.61106992,95.81036955
adm4,MMR017019030,Kha Naung,16.58116593,95.82564871
adm4,MMR017019031,Let Pan Kone,16.64030651,95.5928908
adm4,MMR017019032,Lay Ein Su,16.67603588,95.79253829
adm4,MMR017019033,Let Kyar Gyi,16.69311397,95.81993744
adm4,MMR017019034,Mee Thway Chaung,16.86706455,95.62282902
adm4,MMR017019035,Ma Let To,16.79805396,95.74068075
adm4,MMR017019036,Min Baw,16.66141916,95.67493115
adm4,MMR017019037,Nat Sin,16.78969661,95.60757187
adm4,MMR017019038,Nga Gyi Ga Yet,16.72144682,95.54972362
adm4,MMR017019039,Nga Hpei Oh,16.80878453,95.65493298
adm4,MMR017019040,Ngar Hpar Aing,16.65241142,95.5108314
adm4,MMR017019041,Nyaung Pin Ga Yet,16.75917531,95.58929197
adm4,MMR017019042,Nyaung Waing,16.70251685,95.67138723
adm4,MMR017019043,Hta Yaw Nyaung Waing,16.5832439,95.74766278
adm4,MMR017019044,Pay Kone,16.83057555,95.60409878
adm4,MMR017019045,Pan Pin Su,16.73005788,95.5015631
adm4,MMR017019046,Pe Kho Su,16.68297542,95.56668088
adm4,MMR017019047,Pauk Kone,16.65750686,95.61709733
adm4,MMR017019048,Pein Chaung,16.67209545,95.64280788
adm4,MMR017019049,Pan Ta Put,16.70218889,95.68422191
adm4,MMR017019050,Hta Yaw Pay Kone,16.58768882,95.80766346
adm4,MMR017019051,Shwe Hlay Thaung,16.83848376,95.52212067
adm4,MMR017019052,Sit Chaung,16.80354765,95.58566906
adm4,MMR017019053,Seik Thar,16.8239871,95.56299612
adm4,MMR017019054,Sun Thaik,16.7244093,95.57616453
adm4,MMR017019055,Sagaing,16.73770955,95.69017536
adm4,MMR017019056,Hta Yaw Sa Khan Gyi,16.58872325,95.77976493
adm4,MMR017019057,Thu Htay Kone,16.69534929,95.49211789
adm4,MMR017019058,Thea Hpyu,16.66462599,95.5424719
adm4,MMR017019059,Taw Ta Loke,16.70029164,95.45581487
adm4,MMR017019060,Thaik Kone,16.64236517,95.5571194
adm4,MMR017019061,Ta Loke Lat (East),16.74923539,95.67014778
adm4,MMR017019062,Ta Loke Lat (West),16.76031834,95.63802536
adm4,MMR017019063,Thar Yar Kone,16.67205968,95.5819709
adm4,MMR017019064,Htan Pin Kwayt (East),16.6527036,95.69810871
adm4,MMR017019065,Tar Pat (West),16.61263287,95.67649892
adm4,MMR017019066,Tar Pat (East),16.61085858,95.71953763
adm4,MMR017019067,Thon Kyaing,16.65527355,95.75005264
adm4,MMR017019068,Thone Gwa,16.69352103,95.75388019
adm4,MMR017019069,Hta Nee,16.79588262,95.79658343
adm4,MMR017019070,Thaung Zar,16.804522,95.8505108
adm4,MMR017019071,Hta Yaw Wa,16.52849523,95.82507955
adm4,MMR017019072,War Taw,16.80517377,95.69161492
adm4,MMR017019073,Wea Daunt,16.55670646,95.84278585
adm4,MMR017019074,Yae Le Gyi,16.81188278,95.57804932
adm4,MMR017019075,Yae Le Ka Lay,16.72708761,95.52039773
adm4,MMR017019076,Shwe Taung Hmaw,16.66119941,95.42694162
adm4,MMR017019701,Urban,16.72923022,95.6481864
adm4,MMR017020001,Ka Nyin Ngu,17.09299679,95.42752187
adm4,MMR017020002,Ba Waing,16.99980262,95.51817975
adm4,MMR017020003,Chaung Ka Lay,16.99515774,95.3339899
adm4,MMR017020004,Daw War,17.05397,95.47969405
adm4,MMR017020005,Da Naw,17.17527024,95.38948422
adm4,MMR017020006,Inn Ma,17.07681035,95.34410527
adm4,MMR017020007,Inn Ta Kaw,17.09309016,95.3691066
adm4,MMR017020008,Ka Paing,17.03170433,95.32516211
adm4,MMR017020009,Ka Tauk Sat,17.01248949,95.35109417
adm4,MMR017020010,Kha Nwet Ka Bo,16.85110421,95.40845593
adm4,MMR017020011,Ka Nyin Kone,17.12541016,95.53051145
adm4,MMR017020012,Kat Tha Win,16.87325033,95.56989693
adm4,MMR017020013,Khat Ti Ya (Upper),16.89829466,95.39153406
adm4,MMR017020014,Kha Yae Gan,17.12570202,95.34333987
adm4,MMR017020015,Ka Zin Ngu,17.00288969,95.47746286
adm4,MMR017020016,Kyon Taing Gyi,16.89188256,95.27664742
adm4,MMR017020017,Kyon Taing Ka Lay,16.87172292,95.35488968
adm4,MMR017020018,Kyon Lan,16.874198,95.25079322
adm4,MMR017020019,Kyon Tone Gyi,17.0146571,95.41316391
adm4,MMR017020020,Kyon Tone Ka Lay,17.05772624,95.36126261
adm4,MMR017020021,Let Pan Kone,17.10694253,95.31776689
adm4,MMR017020022,Ma Yan,16.9664216,95.36506639
adm4,MMR017020023,Mein Ma Pyay,16.922691,95.48299782
adm4,MMR017020024,Min Ga Yu,17.13892887,95.46376958
adm4,MMR017020025,Min Se,17.0146571,95.44491168
adm4,MMR017020026,Moe Goke,16.97941814,95.24078692
adm4,MMR017020027,Myay Nu,16.78744841,95.30271983
adm4,MMR017020028,Myit Wa,16.86716208,95.49432837
adm4,MMR017020029,Pa Thwei,17.01399254,95.38045345
adm4,MMR017020030,Pay Pin Taung,16.80336963,95.38807395
adm4,MMR017020031,Pya Lin,16.90657533,95.43819378
adm4,MMR017020032,Hpa Yar Chaung,16.82316158,95.31235562
adm4,MMR017020033,Sat Thay,17.03959893,95.36688189
adm4,MMR017020034,Shwe Kyaung Myauk,16.96264218,95.46428503
adm4,MMR017020035,Shwe Hlay,17.13799647,95.49125661
adm4,MMR017020036,Sin Lan Gyi,17.20188513,95.40595206
adm4,MMR017020037,Sagaing,16.96569639,95.4229717
adm4,MMR017020038,Su Taung Pyayt,16.96936226,95.29929715
adm4,MMR017020039,Taw Kyaung,16.92724001,95.53036982
adm4,MMR017020040,Htein Ku Lar Kone,16.83117203,95.47723645
adm4,MMR017020041,Tha Yet Ngu,16.79694071,95.35558915
adm4,MMR017020042,Thone Gwa,16.84480171,95.24818738
adm4,MMR017020043,Tu Chaung,16.79816434,95.40525556
adm4,MMR017020044,Wea Daunt,16.94661256,95.39683039
adm4,MMR017020045,Yae Paw Yae Le,16.89770124,95.52539711
adm4,MMR017020046,Yae Paw Gyi,16.93400881,95.5638152
adm4,MMR017020047,Yae Le Hne Kaw,17.10315459,95.47553767
adm4,MMR017020048,Yin Yo,17.1645803,95.4261521
adm4,MMR017020049,Yone Taw,16.98534109,95.38578433
adm4,MMR017020050,Za Yat Hla Gyi,16.91230325,95.31318157
adm4,MMR017020051,Oe Bo,17.01440811,95.28464688
adm4,MMR017020052,Pay Pin Myauk,16.84675689,95.37339073
adm4,MMR017020701,Urban,16.98390816,95.46528298
adm4,MMR017021001,Ah Lel Chaung,17.09364402,95.6969389
adm4,MMR017021002,Auk Se,17.0058294,95.7904975
adm4,MMR017021003,Ah Ywea,16.95041784,95.87708191
adm4,MMR017021004,Byaw Tha Lan,17.07223107,95.80935607
adm4,MMR017021005,Chaung Gyi,16.92149393,95.60980432
adm4,MMR017021006,Gon Min Seik,17.06134793,95.70247696
adm4,MMR017021007,Gan Chaung,16.9093422,95.62819668
adm4,MMR017021008,Hnget Pyaw Kyun,16.89435707,95.78187053
adm4,MMR017021009,Inn Ma,17.07246365,95.75981694
adm4,MMR017021010,Ka Toke Ka Ma,17.18201788,95.7218813
adm4,MMR017021011,Kun Thee Pin,17.08867296,95.6516847
adm4,MMR017021012,Kyaung Su,16.96288928,95.82481171
adm4,MMR017021013,Koke Ko Wa,16.99676708,95.84925695
adm4,MMR017021014,Kyun U,16.88047898,95.81882106
adm4,MMR017021015,Ka Nyin Kauk Gyi,16.9548656,95.56497103
adm4,MMR017021016,Kyon Ta Mar,16.98615522,95.61226188
adm4,MMR017021017,Kyon Yit,16.95463529,95.61982225
adm4,MMR017021018,Kyein Chaung,17.09470611,95.62019925
adm4,MMR017021019,Me Za Li Da La,16.93289561,95.79900392
adm4,MMR017021020,Me Za Li Ywar Haung,16.95977001,95.78538518
adm4,MMR017021021,Moe Hoke,17.02451291,95.65373078
adm4,MMR017021022,Myanmar Pyar Thar,17.01284477,95.5649505
adm4,MMR017021023,Nyaung Waing,17.15405182,95.66358583
adm4,MMR017021024,Nyaung,16.90932299,95.81993314
adm4,MMR017021025,Nat Pay,17.00687547,95.62927616
adm4,MMR017021026,Hpa Yar Kone,17.13425008,95.74604136
adm4,MMR017021027,Pay Si Kyun,16.9640987,95.56906355
adm4,MMR017021028,Sin Tone,17.04946616,95.57589873
adm4,MMR017021029,Sar Ma Lauk,17.00092184,95.69833457
adm4,MMR017021030,Sun Ta Nee,17.01158488,95.74169293
adm4,MMR017021031,Set Kawt Yae Lel Kyun,17.01262413,95.59931993
adm4,MMR017021032,Set Kawt Taung,17.06765459,95.61743679
adm4,MMR017021033,Than Kyoe,17.184801,95.65150725
adm4,MMR017021034,Tha Pyay Chaung,17.1464051,95.68592042
adm4,MMR017021035,Ta Zin Yae Kyaw,16.93511784,95.68571603
adm4,MMR017021036,Tu Chaung,17.02063854,95.69084892
adm4,MMR017021037,Hteik Wa Gyi,16.98563052,95.58460678
adm4,MMR017021038,Wea Daunt-Ah Twin,17.04820625,95.67409009
adm4,MMR017021039,War Taw Sun,16.98473376,95.6650877
adm4,MMR017021040,Yan Kin San Yar,17.0641175,95.65074338
adm4,MMR017021041,Ywar Thit,17.10362484,95.67553603
adm4,MMR017021042,Zee Hpyu Kyun,16.96821732,95.73941247
adm4,MMR017021043,Tha Pyu Yae Lel Kyun,17.11849563,95.64952003
adm4,MMR017021044,Par Hleit (Upper),17.05404024,95.73361573
adm4,MMR017021701,Urban,17.04233391,95.64139656
adm4,MMR017022001,Ah Kyaw,17.22942621,95.53467745
adm4,MMR017022002,Ah La Myo,17.30229966,95.57290892
adm4,MMR017022003,Byin Bwe,17.17892488,95.55937727
adm4,MMR017022004,Byin Nyar (Middle),17.29975887,95.48832311
adm4,MMR017022005,Byin Nyar (West),17.2748745,95.50122955
adm4,MMR017022006,Kyaung Su,17.3498342,95.47537085
adm4,MMR017022007,Set Tu Chaung Ka Lay,17.28301365,95.46838629
adm4,MMR017022008,Chaung Sauk,17.30706917,95.63774528
adm4,MMR017022009,Hne Kyoe,17.36978922,95.48094739
adm4,MMR017022010,Inn Yat,17.26435314,95.43187575
adm4,MMR017022011,Ka Zun Kwin,17.39563737,95.38542419
adm4,MMR017022012,Ka Nu Ka Lay,17.35238918,95.56307123
adm4,MMR017022013,Ka Nu Gyi,17.32805438,95.5816916
adm4,MMR017022014,Kat Kho,17.33325966,95.64095091
adm4,MMR017022015,Nga Bat Aing,17.32180392,95.51001443
adm4,MMR017022016,Kone Tan (South),17.15608953,95.57858779
adm4,MMR017022017,Kone Tan (North),17.19565074,95.5867693
adm4,MMR017022018,Kyauk Taing,17.24709357,95.62965317
adm4,MMR017022019,Kyaung Kone,17.34029226,95.66397207
adm4,MMR017022020,Kyon Ta Naw (East),17.21732909,95.48127715
adm4,MMR017022021,Kyon Ta Naw (West),17.25194822,95.48133957
adm4,MMR017022022,Kyon Ta Nee,17.22785723,95.4386587
adm4,MMR017022023,La Man,17.21828759,95.51427863
adm4,MMR017022024,Let Pan Zin Kone,17.32863533,95.54793263
adm4,MMR017022025,Let Swea Chaung,17.28845217,95.60776257
adm4,MMR017022026,Lin Lun Pin,17.2629444,95.61336438
adm4,MMR017022027,Nan Taw Kone,17.23064208,95.59864031
adm4,MMR017022028,Nga Ni (South),17.274039,95.69322806
adm4,MMR017022029,Nga Pyin Chaung,17.31560198,95.67074851
adm4,MMR017022030,Nyaung Chaung,17.195594,95.61599219
adm4,MMR017022031,Ohn Pin Kwin,17.26877845,95.55614655
adm4,MMR017022032,Hpan Khar Kwin,17.3816132,95.42549402
adm4,MMR017022033,Paing Sun Nan,17.37166381,95.50766309
adm4,MMR017022034,Pet Tan (Htaik Ka Lay),17.26680794,95.66772882
adm4,MMR017022035,Pa Kun,17.21519483,95.68418561
adm4,MMR017022036,Hpone Soe (South),17.1757202,95.49033692
adm4,MMR017022037,Pyin Ka Thar,17.2525957,95.50854351
adm4,MMR017022038,Sa Khan Gyi,17.35437425,95.41835109
adm4,MMR017022039,Shan Su,17.31286859,95.60276106
adm4,MMR017022040,Sa Kar Gyi,17.33528219,95.61105638
adm4,MMR017022041,Sit Kwin (South),17.28701424,95.64666262
adm4,MMR017022042,Sin Lan Gyi,17.1995634,95.42901094
adm4,MMR017022043,Sin Lan Ka Lay,17.18558694,95.4486611
adm4,MMR017022044,San Kin,17.22338708,95.6413328
adm4,MMR017022045,Tha Pyay Yoe,17.33833621,95.43106413
adm4,MMR017022046,Taw Kwe,17.32558145,95.46425399
adm4,MMR017022047,Tha Pyu Pin,17.34669621,95.5061572
adm4,MMR017022048,Thar Aye Daunt,17.34661166,95.5261565
adm4,MMR017022049,Taw Gyi (Zee Hpyu Kone),17.32338257,95.52677913
adm4,MMR017022050,Ta Myar,17.2929929,95.54046586
adm4,MMR017022051,Hti Kwayt,17.25122916,95.53492444
adm4,MMR017022052,Htone Pon,17.32912961,95.62340866
adm4,MMR017022053,Thea Hpyu (North),17.34313059,95.68388739
adm4,MMR017022054,Tha Pyu,17.13083188,95.62077589
adm4,MMR017022055,Taw Gyi (North),17.10559442,95.57152792
adm4,MMR017022056,Yae Twin Kone,17.2503099,95.56393712
adm4,MMR017022057,Yone Chaung,17.30928281,95.69207004
adm4,MMR017022058,Yae Kyi,17.23500722,95.57230173
adm4,MMR017022059,Yae Le,17.1655733,95.6154117
adm4,MMR017022060,Yae Pauk,17.20840266,95.65539371
adm4,MMR017022061,Za Loke Gyi,17.26468889,95.64279052
adm4,MMR017022062,Tha Baw Tha Pyu,17.35664639,95.53724697
adm4,MMR017022063,Inn Ga Lar,17.30111202,95.44368026
adm4,MMR017022701,Urban,17.26070716,95.58715049
adm4,MMR017023001,Kyon Tar Shan Kwin,16.3708989,95.68009707
adm4,MMR017023002,Tha Leik Gyi,16.34577798,95.66940307
adm4,MMR017023003,Gyo War Kyauk Ye Su,16.38288086,95.65040259
adm4,MMR017023004,Kyon Soke Gon Hnyin Tan,16.40008431,95.64626097
adm4,MMR017023005,Min Hla Su,16.37585042,95.62557324
adm4,MMR017023006,Gyo War Kyan Khin Su,16.35173897,95.63289955
adm4,MMR017023007,Chaung Twin,16.31179589,95.68149588
adm4,MMR017023008,Kyon Ku,16.29985925,95.65849764
adm4,MMR017023009,Ah Pyaung,16.26883231,95.65819993
adm4,MMR017023010,Auk Kwin Gyi,16.26138716,95.68659588
adm4,MMR017023011,Hmaw Bi,16.24548587,95.69939181
adm4,MMR017023012,Aung Thar Yar,16.21897551,95.69898655
adm4,MMR017023013,Kha Yaing Baw,16.22703726,95.67408356
adm4,MMR017023014,Kyee Hnit Pin,16.23356298,95.63823818
adm4,MMR017023015,Tha Mein Htaw Kone Tan,16.17976791,95.68503785
adm4,MMR017023016,Ah Char Ka Lay,16.20515674,95.70487854
adm4,MMR017023017,Ka Ni,16.16171495,95.71442144
adm4,MMR017023018,Tha Mein Htaw Thein Kone,16.14356744,95.67043806
adm4,MMR017023019,Ah Lan Hpa Lut,16.14888279,95.63111963
adm4,MMR017023020,Zin Baung,16.10287767,95.68852784
adm4,MMR017023021,Kun Daing,16.14767531,95.70122902
adm4,MMR017023022,Tin Pu Lwe,16.12336922,95.72308255
adm4,MMR017023023,Let Pan Pin,16.06052079,95.67275683
adm4,MMR017023024,Kyon Ka Dun,16.05971862,95.61537533
adm4,MMR017023025,Auk Ka Bar,16.10995037,95.63509725
adm4,MMR017023026,Byaing Ka Hpee,16.11479367,95.60870701
adm4,MMR017023027,Kyet Hpa Mway Zaung,16.11930803,95.57175481
adm4,MMR017023028,Gay Gu,16.168991,95.57188233
adm4,MMR017023029,Thone Htat,16.18242219,95.57825581
adm4,MMR017023030,Kyaik Ka Bar,16.19448395,95.62480956
adm4,MMR017023031,Ka Zaung,16.25922711,95.57551716
adm4,MMR017023032,Tha Pyay Kan,16.2283293,95.60249109
adm4,MMR017023033,Pyapon Ta Man,16.27344189,95.61835195
adm4,MMR017023034,Gyon War Hta Lun,16.31787374,95.61804377
adm4,MMR017023035,Kyon Kyaik,16.3539747,95.59949391
adm4,MMR017023036,Ma Ye Pyar Mut,16.35851052,95.57458207
adm4,MMR017023037,Kha Naung Shan Kwin,16.33432784,95.56189825
adm4,MMR017023038,Bant Bway Su,16.31103107,95.57665674
adm4,MMR017023039,Thea Ein Ta Man,16.27371477,95.56080567
adm4,MMR017023040,Koe Ein Tan,16.27054865,95.53592798
adm4,MMR017023041,Thea Ein Kyaung Su,16.30318092,95.5188344
adm4,MMR017023042,Kyon Thut Ta Nyi,16.30160699,95.54446173
adm4,MMR017023043,Ah See Ka Lay,16.32416796,95.53405282
adm4,MMR017023044,Day Da Lu,15.98247524,95.64765183
adm4,MMR017023045,Daw Nyein,15.89174081,95.59187801
adm4,MMR017023046,Myo Kone,15.9518975,95.59493329
adm4,MMR017023047,Ba Wa Thit,15.77003332,95.33911912
adm4,MMR017023050,Tei Pin Seik,15.8042174,95.39417396
adm4,MMR017023051,Boe Ba Kone,15.83676531,95.48891013
adm4,MMR017023052,Kyaung Kone,15.8717327,95.55956646
adm4,MMR017023053,Seik Ma,15.83270832,95.51702747
adm4,MMR017023054,Nauk Mee,15.77668586,95.46483056
adm4,MMR017023701,Urban,16.27798671,95.68297966
adm4,MMR017023702,Urban,15.79871599,95.2855679
adm4,MMR017023901,,15.87630103,95.46641625
adm4,MMR017024001,Lin Taing,16.35447308,95.54216671
adm4,MMR017024002,Kan Su (East),16.37365559,95.54042353
adm4,MMR017024003,Yoke Saing,16.38858186,95.56213778
adm4,MMR017024004,Kan Gyi,16.37442288,95.57305874
adm4,MMR017024005,Ma Yeit Ywar Thit,16.38936338,95.59074699
adm4,MMR017024006,Kun Pin,16.39038389,95.61223116
adm4,MMR017024007,Hlwa Htaung Su,16.4018847,95.62888754
adm4,MMR017024008,Pan Be Su,16.4133918,95.60307793
adm4,MMR017024009,Pyin Ma Kone,16.42985138,95.57706263
adm4,MMR017024010,Kyon Sa Lu,16.41213504,95.56944081
adm4,MMR017024011,Auk Hle Seik,16.4099912,95.54478431
adm4,MMR017024012,Sein Haing,16.44471907,95.55159038
adm4,MMR017024013,Thu Zar Wa,16.46330553,95.53760005
adm4,MMR017024014,Kyon Hpar,16.43076933,95.53269618
adm4,MMR017024015,Kwin Pone Gyi,16.40192666,95.51968202
adm4,MMR017024016,Tone Le,16.4016573,95.50119996
adm4,MMR017024017,Ku Lar Ohn Pin Su,16.3831149,95.50717025
adm4,MMR017024018,Kan Su (West),16.36122348,95.5090619
adm4,MMR017024019,Myin Ka Kone,16.33966803,95.50580701
adm4,MMR017024020,Min Gan,16.35423296,95.4666964
adm4,MMR017024021,Than Laik,16.32901932,95.48046298
adm4,MMR017024022,Haing Si,16.30144202,95.46517874
adm4,MMR017024023,Tha Kan Wa,16.29667957,95.50128787
adm4,MMR017024024,Sa Bai Kone,16.25052758,95.50960697
adm4,MMR017024025,Wea Gyi,16.22674372,95.55372364
adm4,MMR017024026,Kwin Gyi,16.38100022,95.46727459
adm4,MMR017024027,Su Pa Daung Kone,16.36130399,95.42445359
adm4,MMR017024028,Boe Yaung,16.33591629,95.44549201
adm4,MMR017024029,Ywar Thit,16.31863972,95.41182599
adm4,MMR017024030,Pa Wein,16.3447875,95.40613783
adm4,MMR017024031,Tha Zin Ngu,16.32286674,95.38977544
adm4,MMR017024032,Tha Byu Kone,16.31198975,95.3730857
adm4,MMR017024033,Paik Sa Lat,16.30217512,95.3473669
adm4,MMR017024034,Chaung Hpyar (Nyi Naung),16.27936533,95.36513918
adm4,MMR017024035,Thar Paung,16.28888715,95.37891454
adm4,MMR017024036,Nyi Naung Wa,16.26221835,95.37571079
adm4,MMR017024037,Ma Lawt,16.24391366,95.35792906
adm4,MMR017024038,Aye,16.25988244,95.33591933
adm4,MMR017024039,Ma Gu,16.19653733,95.30399025
adm4,MMR017024040,(Kyun Nyo Gyi) Kyun Hteik,16.16468962,95.33524993
adm4,MMR017024041,Pa Da Myar Kone,16.18797011,95.38089119
adm4,MMR017024042,Mya Thein Tan,16.22800516,95.41045882
adm4,MMR017024043,Thit To Chaung,16.30320638,95.42712607
adm4,MMR017024044,Hay Man,16.19636558,95.44765312
adm4,MMR017024045,Boe Di Kwe,16.26014849,95.43751823
adm4,MMR017024046,Thit Hpyu Chaung (Kan Su),16.27321194,95.4693206
adm4,MMR017024047,Nyi Naung (Hay Man),16.17341459,95.46563174
adm4,MMR017024048,Hpa Yar Thone Su,16.21441355,95.51384276
adm4,MMR017024049,Nga Pi Chaung,16.23737579,95.47097147
adm4,MMR017024050,Hpoe Lay,16.18805336,95.53539505
adm4,MMR017024051,Thet Kei Seik,16.18996149,95.50534752
adm4,MMR017024052,Thone Htat,16.12848564,95.44422789
adm4,MMR017024053,Tha Zin Kone,16.1429909,95.40499565
adm4,MMR017024054,Ga Yan,16.13220804,95.37338668
adm4,MMR017024055,Pyin Boe Gyi,16.08606063,95.36441128
adm4,MMR017024056,Pet Pye,16.08727014,95.405322
adm4,MMR017024057,Set San,15.99610785,95.3866479
adm4,MMR017024058,Byu Sa Khan,16.07827037,95.44577574
adm4,MMR017024059,Ka Ma Ka Lu,16.12797332,95.47275633
adm4,MMR017024060,Sa Khan Gyi,16.16699984,95.50588112
adm4,MMR017024061,Tha Pyay Kan,16.14419825,95.52109209
adm4,MMR017024062,Paung Htei,16.10293181,95.49202296
adm4,MMR017024063,Nga Pyay Ma,16.09559938,95.51907761
adm4,MMR017024064,Daunt Gyi,16.02348634,95.46649511
adm4,MMR017024065,Kha Naung,16.05590612,95.5517594
adm4,MMR017024066,Chaung Gyi Wa,16.14246363,95.4326435
adm4,MMR017024067,Hpa Yar Chaung,16.26303443,95.39809993
adm4,MMR017024068,Kyein Chaung Gyi,16.096442,95.23557844
adm4,MMR017024069,Kyun Thar Yar,16.09647187,95.11562294
adm4,MMR017024069,Kyun Thar Yar,16.04681606,95.13524186
adm4,MMR017024070,Aye Yar,15.82210076,95.12733594
adm4,MMR017024071,Ka Don Ka Ni,15.8176107,95.21370922
adm4,MMR017024072,Htaw Paing,15.93924335,95.4270616
adm4,MMR017024073,Yae Kyaw Toe,15.96580863,95.5020866
adm4,MMR017024074,Chaung Bye Gyi,15.88667333,95.21246558
adm4,MMR017024075,Sat Kyun,16.05727809,95.2654184
adm4,MMR017024076,Tha Yaw Chaung,15.96484559,95.11108256
adm4,MMR017024701,Urban,16.28703907,95.40220006
adm4,MMR017024901,,15.97896524,95.34598491
adm4,MMR017024902,,15.94175257,95.32439563
adm4,MMR017024903,,15.95008012,95.25795569
adm4,MMR017024904,,15.96745391,95.3043108
adm4,MMR017024905,,15.96141816,95.17871702
adm4,MMR017025001,Kywe Ku Kha Yar Yoe,16.6211065,95.4474786
adm4,MMR017025002,Hlaing Tar,16.60423192,95.42521509
adm4,MMR017025003,Hpaung Yoe Chaung,16.5512769,95.40649506
adm4,MMR017025004,Lay Ein Tan,16.57657967,95.44028752
adm4,MMR017025005,Ka Taik,16.58815386,95.4755093
adm4,MMR017025006,Sin Tar,16.55438276,95.45825562
adm4,MMR017025007,Yone Daunt,16.53842228,95.48809725
adm4,MMR017025008,Taung Boet Gyi,16.51092548,95.48549652
adm4,MMR017025009,Kyaung Su,16.47446216,95.48807548
adm4,MMR017025010,Kyon Kyaik,16.47078763,95.50868252
adm4,MMR017025011,Ein Yar Gyi,16.50912521,95.52386069
adm4,MMR017025012,Ta Nyi,16.48757435,95.53720255
adm4,MMR017025013,Kun Pa Laing Ywar Thit,16.47918396,95.57445779
adm4,MMR017025014,Kyon La Mu,16.48962933,95.59207769
adm4,MMR017025015,Ka Nyin Chaung Kyon Hpar,16.5108422,95.55299449
adm4,MMR017025016,Ngwe Inn Su,16.51904694,95.50917121
adm4,MMR017025017,Kyon Hpar Yae Kyaw,16.53970181,95.52712904
adm4,MMR017025018,Dawei Hmaing,16.56097551,95.5139806
adm4,MMR017025019,Bon Da Yeik,16.58683011,95.52539491
adm4,MMR017025020,Tha Pyay Tan,16.60512544,95.54477707
adm4,MMR017025021,Kyee Chaung,16.61035581,95.5690379
adm4,MMR017025022,Ba Li Chan,16.60826675,95.60039119
adm4,MMR017025023,Kywe Ta Lin,16.5619283,95.55290657
adm4,MMR017025024,Kyar Kaik (Let Khoke),16.53041156,95.55203255
adm4,MMR017025025,Tone Hle Ah Hta Nee,16.52677997,95.58618335
adm4,MMR017025026,Pay Chaung,16.54653839,95.5809504
adm4,MMR017025027,Da Yin Kauk,16.58052684,95.56219579
adm4,MMR017025028,Tha Pyay Chaung,16.56211703,95.53114857
adm4,MMR017025029,Pe Kho Su,16.57783652,95.59571555
adm4,MMR017025030,War Kauk,16.59176222,95.63000349
adm4,MMR017025031,Hpaung Yoe Seik,16.58573064,95.65033946
adm4,MMR017025032,Tar Pat,16.59099294,95.67949713
adm4,MMR017025033,Kya Khat Kone,16.58441421,95.70263099
adm4,MMR017025034,La Tar Gyi,16.56410637,95.69377077
adm4,MMR017025035,Ah Shey Sin Ku,16.5506949,95.66711071
adm4,MMR017025036,Ah Htet Sin Ku,16.562372,95.64360498
adm4,MMR017025037,Kyon Tone Ta Man,16.56294593,95.61776671
adm4,MMR017025038,Kyon Tone Let Pan,16.55719299,95.59841061
adm4,MMR017025039,Kyan Khin Pa Be Su,16.53544706,95.62042565
adm4,MMR017025040,Kyan Khin Su,16.51898763,95.61268436
adm4,MMR017025041,Dawbon,16.50775649,95.59471402
adm4,MMR017025042,Nat Sin Wa,16.50870473,95.64220688
adm4,MMR017025043,Auk Sin Ku,16.5368853,95.64317567
adm4,MMR017025044,Htein Kyun,16.52729544,95.66818979
adm4,MMR017025045,Thar Yar Wea,16.53982873,95.70291828
adm4,MMR017025046,Su Ga Nan,16.51277259,95.69893747
adm4,MMR017025047,Bon Lon Chaung,16.50636063,95.67805321
adm4,MMR017025048,Kyon Ka Lut,16.49756646,95.66554125
adm4,MMR017025049,Nat Sin Kyaung Su,16.49286756,95.63233973
adm4,MMR017025050,Pa Yaik Kyan Khin,16.46710946,95.64196936
adm4,MMR017025051,Kwin Chaung Gyi,16.46254044,95.60693453
adm4,MMR017025052,Ka Nyin Kaing,16.47931573,95.60068135
adm4,MMR017025053,Kun Pa Laing,16.45306994,95.5747359
adm4,MMR017025054,Pa Yaik Wa,16.43368469,95.58921786
adm4,MMR017025055,Boe Lu Wa,16.44555456,95.61354973
adm4,MMR017025056,Nga Pway Tan Sar Hpyu,16.42382348,95.62160775
adm4,MMR017025057,Kyon Thi Wa,16.44384186,95.63365142
adm4,MMR017025058,Ma Yan Ka Lay,16.41666705,95.65888883
adm4,MMR017025059,Ka Lat Yat,16.40131583,95.67665008
adm4,MMR017025060,Daunt Gyi,16.4038901,95.69287761
adm4,MMR017025061,Teit Teit Ku,16.40896564,95.71417459
adm4,MMR017025062,Hle Seik,16.45223998,95.68430617
adm4,MMR017025063,Kha Naung,16.43168961,95.69796201
adm4,MMR017025064,Ka Nyin Kone,16.43200988,95.66039781
adm4,MMR017025065,Ta Boe Kone,16.44252277,95.6608071
adm4,MMR017025066,Ta Pay Ta Mawt,16.46734586,95.69745159
adm4,MMR017025067,Pan Be Su,16.47935682,95.6874704
adm4,MMR017025068,Nga Pi Chaung,16.49370482,95.7026522
adm4,MMR017025069,Tha Byu Seik,16.4968083,95.73000418
adm4,MMR017025070,Me Za Li Kone,16.5141939,95.72497807
adm4,MMR017025071,Kyon Ma Ngay Ah Su Gyi,16.52909589,95.73036006
adm4,MMR017025072,Ta Man Gyi,16.54929942,95.7581878
adm4,MMR017025073,Ma Yan Gyi,16.55860311,95.78622255
adm4,MMR017025074,Lay Lan Pin,16.55122523,95.80895674
adm4,MMR017025075,Myanmar Kayin Su,16.52736805,95.7904206
adm4,MMR017025076,Ohn Pin Su,16.52551432,95.75705094
adm4,MMR017025077,Thar Yar Kone,16.5004124,95.80092807
adm4,MMR017025078,Hta Yaw Ywar Thit,16.50402698,95.82450145
adm4,MMR017025079,Kyon Ma Ngeit,16.48334277,95.80791441
adm4,MMR017025080,Lin Tun,16.47732294,95.79003752
adm4,MMR017025081,Dar Na Chaung,16.46742426,95.80751473
adm4,MMR017025082,Sar Hpo Thaing Chaung,16.48495053,95.77963896
adm4,MMR017025083,Tha Met Pyay Wa,16.48564452,95.75859978
adm4,MMR017025084,Sit Kone,16.50619944,95.77649093
adm4,MMR017025085,Ah Hu,16.5037851,95.75255063
adm4,MMR017025086,Meik Tha Lin,16.48333594,95.72597733
adm4,MMR017025087,Kaing Chaung,16.46654642,95.72070469
adm4,MMR017025701,Urban,16.44409219,95.72317265
adm4,MMR017026001,Hpa Yar Ka Lay,16.4378393,95.744139
adm4,MMR017026002,Da None Chaung,16.40907184,95.74469735
adm4,MMR017026003,Dar Ma Thein,16.43808029,95.76359779
adm4,MMR017026004,Gon Min Kwin,16.46581436,95.7533745
adm4,MMR017026005,Hpa Yar Chaung,16.45247399,95.78827085
adm4,MMR017026006,Thet Kei Chaung,16.43941022,95.77840324
adm4,MMR017026007,Kyon Thin,16.41982311,95.81057372
adm4,MMR017026008,Boe Toke,16.45066359,95.81328904
adm4,MMR017026009,Yae Pu Wa,16.45073382,95.84624608
adm4,MMR017026010,War Ka Mei,16.42999019,95.84179269
adm4,MMR017026011,Kyon Boke,16.41657857,95.87209039
adm4,MMR017026012,Chaung Hpyar,16.40545137,95.86279009
adm4,MMR017026013,Sin Ku,16.40086758,95.83798784
adm4,MMR017026014,Kun Pa Laing,16.39384853,95.79404553
adm4,MMR017026015,Htaung Hmu Chaung,16.3890931,95.91735776
adm4,MMR017026016,Than Din,16.38136025,95.89378101
adm4,MMR017026017,Taw Kyat,16.39602338,95.88516956
adm4,MMR017026018,Kone Tan Ka Lay,16.38649341,95.87831682
adm4,MMR017026019,Thea Kone,16.37389319,95.86639891
adm4,MMR017026020,Ta Nyin Kone,16.36529517,95.84248484
adm4,MMR017026021,Lay Ein Tan,16.22272041,95.79453472
adm4,MMR017026022,Inn Du,16.34405216,95.82569759
adm4,MMR017026023,Hmaw Bi Su,16.31221466,95.80036969
adm4,MMR017026024,Ku Lar Kone Tan,16.30951893,95.82348808
adm4,MMR017026025,Taw Hpa Yon,16.32636747,95.85260336
adm4,MMR017026026,Kyon Du (North),16.32609252,95.87243324
adm4,MMR017026027,Ah Seik Taw Ka Man,16.34326299,95.86718543
adm4,MMR017026028,Taw Ka Mei,16.35343799,95.88832368
adm4,MMR017026029,Thin Paung Chaung,16.3635498,95.91122322
adm4,MMR017026030,Kyon Chin,16.36300821,95.9315163
adm4,MMR017026031,Hmaw Bi,16.33631157,95.93006682
adm4,MMR017026032,Than Hpet,16.31832116,95.91656179
adm4,MMR017026033,Hle Seik Chaung Gyi,16.30935909,95.9341622
adm4,MMR017026034,Lay,16.33775095,95.94418556
adm4,MMR017026035,Ah Se Ka Lay,16.36581616,95.95769431
adm4,MMR017026036,Kyauk Sa Yit,16.39193417,95.94244848
adm4,MMR017026037,Kyon Hmaw,16.38326574,95.96931192
adm4,MMR017026038,Hnar Khaung Chaung,16.37161535,95.99498581
adm4,MMR017026039,Kyat Sin Pyo,16.34947537,95.98413665
adm4,MMR017026040,Kyon Ka Nan,16.32681507,95.98117979
adm4,MMR017026041,U To,16.30545364,95.98132176
adm4,MMR017026042,Su Ka Lat,16.29422127,95.98483136
adm4,MMR017026043,Ka Wet Chaung Gyi,16.35615027,95.99273824
adm4,MMR017026044,Yae Kan Chaung,16.34229568,96.04202352
adm4,MMR017026045,Toe,16.30164864,96.05352055
adm4,MMR017026046,Ta Mar Ta Kaw,16.3069641,96.0274657
adm4,MMR017026047,Ma Yan (West),16.25083349,95.98810717
adm4,MMR017026048,Taw Chaik,16.27310038,96.02293542
adm4,MMR017026049,Shan Kan,16.27508759,95.99507936
adm4,MMR017026050,Kyon Dat,16.2446711,95.95414588
adm4,MMR017026051,Kyon Dar Ywar Ma,16.21942378,95.89095267
adm4,MMR017026052,Kyon Dar Chaung,16.23676595,95.91888597
adm4,MMR017026053,Kyon Paw,16.26318477,95.91646132
adm4,MMR017026054,Leik Kyun,16.27402073,95.9289609
adm4,MMR017026055,Kyun Nyo Gyi,16.22997565,95.87981224
adm4,MMR017026056,Thar Yar Kone,16.26377904,95.88310422
adm4,MMR017026057,Kyon Kyat,16.29875327,95.88989793
adm4,MMR017026058,Kyon Du Dar Ma Lein,16.29892953,95.87221613
adm4,MMR017026059,Than Di Zee Hpyu Kone,16.22250945,95.84766115
adm4,MMR017026060,Taw Hla,16.29642524,95.85249429
adm4,MMR017026061,Kywe Tha Lin Kone,16.24237061,95.81813164
adm4,MMR017026062,Zee Hpyu Kone,16.4105213,95.7817129
adm4,MMR017026063,Thone Dat,16.19236798,95.81910393
adm4,MMR017026064,Lay Ein Kone,16.37074521,95.81537315
adm4,MMR017026065,Da None Kone,16.25993442,95.78386245
adm4,MMR017026066,Ma Yan Wa,16.28347766,95.80514858
adm4,MMR017026067,Gwa Ka Lay,16.32281238,95.77933991
adm4,MMR017026068,Ah Hpaung Gyi,16.35412784,95.78436367
adm4,MMR017026069,Pyin Htaung Su,16.37481321,95.78892703
adm4,MMR017026070,Than Di Thea Kone Ka Lay,16.2533408,95.85987944
adm4,MMR017026071,Mi Chaung Aing,16.3872959,95.76702455
adm4,MMR017026072,Kan Seik,16.16055463,95.75914
adm4,MMR017026073,Ka Dar,16.19982333,95.75444396
adm4,MMR017026074,Thauk Kyar,16.17792579,95.78737943
adm4,MMR017026075,Ma Ngay Gyi,16.22085489,95.73485854
adm4,MMR017026076,Nauk Pyan Doe,16.24984205,95.74110587
adm4,MMR017026077,Gwa Gyi,16.28112578,95.75873227
adm4,MMR017026078,Pan Ka Dat,16.29747639,95.75943322
adm4,MMR017026079,Myin Ka Kone,16.28400996,95.73423767
adm4,MMR017026080,Ma Ngay Ka Lay,16.29442832,95.72668177
adm4,MMR017026081,Ohn Pin,16.29839223,95.70071508
adm4,MMR017026082,La Mu Wa,16.33396748,95.69383047
adm4,MMR017026083,La Mu Gyi,16.33457255,95.72738784
adm4,MMR017026084,La Mu Ta Man,16.32318732,95.7358651
adm4,MMR017026085,Thea Kone Ka Lay,16.31830361,95.75551572
adm4,MMR017026086,Ta Mut,16.3872959,95.751299
adm4,MMR017026087,Ta Mawt Gyi,16.35683963,95.75145342
adm4,MMR017026088,Me Za Li,16.37692218,95.73835007
adm4,MMR017026089,Daunt Gyi,16.38861234,95.71947397
adm4,MMR017026090,Ta Mawt Wa,16.36134296,95.72282982
adm4,MMR017026701,Urban,16.40532578,95.89087404
adm4,MMR018001001,Kyauk Chet,19.78525946,96.24062607
adm4,MMR018001002,Kyun Yaung,19.83180498,96.22913341
adm4,MMR018001003,Thar Si,19.8776792,96.2457326
adm4,MMR018001004,Ma Au Taw,19.82656043,96.27061202
adm4,MMR018001005,Yae Sin,19.87615806,96.28669513
adm4,MMR018001006,Thit Tat,19.8012892,96.27513097
adm4,MMR018001007,Thet Hnin Inn,19.79782523,96.30951092
adm4,MMR018001008,Kyi Taung,19.77610384,96.28914954
adm4,MMR018001009,Khit Aye,19.98136813,96.26584277
adm4,MMR018001010,Nan Aw,19.92489231,96.25681759
adm4,MMR018001011,Kyauk Hpyar,19.97680407,96.33508463
adm4,MMR018001012,Si Pin Gyi,19.74019861,96.29097179
adm4,MMR018001013,Thar Yar Kone,19.74980655,96.26606173
adm4,MMR018002001,Te Gyi Kone,19.72272509,96.1594913
adm4,MMR018002002,Ah Hlyin Lo,19.72000833,96.17125727
adm4,MMR018002701,Urban,19.74987992,96.09099863
adm4,MMR018003001,Kin Thar,20.09878782,96.26753937
adm4,MMR018003002,Kha Yan Sat Kone,20.13394224,96.1639579
adm4,MMR018003003,Htone Hpo,20.20818253,96.26987336
adm4,MMR018003004,Byaing Inn,20.15962299,96.21868006
adm4,MMR018003005,Shauk Kone,20.1158282,96.26514783
adm4,MMR018003006,Kyar Thay Aing,20.09112955,96.23088257
adm4,MMR018003007,Kan Gyi,20.14505318,96.31299066
adm4,MMR018003008,Kyauk Sa Yit Kone,20.23476187,96.26151858
adm4,MMR018003009,Te Myint,20.27061302,96.23412726
adm4,MMR018003010,Nyaung Kaing,20.19556969,96.21039184
adm4,MMR018003011,Ma Gyi Kone,20.12746777,96.27803309
adm4,MMR018003012,Aung Myay Yeik Thar,20.16016562,96.26291389
adm4,MMR018003013,Kyet Thun Khin,20.2158952,96.23671203
adm4,MMR018003014,Nyaung Lunt,20.24055039,96.17848924
adm4,MMR018003015,Tha Pyay Kone,20.19532807,96.30579252
adm4,MMR018003016,Ma Gyi Pin,20.1838951,96.2208383
adm4,MMR018003017,Oke Shit Kone,20.19808465,96.17970124
adm4,MMR018003018,Kyay Chaung,20.18321901,96.15461228
adm4,MMR018003019,Thit Sein Pin,20.28848985,96.31562769
adm4,MMR018003020,Ohn Pin,20.25173679,96.28617793
adm4,MMR018003021,Kan Hla,20.04477212,96.18683439
adm4,MMR018003022,Nyaung Tone Aing,20.13603183,96.12093712
adm4,MMR018003023,Shwe Myo,20.04241442,96.23192348
adm4,MMR018003024,Tha Pyay Chaung,20.03164627,96.246288
adm4,MMR018003025,Kin Mun Tan,20.11269402,96.1839834
adm4,MMR018003026,Nwe Yit,20.07396968,96.22749518
adm4,MMR018003027,Yway Su,20.08572997,96.20415258
adm4,MMR018003028,Htan Taw Gyi,20.06003398,96.15561941
adm4,MMR018003029,Gyoe Gyar Inn,20.26477112,96.13278074
adm4,MMR018003030,Gwayt Gyi,20.13572036,96.09636533
adm4,MMR018003031,Yae Aye,20.08900037,96.12821172
adm4,MMR018003032,Ah Lel Kyun,20.19894665,96.07221959
adm4,MMR018003033,Myauk Myaik,20.17994861,96.10941668
adm4,MMR018003034,Let Pan,20.25596986,96.06672865
adm4,MMR018003035,Shar Taw,20.09346928,96.16506432
adm4,MMR018003036,In Pin,20.23336513,96.13292202
adm4,MMR018003037,Kyee Inn,20.22230631,96.02369922
adm4,MMR018003038,Thar Yar Aye,20.21558829,95.97661304
adm4,MMR018003039,Than Pa Yar Kone,20.19322643,95.90284859
adm4,MMR018003040,Myet Ye,20.08526277,95.99314513
adm4,MMR018003041,Hlwa Pon,20.26057321,95.98385981
adm4,MMR018003042,Lel Za Pin,20.17294062,95.97407319
adm4,MMR018003043,Aint Kyei,20.12497476,96.00021538
adm4,MMR018003044,Tha Hpan Chaung,20.12587223,95.94077505
adm4,MMR018003045,Kyaung Kone,20.19374415,96.47996628
adm4,MMR018003046,Lel Pyin Ma,20.05397989,95.99155706
adm4,MMR018003047,Aye Chan Thar San Pya,20.14991849,96.15209234
adm4,MMR018003048,Shwe Maung Gut,20.23601723,95.8272107
adm4,MMR018003049,Aung Tha Pyay,20.27379792,95.79944003
adm4,MMR018003701,Urban,20.13106997,96.21085369
adm4,MMR018003901,,19.98783979,95.85298059
adm4,MMR018003901,,20.16550085,96.40820016
adm4,MMR018003902,,20.09787717,96.07000455
adm4,MMR018003902,,19.90739034,96.09253487
adm4,MMR018003903,,20.10820608,96.23292229
adm4,MMR018003904,,20.13646019,96.24128188
adm4,MMR018003905,,20.14006334,95.87310392
adm4,MMR018004001,Kyar Pin,19.70750389,96.14006839
adm4,MMR018004002,Kyun Ta Peit,19.68904135,96.14767676
adm4,MMR018004003,Yan Aung Myin,19.66758375,96.13206007
adm4,MMR018004004,Doe Nwe,19.67412628,96.04350578
adm4,MMR018004005,Ku Hnit Lone Se Su,19.69479469,96.03177724
adm4,MMR018004006,Shwe Khe Inn,19.73820776,96.02010879
adm4,MMR018004007,Chaing,19.7061221,96.15985623
adm4,MMR018004008,Ywar Ma,19.68864265,96.16037005
adm4,MMR018004701,Urban,19.68129455,96.10490949
adm4,MMR018005001,Aye Myint Thar Yar,19.77888101,96.22449942
adm4,MMR018005002,Kyi Taung Kan,19.89101384,96.16673714
adm4,MMR018005003,Ywar Taw,19.80636079,96.20400779
adm4,MMR018005004,Thit Yar Kone,19.8336361,96.19956989
adm4,MMR018005005,Tha Pyay Kone,19.78165162,96.15830554
adm4,MMR018005006,Tha Pyay Tan,19.75875338,96.16290514
adm4,MMR018005007,Nyaung Pin Gyi Su,19.74670856,96.14833568
adm4,MMR018005008,Pu Zun Seik,20.0080567,96.1825757
adm4,MMR018005009,Hpyoke Khwe,19.96296759,96.18471891
adm4,MMR018005010,Wea Gyi,19.98419969,96.23359372
adm4,MMR018005011,Nyaung Lu,19.93223381,96.19494302
adm4,MMR018005012,Lel Yar,19.91940195,96.21359263
adm4,MMR018005013,U Yin,19.91828562,96.22769516
adm4,MMR018005014,Zee Kone,19.8760802,96.22512558
adm4,MMR018005015,Be Kone,19.77818762,96.19673191
adm4,MMR018005016,Seik Nan Kone,19.74547904,96.1564663
adm4,MMR018005017,Mee Laung Kone,19.74855635,96.16716546
adm4,MMR018005018,Tha Pyay San,19.94169311,96.16654681
adm4,MMR018005701,Urban,19.88020579,96.19001502
adm4,MMR018005901,,19.81585265,96.17144668
adm4,MMR018006001,Kin Pun Tan,19.74361486,96.23022825
adm4,MMR018006002,Kan U,19.71483989,96.17967936
adm4,MMR018006003,Ku Toet Seik,19.70966641,96.30938174
adm4,MMR018006004,Kyee Inn,19.72016613,96.2387635
adm4,MMR018006005,Nga Kaung Kan,19.6918249,96.19902707
adm4,MMR018006006,Kyun Oo,19.71714827,96.281667
adm4,MMR018006007,Sin Thay,19.70533187,96.27690894
adm4,MMR018006008,Zee Hpyu Pin,19.66191677,96.28549881
adm4,MMR018006009,Nyaung Pin Thar,19.7376303,96.24660871
adm4,MMR018006010,Taung Thar,19.72885304,96.22868475
adm4,MMR018006011,Hnan Taw,19.68829726,96.27705994
adm4,MMR018006012,Nat Tha Ye,19.68511558,96.25203289
adm4,MMR018006013,Pyu Twin,19.68802987,96.17914388
adm4,MMR018006014,Pyin Ma Nar Haung,19.68801322,96.1709986
adm4,MMR018006015,Yauk Thwar Inn,19.75980452,96.21061021
adm4,MMR018006016,Ywar Thar,19.7169057,96.19284566
adm4,MMR018006017,Ywar Thit,19.69795848,96.21679684
adm4,MMR018006018,Le Lu Aing,19.71706859,96.22016586
adm4,MMR018006019,Thit Lay Lone,19.69519373,96.23421839
adm4,MMR018006020,Tha Nat Pin Seik,19.72453999,96.26063571
adm4,MMR018006021,Mei Za Li Kone,19.70386457,96.18477661
adm4,MMR018006023,Koe Tit,19.49922634,96.53235638
adm4,MMR018006024,Bant Bar,19.59789467,96.43654296
adm4,MMR018006025,Thit Tun,19.70320713,96.40187928
adm4,MMR018006026,Pyay Taung Koe,19.70119842,96.56515723
adm4,MMR018006027,Boet Ma,19.57574746,96.51636924
adm4,MMR018006028,Me Pauk,19.80572307,96.47739928
adm4,MMR018006029,Ah Lel Chaung,19.50740113,96.60458583
adm4,MMR018006030,Tha Kyar Set,19.70513668,96.25353065
adm4,MMR018006701,Urban,19.84082744,96.31196071
adm4,MMR018006701,Urban,19.74212482,96.20198694
adm4,MMR018006901,,19.87819164,96.38062454
adm4,MMR018007001,Kyoet Pin,19.66802112,96.16756226
adm4,MMR018007002,Ku Tha Peik,19.61521425,96.16647042
adm4,MMR018007003,Kan Thar,19.6056926,96.02604409
adm4,MMR018007004,Kya Thaung Taung,19.54172738,95.97433084
adm4,MMR018007005,Kyaung Yae,19.5923335,96.18888218
adm4,MMR018007006,Kyoet Kone,19.58228352,96.0975046
adm4,MMR018007007,Kyauk Ta Lone Kyaung Su,19.67860997,95.9068103
adm4,MMR018007008,Kone Thar,19.50918344,96.0303932
adm4,MMR018007009,Pyan Chi,19.56553892,96.24740893
adm4,MMR018007010,Yae Kar,19.57562169,96.2733447
adm4,MMR018007011,Chaung Kyoe,19.60809315,96.05425749
adm4,MMR018007012,Chaung Gwa,19.48766327,95.84811
adm4,MMR018007013,Kha Yan Kaing,19.64411168,96.16097882
adm4,MMR018007014,Saing Gaung Yoe,19.66663057,96.23917399
adm4,MMR018007015,Si Paing,19.62667502,96.09472571
adm4,MMR018007016,Swei Taw Hmyaung,19.69273543,95.82422461
adm4,MMR018007017,Nyo Pin,19.66277606,96.19967872
adm4,MMR018007018,Ti Taung (Tei Taung),19.51952216,96.21950463
adm4,MMR018007019,Ta Loke Pin,19.63088458,96.04601975
adm4,MMR018007020,Da Lant Chun,19.60674167,95.76752842
adm4,MMR018007021,Naung Bo,19.59628267,96.16239185
adm4,MMR018007022,Pyi Win,19.64617929,96.22791131
adm4,MMR018007023,Pi Tauk Chaung,19.63322481,96.27657834
adm4,MMR018007024,Pyaung Gaung Gyi,19.56455496,96.20774249
adm4,MMR018007025,Pin Thaung,19.59272639,96.34272382
adm4,MMR018007026,Mway Yoe Kyaung Su,19.61228426,96.12559723
adm4,MMR018007027,U Yin Su,19.61039068,96.09014183
adm4,MMR018007028,Shwe Pyi Aye,19.59067326,96.13935915
adm4,MMR018007029,Ma Tawt Pin,19.66348582,95.97196276
adm4,MMR018007030,Yae Oe Sin,19.62738693,96.13680331
adm4,MMR018007031,Yone Pin,19.59784769,96.26703674
adm4,MMR018007032,Shar Chaung,19.57490149,96.12140804
adm4,MMR018007033,Lel Tar Gyi,19.8649502,95.86716067
adm4,MMR018007034,Wet Ka Mu,19.66289197,96.22420539
adm4,MMR018007035,Win Te Ku,19.61095188,95.97627062
adm4,MMR018007036,Tha Pyay Pin,19.5574367,96.1528429
adm4,MMR018007037,Pay Tone Hmyaung,19.64647114,96.02403696
adm4,MMR018007038,Shan Su Gyi,19.64058968,96.06840919
adm4,MMR018007039,Thit Poke Pin,19.57836744,95.91551119
adm4,MMR018007040,Min Pyin,19.5956972,95.84142535
adm4,MMR018007041,Ya Bein,19.53185677,96.10718336
adm4,MMR018007042,Aung Thar,19.47176988,96.12719888
adm4,MMR018007043,Tha Yet Chaung,19.76809295,95.83426419
adm4,MMR018007044,Thaw Maw Kone,19.64091347,96.20070552
adm4,MMR018007045,Thit Kyein,19.48972123,96.36180579
adm4,MMR018007046,Thea Kaw Gyi,19.63518974,96.17767916
adm4,MMR018007047,Thit Seint Pin,19.64924242,96.13199719
adm4,MMR018007048,Thet Kei Chin,19.66069249,96.14460929
adm4,MMR018007049,Tha Pyay Kone,19.537339,96.20897436
adm4,MMR018007050,Thar Wut Hti,19.52754849,96.25360644
adm4,MMR018007051,Pauk Myaing,19.51746572,96.31912352
adm4,MMR018007052,Tha Yet Kone,19.49784033,96.23521921
adm4,MMR018007053,In Pin,19.49549969,96.26906382
adm4,MMR018007054,Aung Kone,19.65258687,96.25801262
adm4,MMR018007055,Aye Lar,19.60582602,96.22776372
adm4,MMR018007056,Ah Lel Kyun,19.54339284,96.27984393
adm4,MMR018007057,Aye Chan Thar,19.60568995,96.28627732
adm4,MMR018007058,Zali Hnget Gyi Taung,19.53869544,96.43088334
adm4,MMR018007059,Oke Shit Hlaing,19.76085529,95.94646403
adm4,MMR018007060,Shwe Pyi Thar,19.6501791,96.202282
adm4,MMR018007701,Urban,19.63867097,96.10889164
adm4,MMR018008001,Za Laung,19.79446762,96.06244993
adm4,MMR018008002,Taung Nyo,19.89951112,96.02615291
adm4,MMR018008003,Moe Swe,19.87758827,95.96705542
adm4,MMR018008004,Maung Yan,19.79921631,96.03756472
adm4,MMR018008005,Min Kone,19.84092778,96.02745142
adm4,MMR018008006,Tet Shein,20.03834903,95.9896872
adm4,MMR018008007,Tha Yet Taw,19.97632594,95.98649569
adm4,MMR018008008,Hpa Yar Taung,20.03007709,95.94239644
adm4,MMR018008701,Urban,19.78292392,96.05734166
adm5,MMR001001701501,Aye Yar Ward,25.39028866,97.39785451
adm5,MMR001001701502,Thi Dar Ward,25.39816526,97.40237455
adm5,MMR001001701503,Yan Gyi Aung Ward,25.39122911,97.38588061
adm5,MMR001001701504,Du Ka Htaung Ward,25.39892997,97.38712459
adm5,MMR001001701505,Myo Ma Ward,25.38524169,97.4008461
adm5,MMR001001701506,Min Yat Ward,25.38223405,97.40103863
adm5,MMR001001701507,Shan Su (North) Ward,25.37821318,97.40170332
adm5,MMR001001701508,Shan Su (South) Ward,25.37320249,97.40198863
adm5,MMR001001701509,Kachin Su Ward,25.37167397,97.40610462
adm5,MMR001001701510,Kyun Pin Thar Ward,25.36663005,97.40835383
adm5,MMR001001701511,Aye Zay Di Ward,25.37095491,97.39736423
adm5,MMR001001701512,Shwe Nyaung Pin Ward,25.36372976,97.39901627
adm5,MMR001001701513,Myo Thit Ward,25.38471228,97.39560005
adm5,MMR001001701514,Aung Nan Yeik Thar Ward,25.3771804,97.39605865
adm5,MMR001001701515,Khay Mar Thi Ri Ward,25.37988066,97.38664638
adm5,MMR001001701516,Yu Za Na Ward,25.38494695,97.38754119
adm5,MMR001001701517,Myay Myint Ward,25.38754237,97.37975471
adm5,MMR001001701518,Shwe Set Ward,25.46453727,97.41980966
adm5,MMR001001701519,Man Khein Ward,25.45399361,97.40215719
adm5,MMR001001701520,Tat Kone Ward,25.43058514,97.38922298
adm5,MMR001001701521,Si Tar Pu Ward,25.415035,97.40645529
adm5,MMR001001701522,Ram Pu Ward,25.36891526,97.38365199
adm5,MMR001001701523,Kyet Paung Chan Ward,25.36424743,97.36375428
adm5,MMR001001701524,Myo Thit Gyi Ward,25.41271866,97.3624755
adm5,MMR001001701525,Lel Kone Ward,25.34976117,97.39457943
adm5,MMR001001701526,Shwe Aik Ward,25.38079275,97.31554656
adm5,MMR001001701527,Shwe Pyi Thar Ward,25.39688076,97.31643155
adm5,MMR001001701528,Pan Ma Ti Ward,25.38445702,97.34082634
adm5,MMR001002701501,No (1) Ward,25.35690639,97.43349762
adm5,MMR001002701502,No (2) Ward,25.35597489,97.44225008
adm5,MMR001002701503,No (3) Ward,25.34753514,97.44057316
adm5,MMR001002701504,No (4) Ward,25.33426704,97.4274058
adm5,MMR001002701505,No (5) Ward,25.33680649,97.43574289
adm5,MMR001008701501,Nam Yin Ward,25.31162124,96.93237144
adm5,MMR001008701502,Oe Tan Ward,25.30303029,96.93130019
adm5,MMR001008701503,Ah Lel Ward,25.30937503,96.93534818
adm5,MMR001008701504,Ah Shey Ward,25.30858839,96.93822227
adm5,MMR001008701505,Zay Kone Ward,25.30309352,96.93716106
adm5,MMR001008701506,Nat Gyi Kone Ward,25.30749946,96.94884456
adm5,MMR001008701507,Ywar Thit Ward,25.29574416,96.92769158
adm5,MMR001008701508,Nawng Kaing Taw Ward,25.29601142,96.94157408
adm5,MMR001008701509,Myo U Ward,25.29483485,96.93615459
adm5,MMR001008701510,Kyun Taw Ward,25.30339176,96.91846146
adm5,MMR001012701501,Khar Nan Ward,24.2631242,97.35158436
adm5,MMR001012701502,Ah Lin Kawng Ward,24.25688464,97.34005749
adm5,MMR001012701503,Kyay Nan Waing Ward,24.24721633,97.33737637
adm5,MMR001013701501,Maw Ya Wa Di Ward,24.11503585,97.29417949
adm5,MMR001013701502,Jein Hpawt Myay Ward,24.11788825,97.29307868
adm5,MMR001013701503,Pyin Oo Lwin Ward,24.11719665,97.29894058
adm5,MMR001013701504,Kawng Yar Ward,24.12433416,97.2881567
adm5,MMR001016701501,No (1) Ward,27.27832599,97.5895101
adm5,MMR001016701502,No (2) Ward,27.27755242,97.58127518
adm5,MMR001016701503,No (3) Ward,27.28627515,97.59461871
adm5,MMR001016701504,No (4) Ward,27.29258579,97.59229817
adm5,MMR002003701501,Nyaung Zin Ward,19.42224462,97.13644636
adm5,MMR002003701502,Htee Ta Ye Ward,19.41640414,97.124729
adm5,MMR002003701503,Htee Ku So Ward,19.40859239,97.12962226
adm5,MMR002003701504,Dee Dar Ku Ward,19.40823511,97.12160614
adm5,MMR002003701505,Law Bu Dar Ward,19.40589372,97.1196028
adm5,MMR002004701501,Aung Chan Thar Ward,19.63133563,97.51783451
adm5,MMR002004701502,Zay Paing Ward,19.63130316,97.52327845
adm5,MMR002004701503,Taung Paing Ward,19.62818276,97.52414831
adm5,MMR002004701504,Ah Lel Paing Ward,19.6284248,97.52138104
adm5,MMR002006701501,Myauk Paing Ward,18.87623544,97.31857075
adm5,MMR002006701502,Taung Paing Ward,18.865658,97.31495752
adm5,MMR002007701501,Myauk Paing Ward,18.64406129,97.65477618
adm5,MMR002007701502,Taung Paing Ward,18.63715557,97.65314011
adm5,MMR003001701501,Tharyet Taw/Myaing Tha Zin/ Kyar Inn Ward,16.88222177,97.63745497
adm5,MMR003001701502,Zay Tan Ward,16.8953405,97.63639621
adm5,MMR003001701503,Ku Seik Ward,16.8880419,97.63255774
adm5,MMR003001701504,Zee Taw Ward,16.87874089,97.62713969
adm5,MMR003001701505,Aung Nan Min Ga Lar Ward,16.88972139,97.65639343
adm5,MMR003001701506,Pyi Htaung Su Ward,16.86365167,97.63590602
adm5,MMR003001701507,Htaung Wi Ward,16.84476581,97.6245109
adm5,MMR003001701508,Ya Da Nar Di Pa Ward,16.86740098,97.65820645
adm5,MMR003001701509,Zwe Man Lwin Ward,16.86125119,97.62711419
adm5,MMR003007701501,No (1) Ward,16.04740573,98.12486291
adm5,MMR003007701502,No (2) Ward,16.04521356,98.11902154
adm5,MMR003007701503,No (3) Ward,16.0402985,98.11676308
adm5,MMR003007701504,No (4) Ward,16.03943541,98.11924841
adm5,MMR003007701505,No (5) Ward,16.04313405,98.122626
adm5,MMR003007701506,No (6) Ward,16.03873228,98.12495558
adm5,MMR004001701501,Cinmual Ward,22.9196387,93.67883967
adm5,MMR004001701502,Balai Ward,22.91498956,93.6774652
adm5,MMR004001701503,Phathauk Ward,22.90996866,93.68268801
adm5,MMR004001701504,Tlanlau Ward,22.90894095,93.67012993
adm5,MMR004004701501,Sakollam Ward,23.38581428,93.6572562
adm5,MMR004004701502,Myo Ma Ward,23.37318428,93.65357194
adm5,MMR004004701503,Lawibual Ward,23.36537156,93.65172885
adm5,MMR004004701504,Lay Lwam Ward,23.35461199,93.65283026
adm5,MMR004006701501,Ah Shey Pyin Ward,21.37540094,93.9851339
adm5,MMR004006701502,Ba Wa Thit Ward,21.37679018,93.97370183
adm5,MMR004006701503,San Pya Ward,21.37316812,93.96826582
adm5,MMR004006701504,Ah Nauk Ward,21.37437454,93.95543425
adm5,MMR004007701501,Cangbong Ward,21.61406405,93.43899225
adm5,MMR004007701502,Khoboi Ward,21.60670495,93.44053839
adm5,MMR004007701503,Lungvan Ward,21.5967863,93.44300292
adm5,MMR004007701504,Ngalar Ward,21.59054948,93.44313107
adm5,MMR004009701501,Myo Ma Ward,21.30671828,92.85480755
adm5,MMR004009701502,Ywar Ma Ward,21.30158676,92.85514942
adm5,MMR004009701503,Yeik Khar Ward,21.2972548,92.85341308
adm5,MMR005001701501,Dawei Zay Ward,21.87904293,95.96401974
adm5,MMR005001701502,Aye Mya Wa Di Ward,21.87293785,95.97106933
adm5,MMR005001701503,Nan Da Wun Kwet Thit Ward,21.87995616,95.97250904
adm5,MMR005001701504,Moe Zar Ward,21.88195103,95.97902264
adm5,MMR005001701505,Myo Thit Ward,21.88825239,95.98383195
adm5,MMR005001701506,Pan Be Dan Ward,21.88798325,95.9710438
adm5,MMR005001701507,Poe Tan Ward,21.87545122,95.98039788
adm5,MMR005001701508,Min Lan Ward,21.87746908,95.98542763
adm5,MMR005001701509,Ta Kaung Ward,21.87836609,95.98926564
adm5,MMR005001701510,Sein Kone Ward,21.88308838,95.98930691
adm5,MMR005001701511,Htone Bo Ward,21.88971079,95.99319761
adm5,MMR005001701512,Zay Yar Kwet Thit Ward,21.90274772,95.9788956
adm5,MMR005001701513,Ywar Htaung Ward,21.89847945,95.96381426
adm5,MMR005001701514,Mee Ya Htar Ward,21.90923974,95.97344322
adm5,MMR005001701515,Pa Da Myar Ward,21.93380984,95.9706398
adm5,MMR005001701516,Ni Lar Ward,21.93105178,95.95882418
adm5,MMR005001701517,Shwe Min Wun Ward,21.92335963,95.97288413
adm5,MMR005001701518,Par Ra Mi Ward,21.89415585,95.98103744
adm5,MMR005001701522,Thaw Ta Pan Ward,21.90446239,95.98536555
adm5,MMR005002701501,Ah Nauk Paing Ward,21.92886554,95.5700326
adm5,MMR005002701502,Myauk Paing Ward,21.93209678,95.58030235
adm5,MMR005002701503,Taung Paing Ward,21.91923639,95.57600807
adm5,MMR005002701504,Ah Shey Paing Ward,21.92521925,95.59164184
adm5,MMR005005701501,Mya Kan Thar Ward,22.77310035,95.61622642
adm5,MMR005005701502,Aung Chan Thar Ward,22.76971435,95.62240018
adm5,MMR005005701503,Aung Thi Ri Ward,22.76569412,95.62680986
adm5,MMR005005701504,Aung Min Ga Lar Ward,22.77547188,95.62586204
adm5,MMR005005701505,Mya Nandar Ward,22.76874756,95.63415202
adm5,MMR005006701501,No (1) Ward,22.36937077,95.79200807
adm5,MMR005006701502,No (2) Ward,22.37103228,95.78624045
adm5,MMR005006701503,No (3) Ward,22.36802473,95.77924278
adm5,MMR005007701501,No (1) Ward,23.21064469,95.50803338
adm5,MMR005007701502,No (2) Ward,23.21216231,95.51889728
adm5,MMR005007701503,No (3) Ward,23.20010731,95.53355864
adm5,MMR005007701504,No (4) Ward,23.19803735,95.5172548
adm5,MMR005007701505,No (5) Ward,23.2005217,95.50855274
adm5,MMR005009701501,Aung Min Ga Lar Ward,22.76177791,95.43130782
adm5,MMR005009701502,Bo Aung Zay Ya Ward,22.77254826,95.4233302
adm5,MMR005009701503,Aung Chan Thar Ward,22.76294976,95.42178321
adm5,MMR005009701504,Aung San Ward,22.75777323,95.42497119
adm5,MMR005009701505,Shwe Pyi Thar Ward,22.77816086,95.42378117
adm5,MMR005010701501,Tabayin Ward,22.68656528,95.31991456
adm5,MMR005010701502,Taung Pyin Ward,22.68298859,95.3190627
adm5,MMR005011701501,Bo Mya Ward,22.95044409,95.40021123
adm5,MMR005011701502,Paw-U Ward,22.94579291,95.40175455
adm5,MMR005011701503,Ma Har Myaing Ward,22.94788484,95.37343499
adm5,MMR005011701503,Ma Har Myaing Ward,22.94172895,95.3722661
adm5,MMR005013701501,Mya Wa Di Ward,22.38438,95.14423295
adm5,MMR005013701502,Ma Har Ban Du La Ward,22.39169224,95.14826639
adm5,MMR005013701503,Khon Min Gyi Ward,22.39369186,95.14124428
adm5,MMR005015701501,Myo Thit Ward,21.9612978,95.27678465
adm5,MMR005015701502,Myo Ma Ward,21.95936459,95.27233311
adm5,MMR005015701503,Yan Aung Myay Ward,21.95645125,95.26709087
adm5,MMR005015701504,Chaung-U (North) Ward,21.96346466,95.26600486
adm5,MMR005015701505,Ta Mar Myaing Ward,21.95424627,95.27117679
adm5,MMR005015701506,Chaung-U (South) Ward,21.94950425,95.26782526
adm5,MMR005016701501,(Ka Gyi) Ward,22.07872147,94.89881181
adm5,MMR005016701502,(Kha Gway) Ward,22.07721767,94.90337457
adm5,MMR005016701503,(Ga Nge) Ward,22.0819312,94.91307464
adm5,MMR005016701504,(Ga Gyi) Ward,22.08549905,94.90157327
adm5,MMR005017701501,No (1) Ward,22.43786472,94.85045782
adm5,MMR005017701502,No (2) Ward,22.43786062,94.84538696
adm5,MMR005017701503,No (3) Ward,22.42966515,94.84783641
adm5,MMR005018701501,No (1) Ward,21.97036036,95.07390024
adm5,MMR005018701502,No (2) Ward,21.97685926,95.07984589
adm5,MMR005018701503,No (3) Ward,21.97593289,95.08350514
adm5,MMR005019701501,Myauk Paing Ward,21.93765363,94.87796074
adm5,MMR005019701502,Taung Paing Ward,21.93128249,94.86964541
adm5,MMR005024701501,Myauk Inn Ward,23.79686965,95.68239752
adm5,MMR005024701502,Kyaw Zay Yar (1) Ward,23.79488923,95.67500886
adm5,MMR005024701503,Zay Yon Bo Te Ward,23.7941208,95.68905436
adm5,MMR005024701504,Myo Ma Myo Kone Ward,23.79130983,95.69016768
adm5,MMR005024701505,Pyin Oo Lwin Ward,23.7861863,95.68880103
adm5,MMR005024701506,Set Yon Lel Pyin Ward,23.78152557,95.68299387
adm5,MMR005024701507,Kyaw Zay Yar (2) Ward,23.78353102,95.67691909
adm5,MMR005024701508,Min Te Gyi Ward,23.78275375,95.6705611
adm5,MMR005025701501,Shwe Wun Thi Dar Ward,23.89435853,95.69597526
adm5,MMR005025701502,Saw Bwar Gyi Ward,23.90037995,95.68898967
adm5,MMR005025701503,Kya Maing Ward,23.89605938,95.67860841
adm5,MMR005025701504,Sit Ke Gyi Ward,23.90277009,95.67842364
adm5,MMR005026701501,Moe Kaung Ward,24.07703301,95.371563
adm5,MMR005026701502,Myo Ma Ward,24.07987412,95.36227329
adm5,MMR005030701501,Tamu Myo Ma Ward,24.22897774,94.31492403
adm5,MMR005030701502,Zay Tan Ward,24.22170281,94.29808245
adm5,MMR005030701503,San Da Ku Ward,24.22786488,94.30545649
adm5,MMR005030701504,Saw Bwar Inn Ward,24.19305398,94.29929563
adm5,MMR005032701501,Kyun Shwe War Ward,24.26856043,94.81729694
adm5,MMR005032701502,In Gyin Myaing Ward,24.25453324,94.81887963
adm5,MMR005034701501,Homalin Ward,24.87121198,94.88403673
adm5,MMR005034701502,Naung Pa Kyit Ward,24.87292712,94.91552283
adm5,MMR005035701501,Myo Ma Ward,25.44766648,94.95977243
adm5,MMR005035701502,Ah Hmu Htan Ward,25.44589382,94.95385913
adm5,MMR005037701501,Sha Ra Ward,26.97606329,96.16972087
adm5,MMR005037701502,Myo Ma Ward,26.98235677,96.16670297
adm5,MMR005037701503,Raw Kaw Ward,26.98487231,96.1608838
adm5,MMR006001701501,San Chi Ward,14.08560791,98.18804606
adm5,MMR006001701502,Oe Loke Ward,14.07779333,98.1908753
adm5,MMR006001701503,Ta Laing Htein Ward,14.07777579,98.18550848
adm5,MMR006001701504,Thin Baw Seik Ward,14.07148785,98.18717548
adm5,MMR006001701505,Daung Ngu Ward,14.06886648,98.18791019
adm5,MMR006001701506,Kyet Sa Pyin Ward,14.05865438,98.18945414
adm5,MMR006001701507,Bon Maw Ward,14.06631963,98.19297609
adm5,MMR006001701508,Za Yit Ward,14.07132677,98.19178044
adm5,MMR006001701509,Ka Nyon Ward,14.07075758,98.19839466
adm5,MMR006001701510,Pein Hne Taw Ward,14.0788291,98.1955676
adm5,MMR006001701511,Ah Nauk Myo Twin Ward,14.07460214,98.19113005
adm5,MMR006001701512,Byaw Taw Wa Ward,14.08357156,98.20839587
adm5,MMR006001701513,Kyauk Maw Ward,14.06494825,98.20767732
adm5,MMR006001701514,Htein Thit Ward,14.09642204,98.19436833
adm5,MMR006001701515,Sin Seik Ward,14.10670859,98.19628755
adm5,MMR006002701501,(Ka Gyi) Ward,13.98175308,98.12219623
adm5,MMR006002701502,(Kha Gway) Ward,13.97405981,98.12627592
adm5,MMR006002701503,(Ga Nge) Ward,13.969301,98.11775116
adm5,MMR006002701504,(Ga Gyi) Ward,13.96821634,98.1119197
adm5,MMR006003701501,Maw Shi Kone Ward,13.88807327,98.25747147
adm5,MMR006003701502,Kyauk Myaung Ward,13.87735083,98.25885931
adm5,MMR006003701503,Myo Ma (Tha Yet Chaung Ward),13.86542864,98.26322557
adm5,MMR006003701504,Pan Taw Ward,13.8521746,98.26472472
adm5,MMR006003701505,Sin Hpyu Pyin Ward,13.85247614,98.24008516
adm5,MMR006004701501,Myo Ma (Ka Gyi) Ward,14.25194755,98.19330584
adm5,MMR006004701502,Myo Ma (Kha Gway) Ward,14.24122955,98.19412057
adm5,MMR006004701503,Myo Ma (Ga Nge) Ward,14.24649351,98.20436564
adm5,MMR006004701504,Myo Ma (Ga Gyi) Ward,14.25228654,98.20706582
adm5,MMR006005701501,Nauk Lel Ward,12.43189716,98.59669594
adm5,MMR006005701502,Ta Laing Su Ward,12.43620499,98.59484654
adm5,MMR006005701503,Seik Nge Ward,12.43954729,98.59594143
adm5,MMR006005701504,Zay Tan Ward,12.43735812,98.59717897
adm5,MMR006005701505,Kan Khaung Ward,12.43941858,98.6008908
adm5,MMR006005701506,Myit Nge Ward,12.44499027,98.60066363
adm5,MMR006005701507,Dawei Su Ward,12.44414166,98.59720473
adm5,MMR006005701508,Kan Gyi Ward,12.45048934,98.59936214
adm5,MMR006005701509,Yae Pone Ward,12.4625774,98.60468529
adm5,MMR006005701510,Kan Hpyar Ward,12.4456103,98.60880352
adm5,MMR006005701511,Ah Lel Kyun Ward,12.43551324,98.60161059
adm5,MMR006005701512,Myeik (South) Ward,12.43382304,98.60637371
adm5,MMR006006701501,No (1) Ward,12.48479073,98.46243451
adm5,MMR006006701502,No (2) Ward,12.47409005,98.45952847
adm5,MMR006006701503,No (3) Ward,12.47443783,98.45357135
adm5,MMR006006701504,No (4) Ward,12.46978881,98.45269865
adm5,MMR006007701504,No (4) Ward,12.962728,98.64798577
adm5,MMR006007701505,No (5) Ward,12.96272364,98.65437792
adm5,MMR006007703501,No (1) Ward,12.98260824,98.64501696
adm5,MMR006007703502,No (2) Ward,12.96914217,98.63854894
adm5,MMR006007703503,No (3) Ward,12.97670649,98.65346396
adm5,MMR006008701501,Chaung Gyi Ward,12.08737152,99.00967359
adm5,MMR006008701502,Chaung Nge Ward,12.08327407,99.01414332
adm5,MMR006009701501,Shwe Hin Thar Ward,9.98503919,98.55547655
adm5,MMR006009701502,Ah Nan War Ward,9.9799006,98.55186184
adm5,MMR006009701503,Pi Tauk Shwe War Ward,9.98477939,98.55108098
adm5,MMR006009701504,Ba Yint Naung Ward,9.97858522,98.54764817
adm5,MMR006009701505,Aung Thu Kha Ward,9.98634091,98.54554509
adm5,MMR006009701506,Aye Mya Kan Thar Ward,9.99534169,98.5457033
adm5,MMR006009701507,Thi Ri Myaing Ward,10.00360719,98.54148881
adm5,MMR006009701508,Shwe Zin Yaw Ward,9.99584406,98.55554441
adm5,MMR006009701509,Aye Yeik Nyein Ward,10.00831056,98.55577377
adm5,MMR006009701510,Shwe Pyi Thar Ward,10.02171799,98.56642106
adm5,MMR007002701501,Zay Paing Ward,17.29688916,96.57213081
adm5,MMR007002701502,Auk Su Paing Ward,17.29048174,96.57258438
adm5,MMR007002701503,Hpa Yar Gyi Paing Ward,17.29699448,96.57858958
adm5,MMR007002701504,Bu Tar Paing Ward,17.28823972,96.58035642
adm5,MMR007002701505,Set Kone Paing Ward,17.2880175,96.57576418
adm5,MMR007002701506,Ywar Thit Paing Ward,17.28470835,96.56922606
adm5,MMR007003701501,Kawa Ywar Thit Ward,17.08987327,96.4659399
adm5,MMR007003701502,Ta Dar Gyi Ward,17.08763121,96.4640115
adm5,MMR007003701503,Kyaung Gyi Ward,17.08782755,96.46150544
adm5,MMR007003701504,Min Paing Ward,17.08749055,96.45846124
adm5,MMR007003701505,Yone Gyi Ward,17.08657211,96.45351241
adm5,MMR007003701506,Kha May Lay Ward,17.08189003,96.45100482
adm5,MMR007004701501,Kan Taw Ward,17.48148039,96.67667621
adm5,MMR007004701502,Thit Set Ward,17.47907326,96.6721716
adm5,MMR007004701503,Chan Mya Thar Si Ward,17.47219867,96.66688616
adm5,MMR007004701504,Aye Chan Thar Yar Ward,17.4689194,96.66990391
adm5,MMR007004701505,Boe Bon Ward,17.47550736,96.67646148
adm5,MMR007004701506,Waw Ah Shey Bet Kan Ward,17.48235541,96.68393518
adm5,MMR007005701501,Myo Ma Ward No (1),17.96043832,96.72801883
adm5,MMR007005701502,Myo Ma Ward No (2),17.95301153,96.72761351
adm5,MMR007005701503,Myo Ma Ward No (3),17.94768788,96.72185095
adm5,MMR007005701504,Myo Ma Ward No (4),17.95072431,96.71556072
adm5,MMR007005701505,Myo Ma Ward No (5),17.96116721,96.7168754
adm5,MMR007006701501,Kwin (West) Ward,18.15313108,96.60968032
adm5,MMR007006701502,Sar Taik Ward,18.1615714,96.61001154
adm5,MMR007006701503,Zay Paing Ward,18.15358704,96.616383
adm5,MMR007006701504,Kwin (South) Ward,18.15652222,96.61844257
adm5,MMR007006701505,Kwin (North) Ward,18.15967005,96.61800347
adm5,MMR007006702501,Ta Pin Shwe Htee Ward,18.222655,96.55939205
adm5,MMR007006702502,Gon Taw Ward,18.22726907,96.56453974
adm5,MMR007006702503,Pyi Taw Thar Ward,18.22835426,96.56624772
adm5,MMR007006702504,Tha Ti Pa Htan Ward,18.23058097,96.57285332
adm5,MMR007006702505,Myo Ma Ward,18.22320852,96.56751094
adm5,MMR007006702506,Than Ma Ni Ward,18.2237681,96.57153875
adm5,MMR007006702507,Aung Myay Ward,18.23018256,96.57610307
adm5,MMR007006702508,Kan Baw Za Ward,18.21657861,96.56664446
adm5,MMR007006703501,Boe Paik San (1) Ward,18.03813866,96.55762573
adm5,MMR007006703502,Boe Paik San (2) Ward,18.02992738,96.56103558
adm5,MMR007006703503,Boe Paik San (3) Ward,18.03267014,96.55368796
adm5,MMR007006703504,Boe Paik San (4) Ward,18.03976652,96.54942644
adm5,MMR007006703505,Boe Paik San (5) Ward,18.04132699,96.57205937
adm5,MMR007007701501,Zay Paing Ward,17.79805396,96.67074104
adm5,MMR007007701502,Kon Thei Ward,17.79388209,96.67055038
adm5,MMR007007701503,War So Ward,17.79286218,96.67779929
adm5,MMR007007701504,Kyaung Su Ward,17.79129982,96.66907482
adm5,MMR007007701505,Than Ta Dar Ward,17.79023142,96.66506841
adm5,MMR007007701506,Min Te Ward,17.7961228,96.66178579
adm5,MMR007007701507,Set Kwin Ward,17.79836309,96.66674505
adm5,MMR007007701508,Da Yei Mee Ward,17.80514874,96.6695977
adm5,MMR007007701509,Hpa Aung Wea Ward,17.77298701,96.68839647
adm5,MMR007008701501,Ma Gyi Tan Ward,17.91964789,96.87502692
adm5,MMR007008701502,Pwe Kone Ward,17.91900581,96.86944961
adm5,MMR007008701503,Kyay Nan Tan + Shan Kone Ward,17.92525333,96.88804026
adm5,MMR007008701504,Pyin Ma Pin Ward,17.92062508,96.88843381
adm5,MMR007008701505,Gant Gaw Waing Ward,17.92626817,96.87732493
adm5,MMR007008701506,Pan Be Dan Ward,17.92225799,96.87603583
adm5,MMR007008701507,Ta Yoke Tan + Nyaung Waing Ward,17.92617839,96.8704085
adm5,MMR007008701508,Kywe Te Ward,17.93560873,96.88467044
adm5,MMR007009701501,Htee Hlaing Ward,18.95524477,96.42712271
adm5,MMR007009701502,Rakhine Su /Nay Pu Kone Ward,18.94821719,96.42406471
adm5,MMR007009701503,Yoe Da Yar Tan Ward,18.94974007,96.43193982
adm5,MMR007009701504,Kyet Ti Ward,18.94532726,96.43207875
adm5,MMR007009701505,Pan Be Dan (South) Ward,18.94468271,96.43657266
adm5,MMR007009701506,Pan Be Dan (North) Ward,18.9491691,96.43562886
adm5,MMR007009701507,Shan Tan Kway Zay Ward,18.94811735,96.43948803
adm5,MMR007009701508,Oke Kyut Tan (South) Ward,18.94495944,96.44383672
adm5,MMR007009701509,Oke Kyut Tan (West) Ward,18.9530564,96.4413871
adm5,MMR007009701510,Oke Kyut Tan (East) Ward,18.95291103,96.44429698
adm5,MMR007009701511,Kan Taw Ward,18.93621751,96.42307305
adm5,MMR007009701512,Zaung Chan (South) Ward,18.93547309,96.43251961
adm5,MMR007009701513,Man Ward,18.94072603,96.4315239
adm5,MMR007009701514,Zay Tan Ward,18.93758111,96.43613011
adm5,MMR007009701515,Lan Ma Kye Ward,18.94180497,96.43601321
adm5,MMR007009701516,Zay Ward,18.94026537,96.43896432
adm5,MMR007009701517,Taung Kway Zay Ward,18.94002279,96.44095145
adm5,MMR007009701518,Ngwe Hlan Oe Kone Ward,18.93312418,96.4383442
adm5,MMR007009701519,Tat Myay Ward,18.93604612,96.45176722
adm5,MMR007009701520,Myo Gyi Ward,18.92798471,96.45626015
adm5,MMR007009701521,Zay Yar Khin U Ward,18.92445674,96.4487513
adm5,MMR007009701522,Min Gyi Nyo Ward,18.91947941,96.44441995
adm5,MMR007009701523,Chin Thayt U Ward,18.9454873,96.45169002
adm5,MMR008002701501,No (1) Ward,18.91241172,95.55818036
adm5,MMR008002701502,No (2) Ward,18.91363567,95.55247256
adm5,MMR008002701503,No (3) Ward,18.91367136,95.54250983
adm5,MMR008002701504,No (4) Ward,18.90386934,95.54340805
adm5,MMR008002701505,No (5) Ward,18.90492986,95.5524852
adm5,MMR008003701501,Kya Khat Ward,18.71807281,95.15733116
adm5,MMR008003701502,Min Yat Ward,18.71606455,95.14766084
adm5,MMR008003701503,Wun Lo Ward,18.71296741,95.14127063
adm5,MMR008003701504,Si Thar Ward,18.70831637,95.13205859
adm5,MMR008003701505,Hpaung Kan Ward,18.70492828,95.12183979
adm5,MMR008003702501,Ya Da Nar Pon Ward,18.68744477,95.00585901
adm5,MMR008003702502,Shwe Pin Ward,18.68852646,95.01421221
adm5,MMR008003702503,Pyi Taw Thar Ward,18.68314939,95.01633404
adm5,MMR008005701501,Myo Ma Ward,18.64933919,95.41329996
adm5,MMR008005701502,Kan Taw Min Ga Lar Ward,18.65181498,95.42445599
adm5,MMR008005701503,Htan Yin Ward,18.65583164,95.4065292
adm5,MMR008005701504,Pauk Taw Ward,18.644191,95.40579241
adm5,MMR008005702501,Chan Myayt Thar Yar Ward,18.57087402,95.45537811
adm5,MMR008005702502,Thu Kha Way Hpyar Ward,18.57357708,95.46314186
adm5,MMR008005703501,Thiri Yadanar Ward,18.52426361,95.35157885
adm5,MMR008005703502,Thiri Wai Phyar Ward,18.53024884,95.3520719
adm5,MMR008005703503,Thiri Thu Kha Ward,18.53512297,95.33215152
adm5,MMR008005703504,Thiri Mingalar Ward,18.52804266,95.35831679
adm5,MMR008005703505,Thiri Kan Thar Ward,18.55132558,95.31173231
adm5,MMR008006701501,Tha Yet Taw Ward,18.71358751,95.2109435
adm5,MMR008006701502,Kyar Ni Kan Ward,18.69693888,95.21704522
adm5,MMR008006701503,Yun Tan Ward,18.70041038,95.2060795
adm5,MMR008007701501,Zay Paing Ward,17.65644645,95.78198769
adm5,MMR008007701502,Kwet Thit Ward,17.65028799,95.78506873
adm5,MMR008007701503,Ah Lel Paing Ward,17.65309757,95.78882162
adm5,MMR008007701504,Kyaung Su Ward,17.65337849,95.79536644
adm5,MMR008007701505,Kayin Su Ward,17.65862588,95.79631519
adm5,MMR008007701506,Yae Wai Ward,17.66040467,95.78563516
adm5,MMR008007701507,Ywar Gyi Kone Ward,17.65049538,95.77739816
adm5,MMR008007701508,Pyi Taw Thar Ward,17.65935772,95.77119479
adm5,MMR009001701501,Myo Haung Ward,20.15769005,94.91814421
adm5,MMR009001701502,Hson Ward,20.15321351,94.91919264
adm5,MMR009001701503,Zay Lel Ward,20.14780062,94.92026224
adm5,MMR009001701504,Myo Ma Oe Bo Ward,20.15025383,94.91968569
adm5,MMR009001701505,Sar Shwe Kin Ward,20.13530898,94.92628274
adm5,MMR009001701506,Ywar Thit Pwe Kyo Ward,20.15047401,94.92535572
adm5,MMR009001701507,Thein Gar Gi Ri Ward,20.16107493,94.9284347
adm5,MMR009001701508,Pyi Taw Thar Ward,20.14934064,94.93032068
adm5,MMR009001701510,Kan Thar Ward,20.14546405,94.93530379
adm5,MMR009001701511,Myin Thar Ward,20.15595538,94.9366207
adm5,MMR009001701512,Aung Ya Ta Nar Ward,20.16322099,94.94628655
adm5,MMR009001701513,Aung Chan Thar Ward,20.1495147,94.94563017
adm5,MMR009001701514,Aung Min Ga Lar Ward,20.14705588,94.94814588
adm5,MMR009001701515,Aung Myit Tar Ward,20.12397199,94.94118391
adm5,MMR009001701516,Aung Say Ta Nar Ward,20.1373764,94.94704507
adm5,MMR009001701517,Soe Kaw Min Ward,20.1367275,94.93486172
adm5,MMR009004701501,Taung Pyin (1) Ward,19.99506318,95.55426551
adm5,MMR009004701502,Taung Pyin (2) Ward,20.00561977,95.5491457
adm5,MMR009004701503,Maung Taing(1) Ward,20.0118688,95.5500946
adm5,MMR009004701504,Maung Taing (2) Ward,20.02001941,95.55399347
adm5,MMR009004701505,Shwe Oe (1) Ward,20.01537411,95.54305432
adm5,MMR009004701506,Shwe Oe (2) Ward,20.01022664,95.53714382
adm5,MMR009004701507,Shwe Kyar Inn (1) Ward,20.00446019,95.53492623
adm5,MMR009004701508,Shwe Kyar Inn (2) Ward,20.00556307,95.54324927
adm5,MMR009004701509,Ohn Taw (1) Ward,19.99784547,95.53714795
adm5,MMR009004701510,Ohn Taw (2) Ward,19.99341949,95.54612175
adm5,MMR009005701501,Hpa Yar Gyi Ward,20.1995953,95.44768539
adm5,MMR009005701502,Lel Pyin Ward,20.19519109,95.44769202
adm5,MMR009005701503,Kwet Thit Ward,20.20633425,95.44593954
adm5,MMR009005701504,Zay Ward,20.19892255,95.44259729
adm5,MMR009005701505,Min Ward,20.19443922,95.44218256
adm5,MMR009006701501,Myo Ma Ward,20.36328143,95.39995935
adm5,MMR009006701502,Myo Ma Kwet Thit Ward,20.35892887,95.40112711
adm5,MMR009006701503,Zay Kwet Thit Ward,20.35255183,95.40189056
adm5,MMR009006701504,Aung San Ward,20.3427308,95.40036978
adm5,MMR009006701505,Ta Mar Pin Ward,20.34421284,95.39511542
adm5,MMR009006701506,Yan Aung Myin Ward,20.35454692,95.39731451
adm5,MMR009006701507,Kan Gyi Ward,20.35739886,95.39538098
adm5,MMR009008701501,Ah Shey Paing Ward,20.3648249,94.67193206
adm5,MMR009008701502,Ah Lel Paing Ward,20.36717325,94.66977267
adm5,MMR009008701503,Ah Nauk Paing Ward,20.36734967,94.66691931
adm5,MMR009008701504,Thet Taw Shey Ward,20.35537709,94.67266977
adm5,MMR009009701501,Ngape Myo Ma Ward,20.07795892,94.47049699
adm5,MMR009009701502,Kyaung Twin Ward,20.07037012,94.46775164
adm5,MMR009010701501,Paung Pin Zin Ward,20.5780737,94.64965758
adm5,MMR009010701502,Zay Ma Ward,20.57680242,94.6556154
adm5,MMR009010701503,Paung Nar Ward,20.5727449,94.66154092
adm5,MMR009010701504,Kyaung Kyar Ward,20.5756965,94.66515286
adm5,MMR009010701505,Pu Htoe Hpyu Ward,20.58407108,94.66659938
adm5,MMR009010701506,Myin Tin Ward,20.5847586,94.66040376
adm5,MMR009011701501,No (1) Ward,20.44580044,94.24632378
adm5,MMR009011701502,No (2) Ward,20.45280299,94.24655208
adm5,MMR009013701501,Myauk Ward (No-1 Ward),19.97467845,95.03629926
adm5,MMR009013701502,Myo Ma Ward (No-2 Ward),19.96975879,95.04344488
adm5,MMR009013701503,Taung Ward (No-3 Ward),19.96635115,95.04640049
adm5,MMR009013701504,Kwet Thit Ward (No-4 Ward),19.96912527,95.04022649
adm5,MMR009013701505,Yone Ward (North) (No-5 Ward),19.96798679,95.03350541
adm5,MMR009013701506,Yone Ward (South) (No-6 Ward),19.96190911,95.03650949
adm5,MMR009014701501,No (1) Ward,19.35790759,94.72803728
adm5,MMR009014701502,No (2) Ward,19.35403125,94.72962383
adm5,MMR009014701503,No (3) Ward,19.35136358,94.73041408
adm5,MMR009014701504,No (4) Ward,19.34817754,94.7355932
adm5,MMR009015701501,No (1) Ward,19.02418394,95.10091308
adm5,MMR009015701502,No (2) Ward,19.03234169,95.08923435
adm5,MMR009015701503,No (3) Ward,19.02419956,95.09507082
adm5,MMR009015701504,No (4) Ward,19.03309233,95.09579069
adm5,MMR009016701501,Ma Gyi Kone Ward,19.39172483,95.21580298
adm5,MMR009016701502,Zay Kone Ward,19.38583617,95.22263683
adm5,MMR009016701503,Tha Yet Taw Ward,19.38164791,95.21130686
adm5,MMR009016701504,Kan Gyi Ward,19.37489599,95.21201598
adm5,MMR009016701505,Zay Ya Wa Di Ward,19.37497082,95.22321467
adm5,MMR009016701506,Ta Yaw Kone Ward,19.36828699,95.22236587
adm5,MMR009016701507,San Chaung Ward,19.36036538,95.22168375
adm5,MMR009016701508,Set Yon Ward,19.35324179,95.22166332
adm5,MMR009016701509,Ywar Htaung Ward,19.33490019,95.22410713
adm5,MMR009017701501,No (1) Ward,19.71929311,95.16014579
adm5,MMR009017701502,No (2) Ward,19.7205415,95.16288124
adm5,MMR009017701503,No (3) Ward,19.72680616,95.16652987
adm5,MMR009019701501,No (1) Ward,21.63200099,95.2508148
adm5,MMR009019701502,No (2) Ward,21.62596973,95.2461936
adm5,MMR009019701503,No (3) Ward,21.63739198,95.24865765
adm5,MMR009019701504,No (4) Ward,21.63798682,95.24565502
adm5,MMR009019701505,No (5) Ward,21.63324105,95.24590827
adm5,MMR009019701506,No (6) Ward,21.6338461,95.24295909
adm5,MMR009019701507,No (7) Ward,21.62398158,95.24066569
adm5,MMR009019701508,No (8) Ward,21.62292643,95.25043467
adm5,MMR009020701501,No (1) Ward,21.61856429,94.8684946
adm5,MMR009020701502,No (2) Ward,21.60812327,94.8661269
adm5,MMR009020701503,No (3) Ward,21.60737111,94.85496804
adm5,MMR009023701501,Myauk Kone Ward,22.18074121,94.13637394
adm5,MMR009023701502,Si Pin Thar Yar Ward,22.16814398,94.12536164
adm5,MMR009023701503,Myo Ma Ward,22.16050869,94.12930214
adm5,MMR009023701504,Kyaw Taik Ward,22.17344782,94.13740003
adm5,MMR009024701501,No (1) Ward,21.69520697,94.09809193
adm5,MMR009024701502,No (2) Ward,21.6991252,94.09299115
adm5,MMR009025701501,Thi Ri Ward,21.14994252,94.15814298
adm5,MMR009025701502,Zay Yar Ward,21.15479601,94.15030939
adm5,MMR010001701501,Bone Taw Toe Ward,22.01462893,96.12074676
adm5,MMR010001701502,Daw Na Bwar Ward,21.99927742,96.11581166
adm5,MMR010001701503,Ah Hneik Taw Ward,21.98928765,96.11501785
adm5,MMR010001701504,Pyi Gyi Kyet Tha Yae (East) Ward,21.98596734,96.08302497
adm5,MMR010001701505,Pyi Gyi Kyet Tha Yae (West) Ward,21.98502588,96.07899133
adm5,MMR010001701506,Pale Ngwe Yaung Ward,21.9905649,96.0815803
adm5,MMR010001701507,May Ga Gi Ri Ward,21.9958258,96.08269968
adm5,MMR010001701508,Aung Myay Thar Zan Ward,21.99288434,96.07533945
adm5,MMR010001701509,Min Tei Ei Kin Ward,21.99711727,96.06853613
adm5,MMR010001701510,Nyaung Kwe Ward,22.01204245,96.07958057
adm5,MMR010001701511,Pyi Gyi Yan Lon Ward,22.00200223,96.07806763
adm5,MMR010001701512,Pyi Lone Chan Thar Ward,22.00104382,96.08371496
adm5,MMR010001701513,Ah Ma Ra Htar Ni (East) Ward,22.01432111,96.08942902
adm5,MMR010001701514,Ah Ma Ra Htar Ni (West) Ward,22.00647169,96.08547517
adm5,MMR010001701515,U Poke Htaw Ward,22.01186098,96.10231834
adm5,MMR010001701516,Oe Bo Ward,22.02160553,96.10040741
adm5,MMR010001701517,Thi Ri Mar Lar (East) Ward,21.9865858,96.07420214
adm5,MMR010001701518,Thi Ri Mar Lar (West) Ward,21.98688192,96.06575231
adm5,MMR010001701519,Ma Har Zay Yar Bon Ward,21.98661764,96.12456697
adm5,MMR010001701520,Mandalay Palace,21.99291489,96.09619408
adm5,MMR010002701501,Pyi Gyi Myet Hman Ward,21.97900528,96.1085036
adm5,MMR010002701502,Pyi Gyi Myet Shin Ward,21.97341445,96.11103885
adm5,MMR010002701503,Pat Kone Pyaw Bwei Ward,21.97415686,96.1031863
adm5,MMR010002701504,Yan Myo Lon Ward,21.97277329,96.0977336
adm5,MMR010002701505,Pat Kone Wun Kyin Ward,21.97857781,96.09810801
adm5,MMR010002701506,Seik Ta Ra Ma Hi Ward,21.9809887,96.09329361
adm5,MMR010002701507,Maw Ra Gi War Ward,21.97114722,96.09269846
adm5,MMR010002701508,Kit Sa Na Ma Hi Ward,21.97159806,96.08699276
adm5,MMR010002701509,Hay Mar Za La Ward,21.97888767,96.08743517
adm5,MMR010002701510,Chan Aye Thar Zan (East) Ward,21.97897062,96.08254364
adm5,MMR010002701511,Chan Aye Thar Zan (West) Ward,21.97995888,96.07629229
adm5,MMR010002701512,Chan Aye Thar Zan (Middle) Ward,21.98040611,96.07930596
adm5,MMR010002701513,Aung Nan Yeik Thar (East) Ward,21.97288065,96.08051256
adm5,MMR010002701514,Aung Nan Yeik Thar (West) Ward,21.97374923,96.07481229
adm5,MMR010002701515,Thi Ri Hay Mar (East) Ward,21.98140121,96.07216658
adm5,MMR010002701516,Thi Ri Hay Mar (West) Ward,21.98115517,96.06359078
adm5,MMR010002701517,Pyi Gyi Pyawbwe (East) Ward,21.9752891,96.07166457
adm5,MMR010002701518,Pyi Gyi Pyawbwe (West) Ward,21.97440076,96.06733414
adm5,MMR010002701519,Day Wun (West) Ward,21.97584608,96.0605672
adm5,MMR010002701520,Kan Kauk Ward,21.97330823,96.12423184
adm5,MMR010003701501,Ma Har Nwe Sin Ward,21.96306825,96.09807026
adm5,MMR010003701502,Set Kyar Nwe Sin Ward,21.9671104,96.09243211
adm5,MMR010003701503,Hay Ma Mar Lar (North) Ward,21.96755701,96.08670336
adm5,MMR010003701504,Hay Ma Mar Lar (South) Ward,21.96170065,96.08884128
adm5,MMR010003701505,Ya Da Nar Bon Mi (East) Ward,21.96710847,96.08098136
adm5,MMR010003701506,Ya Da Nar Bon Mi (West) Ward,21.96766877,96.07590452
adm5,MMR010003701507,Ma Har Aung Myay (East) Ward,21.9618977,96.08144723
adm5,MMR010003701508,Ma Har Aung Myay (West) Ward,21.96237293,96.07720434
adm5,MMR010003701509,Shwe Hpone Shein Ward,21.95748249,96.07798335
adm5,MMR010003701510,Chan Mya Thar Zi (North) Ward,21.95685811,96.08688112
adm5,MMR010003701511,Tet Ka Tho Ward,21.95414797,96.09711648
adm5,MMR010003701512,Sein Pan Ward,21.96644852,96.06018388
adm5,MMR010003701513,Day Wun (East) Ward,21.96591431,96.06958525
adm5,MMR010003701514,Than Hlyat Maw (West) Ward,21.95466081,96.05794519
adm5,MMR010003701515,Than Hlyat Maw (East) Ward,21.95721614,96.070513
adm5,MMR010003701516,Ma Har Myaing (1) Ward,21.95944806,96.10486925
adm5,MMR010003701517,Ma Har Myaing (2) Ward,21.957937,96.11226312
adm5,MMR010003701518,Ye Mun (South) Ward,21.95878639,96.12336151
adm5,MMR010004701501,Than Hlyet Maw (South) Ward,21.93969396,96.06384132
adm5,MMR010004701502,Kyung Lone U Shaung Ward,21.94721361,96.07811468
adm5,MMR010004701503,Tan Pa Wa Di Ward,21.93325833,96.07441941
adm5,MMR010004701504,Chan Mya Thar Zi (South) Ward,21.94098509,96.08464871
adm5,MMR010004701505,Myo Thit No (1) Ward,21.94746753,96.10381845
adm5,MMR010004701506,Myo Thit No (2) Ward,21.93670353,96.09806641
adm5,MMR010004701507,Myo Thit No (3) Ward,21.93551718,96.11048583
adm5,MMR010004701508,Myo Thit No (4) Ward,21.92791208,96.11009267
adm5,MMR010004701509,Myo Thit No (5) Ward,21.92928192,96.10032582
adm5,MMR010004701510,Kan Thar Yar Ward,21.93464164,96.11790212
adm5,MMR010004701511,Aung Pin Lel Ward,21.94422369,96.12695644
adm5,MMR010004701512,Htun Tone Ward,21.93481355,96.12824393
adm5,MMR010004701513,Mya Yi Nan Dar Ward,21.91852126,96.12875458
adm5,MMR010004701514,Aung Thar Yar Ward,21.92785183,96.13692956
adm5,MMR010005701501,Chan Mya Thar Yar Ward,21.92717558,96.08544
adm5,MMR010005701502,Ngwe Taw Kyi Kone Ward,21.91211105,96.09474431
adm5,MMR010005701503,Thin Pan Kone Ward,21.91372495,96.12374723
adm5,MMR010005701504,Ta Khun Taing Ward,21.90662174,96.0781081
adm5,MMR010005701505,Taung Myint Ward,21.89804555,96.09124994
adm5,MMR010005701506,Yar Taw Ward,21.90117098,96.09787218
adm5,MMR010005701507,Htein Kone Ward,21.88764697,96.08767717
adm5,MMR010005701508,(Ka Gyi) Ward,21.92481042,96.10046511
adm5,MMR010005701509,(Kha Gway) Ward,21.91949655,96.09893483
adm5,MMR010005701510,(Ga Nge) Ward,21.91501594,96.10389383
adm5,MMR010005701511,(Ga Gyi) Ward,21.91881432,96.11426305
adm5,MMR010005701512,(Nga) Ward,21.90998633,96.11174346
adm5,MMR010005701513,(Sa Lone) Ward,21.90357687,96.12034027
adm5,MMR010005701514,(Sa Lein) Ward,21.89719615,96.11767293
adm5,MMR010005701515,(Za Gwe) Ward,21.8919935,96.11603004
adm5,MMR010005701516,(Za Myin Zwe) Ward,21.87992817,96.11467937
adm5,MMR010009701501,No (1) Ward,22.20960767,96.10234441
adm5,MMR010009701502,No (2) Ward,22.21593417,96.11539145
adm5,MMR010009701503,No (3) Ward,22.21353616,96.10183113
adm5,MMR010009701504,No (4) Ward,22.20457901,96.10246094
adm5,MMR010009701505,No (5) Ward,22.21961013,96.10777384
adm5,MMR010015701501,Bu Tar Ward,21.43532625,96.12342601
adm5,MMR010015701502,Min Kone Ward,21.42480009,96.12680394
adm5,MMR010015701503,Shwe Thu Htay Ward,21.43062818,96.13217121
adm5,MMR010015701504,Shan Pwe Ward,21.42475134,96.13314876
adm5,MMR010015701505,Myo Ma (West) Ward,21.42044897,96.12998347
adm5,MMR010015701506,Myo Ma (East) Ward,21.41872541,96.13333415
adm5,MMR010017702501,No (1) Ward,21.73565813,95.42462735
adm5,MMR010017702502,No (2) Ward,21.73222534,95.42120606
adm5,MMR010017702503,No (3) Ward,21.73550388,95.41442106
adm5,MMR010017702504,No (4) Ward,21.74064815,95.41673755
adm5,MMR010018701501,Hpa Yar Gyi (West) Ward,21.29046961,95.43882725
adm5,MMR010018701502,Myo Ma Ward,21.28956331,95.44248229
adm5,MMR010018701503,Tan Myint Kyaung Ward,21.29021143,95.44835569
adm5,MMR010018701504,Zay Ward,21.28030406,95.44392754
adm5,MMR010018701505,Bu Tar Kone Ward,21.27085163,95.43813282
adm5,MMR010018701506,Min Su Ward,21.26957124,95.44861734
adm5,MMR010019701501,No (1) Ward,21.42093237,95.65164153
adm5,MMR010019701502,No (2) Ward,21.42013825,95.65326874
adm5,MMR010019701503,No (3) Ward,21.42598844,95.65630302
adm5,MMR010019701504,No (4) Ward,21.43234934,95.65566826
adm5,MMR010019701505,No (5) Ward,21.43174464,95.66011296
adm5,MMR010019701506,No (6) Ward,21.41911057,95.66228535
adm5,MMR010019701507,No (7) Ward,21.42494375,95.67198902
adm5,MMR010019701508,No (8) Ward,21.42697797,95.67268773
adm5,MMR010020701501,Myauk Pyi Taw Thar Ward,20.85125009,95.13099595
adm5,MMR010020701502,Lut Lat Yay Ward,20.84734619,95.13253598
adm5,MMR010020701503,Thar Yar Yay Ward,20.84859855,95.1205172
adm5,MMR010020701504,Tan Pa Wa Di Ward,20.83981131,95.11986342
adm5,MMR010020701505,Zay Kwet Thit Ward,20.842871,95.12713558
adm5,MMR010020701506,Myo Ma Kwet Thit Ward,20.83836363,95.12694182
adm5,MMR010020701507,San Pya Ward,20.83599127,95.12022685
adm5,MMR010020701508,Bu Tar Ward,20.8318631,95.12053512
adm5,MMR010020701509,Aung Min Ga Lar Ward,20.83371168,95.13698472
adm5,MMR010020701510,Myo Ma (South) Ward,20.83874306,95.13091168
adm5,MMR010020701511,Myo Ma Ward,20.8404892,95.13875419
adm5,MMR010020701512,Thi Ri Min Ga Lar Ward,20.83406382,95.1436141
adm5,MMR010021701501,No (1) Ward,21.8926892,95.6896439
adm5,MMR010021701502,No (2) Ward,21.9104549,95.68758995
adm5,MMR010021701503,No (3) Ward,21.91068684,95.68356531
adm5,MMR010021701504,No (4) Ward,21.89177734,95.68472643
adm5,MMR010024701501,Shan Pwe Ward,20.59313055,96.06075977
adm5,MMR010024701502,Myin Bet Ward,20.59001853,96.05254571
adm5,MMR010024701503,Myo Ma Ward,20.58790255,96.05536198
adm5,MMR010024701504,Myo Thit Ward,20.58700026,96.04688402
adm5,MMR010024701505,Shwe Pyi Yan Aung Ward,20.6038407,96.04600985
adm5,MMR010024701506,Shwe Pyi Yan Naing Ward,20.60019368,96.03988561
adm5,MMR010024701507,Shwe Pyi Yan Lon Ward,20.59202936,96.04581672
adm5,MMR010024701508,Mandalay Tan Ward,20.59173496,96.05537683
adm5,MMR010024701509,Pyi Thar Yar Ward,20.61337706,96.03782121
adm5,MMR010029701501,No (1) Ward,21.1051891,95.64668495
adm5,MMR010029701502,No (2) Ward,21.09177748,95.65161504
adm5,MMR010029701503,No (3) Ward,21.09588952,95.64292169
adm5,MMR010029701504,No (4) Ward,21.10700442,95.64211184
adm5,MMR010030701501,No (1) Ward,20.85909358,96.04516258
adm5,MMR010030701502,No (2) Ward,20.85568529,96.05711496
adm5,MMR010030701503,No (3) Ward,20.85274662,96.06087758
adm5,MMR010030701504,No (4) Ward,20.84998144,96.04755369
adm5,MMR010030701505,No (5) Ward,20.84834998,96.05555872
adm5,MMR010030701506,No (6) Ward,20.8459338,96.0479533
adm5,MMR010030701507,No (7) Ward,20.84685829,96.06188104
adm5,MMR010031701501,Wundwin Myo Ma No (1) Ward,21.09184553,96.02192978
adm5,MMR010031701502,Wundwin Myo Ma No (2) Ward,21.10162733,96.02709021
adm5,MMR010031701503,Wundwin Myo Ma No (3) Ward,21.0949532,96.03852115
adm5,MMR010031701504,Thea Taw Myo Ma No (1) Ward,21.09243129,96.0527937
adm5,MMR010031701505,Thea Taw Myo Ma No (2) Ward,21.08599128,96.0537245
adm5,MMR010031701506,Thea Taw Myo Ma No (3) Ward,21.08894196,96.06027781
adm5,MMR011001701501,Shwe Myaing Thi Ri Ward,16.50477962,97.65841087
adm5,MMR011001701502,Kyaik Hpa Nei Ward,16.49631865,97.63562734
adm5,MMR011001701503,Hlaing Shan Su Ward,16.48379609,97.64167525
adm5,MMR011001701504,Auk Kyin Ward,16.49819471,97.62923515
adm5,MMR011001701505,Mandalay Ward,16.49986295,97.62102422
adm5,MMR011001701506,Hpet Tan Ward,16.49615898,97.62178622
adm5,MMR011001701507,Shwe (South) Ward,16.49013519,97.62279976
adm5,MMR011001701508,Sit Ke Kone Ward,16.48392896,97.62298407
adm5,MMR011001701509,Ma Yan Kone Ward,16.47971958,97.62387615
adm5,MMR011001701510,Pan Be Dan Ward,16.47395328,97.6250484
adm5,MMR011001701511,Bo Kone Ward,16.46705206,97.62802367
adm5,MMR011001701512,Maung Ngan Ward,16.46044473,97.63058161
adm5,MMR011001701513,Kwin Yat Ward,16.45525872,97.63094787
adm5,MMR011001701514,Myay Ni Kone Ward,16.46683259,97.63935496
adm5,MMR011001701515,Zay Cho Ward,16.43430393,97.64734864
adm5,MMR011001701516,Thi Ri Myaing Ward,16.44067012,97.63252129
adm5,MMR011001701517,Mu Pon Ward,16.44266567,97.61927399
adm5,MMR011001701518,Zay Yar Thi Ri Ward,16.49441495,97.65523539
adm5,MMR011001701519,Thar Yar Aye Ward,16.48785036,97.64916719
adm5,MMR011001701520,Thi Ri Min Ga Lar Ward,16.44467695,97.62717972
adm5,MMR011001701521,Myaing Thar Yar Ward,16.44717527,97.65620813
adm5,MMR011001701522,Zay Yar Myaing Ward,16.46782272,97.64944939
adm5,MMR011001701523,Kyauk Tan Ward,16.42512387,97.62131297
adm5,MMR011001701524,San Gyi Ward,16.41921475,97.65144011
adm5,MMR011001701525,Gway Kone Ward,16.41518922,97.63459796
adm5,MMR011001701526,Naung Kha Ri Ward,16.4010236,97.65598991
adm5,MMR011001701527,Ngan Tay Ward,16.47129924,97.66069776
adm5,MMR011001701528,Chauk Maing Kywe Chan Kone Ward,16.45047264,97.67188067
adm5,MMR011001701529,Nyaung Pin Seik Ward,16.50078166,97.67324661
adm5,MMR011002701501,Shin Saw Pu Ward,16.37922213,97.73660703
adm5,MMR011002701502,Yan Myo Aung Ward,16.36510647,97.72199943
adm5,MMR011003701501,Ah Nauk Ward,16.35841181,97.54104534
adm5,MMR011003701502,Ah Shey Ward,16.35773227,97.55424955
adm5,MMR011003701503,Toe Cheit Ward,16.35128134,97.54984854
adm5,MMR011004701501,Kyar Kan Ward,15.97694869,97.71279299
adm5,MMR011004701502,Aung Chan Thar Ward,15.97700385,97.72355774
adm5,MMR011004701503,Set Thit Ward,15.97802088,97.73027149
adm5,MMR011004701504,Aung Min Ga Lar Ward,15.96549624,97.73087757
adm5,MMR011004701505,Han Thar Wa Di Ward,15.95990756,97.7395478
adm5,MMR011004701506,Aung Zay Ya Ward,15.96212003,97.73041861
adm5,MMR011004701507,Kyaung Paing Ward,15.96465771,97.72662246
adm5,MMR011004701508,Kyant Khaing Ye Ward,15.97025876,97.71760471
adm5,MMR011004701509,Aung Thar Yar Ward,15.96993268,97.73489401
adm5,MMR011004701510,Hpaung Sein Ward,15.98501585,97.73734961
adm5,MMR011004702501,Dhamma Zay Di Ward,16.07828193,97.56239232
adm5,MMR011004702502,Aung Pin Lel Ward,16.06939195,97.56438554
adm5,MMR011004702503,Myo Ma Zay Ward,16.07821407,97.56920347
adm5,MMR011004702504,Aung Thu Kha Ward,16.08023574,97.57554666
adm5,MMR011004702505,Yang Aung Myay Ward,16.07108393,97.56932216
adm5,MMR011004702506,Man Ya Ta Nar Ward,16.07126008,97.57458975
adm5,MMR011005701501,Myoma (1) Ward,16.26122441,97.71880211
adm5,MMR011005701502,Myoma (2) Ward,16.24828763,97.71976128
adm5,MMR011005701503,Myoma (3) Ward,16.25346318,97.72382849
adm5,MMR011005701504,Myoma (4) Ward,16.25508595,97.73784645
adm5,MMR011006701501,Thi Ri Zay Yar Ward,15.26088843,97.85696192
adm5,MMR011006701502,Thi Ri Mar Lar Ward,15.25470912,97.85653383
adm5,MMR011006701503,Thi Ri Nan Dar Ward,15.25507022,97.86892701
adm5,MMR011006701504,Thi Ri Khay Mar Ward,15.25643571,97.85475427
adm5,MMR011006701505,Yan Myo Aung Ward,15.2493407,97.85930836
adm5,MMR011006701506,Yan Gyi Aung Ward,15.2454205,97.85397102
adm5,MMR011006701507,Aung Thu Kha Ward,15.24719244,97.84930545
adm5,MMR011006701508,Aung Myit Tar Ward,15.24722672,97.84512266
adm5,MMR011006701509,Aung Min Ga Lar Ward,15.2411731,97.84818113
adm5,MMR011007701501,Leik Inn Ward,16.92821045,97.35823121
adm5,MMR011007701502,Nan Khe Ward,16.9228142,97.36893941
adm5,MMR011007701503,Auk Kyin Ward,16.9005503,97.3644977
adm5,MMR011007701504,Thein Kone Ward,16.91445968,97.36896423
adm5,MMR011007701505,Bin Hlaing Ward,16.90544901,97.37752091
adm5,MMR011008701501,Moe Naing Ward,16.63481691,97.45127902
adm5,MMR011008701502,Ka Don See Ward,16.60965639,97.46256401
adm5,MMR011008701503,Paung Ward,16.62542439,97.45548129
adm5,MMR011008701504,Ka Dar Ward,16.61750948,97.45096834
adm5,MMR011009701501,Zay Yar Mun Ward,17.31939932,97.0196754
adm5,MMR011009701502,Myauk Paing Ward,17.311944,97.01003475
adm5,MMR011009701503,Kawt San Naing Ward,17.31120374,97.00255653
adm5,MMR011009701504,Taung Paing Ward,17.30419127,97.00832939
adm5,MMR011009701505,Kant Kaw Ward,17.30440341,97.01422515
adm5,MMR011009701506,Taung Thu Su Ward,17.31423221,97.02186717
adm5,MMR011010701501,Sa Yar San Ward,17.23071841,97.23797211
adm5,MMR011010701502,Hpoe Yar Zar Ward,17.21997878,97.23797794
adm5,MMR011010701503,Kan Thar Yar Ward,17.21002855,97.21986139
adm5,MMR011010701504,Hpoe Hla Gyi Ward,17.20651809,97.23351316
adm5,MMR011010701505,Bo Tay Za Ward,17.24361146,97.23716536
adm5,MMR012001701501,Kyay Pin Gyi Ward,20.13936781,92.89960952
adm5,MMR012001701502,Maw Leik Ward,20.14244102,92.89781476
adm5,MMR012001701503,Oe Dan Ward,20.14472358,92.901788
adm5,MMR012001701504,Mi Zan Ward,20.14720691,92.9024985
adm5,MMR012001701505,Ru Pa (South) Ward,20.14505608,92.89942652
adm5,MMR012001701506,Ru Pa (North) Ward,20.14660303,92.90016578
adm5,MMR012001701507,Myo Thu Gyi Ward,20.15011403,92.90163845
adm5,MMR012001701508,Ta Yar Thee Su Ward,20.15204967,92.90274201
adm5,MMR012001701509,Lan Ma Taw (South) Ward,20.15516429,92.90300243
adm5,MMR012001701510,Lan Ma Taw (North) Ward,20.1593918,92.90619357
adm5,MMR012001701511,Shwe Pyar Ward,20.15530905,92.90590777
adm5,MMR012001701512,Sin Ku Lan Ward,20.15675651,92.89937916
adm5,MMR012001701513,Ohn Ta Pin Ward,20.15679867,92.89593365
adm5,MMR012001701514,Lan Thit Ward,20.15213601,92.89930213
adm5,MMR012001701515,Ywar Gyi (North) Ward,20.15325928,92.89502495
adm5,MMR012001701516,Ywar Gyi (South) Ward,20.14891301,92.89261863
adm5,MMR012001701517,Baung Dut Ward,20.1497884,92.89617974
adm5,MMR012001701518,Bauk Thee Su Ward,20.14930947,92.89832558
adm5,MMR012001701519,Kyaung Tet Lan Ward,20.14565249,92.8965884
adm5,MMR012001701520,Pyi Taw Thar Ward,20.13000845,92.89127934
adm5,MMR012001701521,Da Nya Wa Di Ward,20.14362984,92.87923934
adm5,MMR012001701522,Ah Nauk San Pya Ward,20.12346001,92.88021914
adm5,MMR012001701523,Ye New Su Ward,20.13418504,92.87868076
adm5,MMR012001701524,Ma Gyi Myaing Ward,20.1426248,92.87575167
adm5,MMR012001701525,Ka Thea Ywar Ward,20.14153468,92.88726295
adm5,MMR012001701526,Set Yon Su Ward,20.15443217,92.87801722
adm5,MMR012001701527,Kone Tan Ward,20.14437185,92.89086952
adm5,MMR012001701528,Baw Lone Kwin Ward,20.13630404,92.89247017
adm5,MMR012001701529,Kyaung Gyi Lan Ward,20.13868655,92.89101576
adm5,MMR012001701530,Aung Min Ga Lar Ward,20.14109091,92.89399473
adm5,MMR012001701531,Sut Yoe Kya Ward,20.15717091,92.88996184
adm5,MMR012001701532,Min Gan Ward,20.15269491,92.86365509
adm5,MMR012001701533,Ah Shey San Pya Ward,20.11924709,92.89083694
adm5,MMR012002701501,San Pya Ward,20.33139599,93.00222846
adm5,MMR012002701502,Myo Thit Ward,20.33411941,93.00714037
adm5,MMR012002701503,Ah Lel Su Ward,20.33546143,93.00871758
adm5,MMR012002701504,Ywar Haung Ward,20.33714969,93.01189061
adm5,MMR012003701501,Nyaung Pin Zay Ward,20.5987548,93.19686809
adm5,MMR012003701502,Let Kauk Zay Ward,20.59644196,93.18947157
adm5,MMR012003701503,Ah Lel Zay Ward,20.58356976,93.19814041
adm5,MMR012003701504,Taung Yat Ward,20.58850639,93.18880193
adm5,MMR012003701505,Aung Tat Ward,20.57428463,93.18812468
adm5,MMR012003701506,Law Ka Mu Ward,20.5975116,93.18245648
adm5,MMR012003701507,Htan Ma Rit,20.61485273,93.177918
adm5,MMR012005701501,Zay Haung Paing Ward,20.36643473,93.27085871
adm5,MMR012005701502,Ah Lel Paing Ward,20.36080114,93.27670501
adm5,MMR012005701503,Myo Thit Ward,20.35234208,93.27181263
adm5,MMR012008701501,Taung Yin Ward,20.48542332,92.75280958
adm5,MMR012008701502,Chaung Wa Ward,20.48162882,92.75351447
adm5,MMR012008701503,Ah Shey (North) Ward,20.48572498,92.75709921
adm5,MMR012008701504,Ah Shey Taung Ward,20.47969286,92.76000973
adm5,MMR012009701501,Myo Ma (West) Ward,20.82195318,92.35477313
adm5,MMR012009701502,Myo Ma (South) Ward,20.81896297,92.36107028
adm5,MMR012009701503,Myo Ma (North) Ward,20.82963517,92.36522039
adm5,MMR012009701504,Myo Ma (East) Ward,20.8247625,92.36524071
adm5,MMR012009701505,Ywar Thit Kay Ward,20.82738008,92.37506242
adm5,MMR012009701506,Lay Maing Ward,20.83307198,92.4170586
adm5,MMR012010701501,Ah Nauk Ward,20.87958532,92.5274145
adm5,MMR012010701502,Myo Ma Ward,20.87839023,92.53212461
adm5,MMR012010701503,Myo Thit Ward,20.87345807,92.53103331
adm5,MMR012010701504,Tha Pyay Kone Ward,20.87428706,92.52488034
adm5,MMR012010701505,Taung Ward,20.8711123,92.52500943
adm5,MMR012010701506,Myo Thit (South) Ward,20.86978268,92.53055121
adm5,MMR012010701507,Mee Ya Htar Seik Ward,20.86649086,92.53457766
adm5,MMR012013701501,No (1) Ward,19.09083617,93.85506472
adm5,MMR012013701502,No (2) Ward,19.09735956,93.85767791
adm5,MMR012013701503,No (3) Ward,19.09742185,93.86612861
adm5,MMR012013701504,No (4) Ward,19.08969807,93.86685377
adm5,MMR012013701505,No (5) Ward,19.08383947,93.86412703
adm5,MMR012013701506,No (6) Ward,19.08630858,93.85768141
adm5,MMR012014701501,Myauk Paing Ward,19.82356184,94.03937457
adm5,MMR012014701502,Ah Nauk Paing Ward,19.81071758,94.04160116
adm5,MMR012014701503,Ah Shey Paing Ward,19.79973007,94.05049394
adm5,MMR012014701504,Ah Soe Ya Ah Hmu Htan Ward,19.79383394,94.04167903
adm5,MMR012014701505,No (5) Ward,19.79004361,94.05126579
adm5,MMR012014701506,Myauk Bet Ward,19.79038873,94.02689617
adm5,MMR012014701507,Lay Yin Pyan Kwin Ward,19.78055394,94.03027134
adm5,MMR012017701501,Kin Yone Ward,17.59364115,94.57205253
adm5,MMR012017701502,Ywar Ma Ward,17.590447,94.57516351
adm5,MMR012017701503,Myo Ma Ward,17.60580927,94.58421173
adm5,MMR013001701501,Kan Nar (West) Ward,16.87904641,96.09200195
adm5,MMR013001701502,Kan Nar (Middle) Ward,16.8802433,96.09679784
adm5,MMR013001701503,Kwet Thit Ward,16.886918,96.09884597
adm5,MMR013001701504,Pauk Taw Ward,16.88429879,96.09963773
adm5,MMR013001701505,Zay Kone (West) Ward,16.88522197,96.1023197
adm5,MMR013001701506,Zay Kone (East) Ward,16.88401318,96.10804378
adm5,MMR013001701507,Pein Hne Kone Ward,16.87848711,96.10537078
adm5,MMR013001701508,Myo Thit ((Ka)/Kha) Ward,16.87419191,96.10060377
adm5,MMR013001701509,Myo Thit (Ga) Ward,16.86712411,96.10163265
adm5,MMR013001701510,Kyo Kone (West) Ward,16.87275001,96.11173585
adm5,MMR013001701511,Kyo Kone (East) Ward,16.8821516,96.11770804
adm5,MMR013001701512,Saw Bwar Gyi Kone Ward,16.89465209,96.12136994
adm5,MMR013001701513,Nant Thar Kone Ward,16.89069748,96.11242752
adm5,MMR013001701514,Taung Thu Kone Ward,16.90015753,96.11097294
adm5,MMR013001701515,Ywar Ma (East) Ward,16.89580822,96.10305353
adm5,MMR013001701516,Ywar Ma (Middle) Ward,16.89411449,96.09807314
adm5,MMR013001701517,Ywar Ma (West) Ward,16.8947258,96.09116611
adm5,MMR013001701518,Hpawt Kan Ward,16.90872192,96.09767048
adm5,MMR013001701519,Sint Ngu Ward,16.91261303,96.0990252
adm5,MMR013001701520,Aung San Ward,16.92074481,96.09275913
adm5,MMR013001701521,Da Nyin Kone Ward,16.93421421,96.092543
adm5,MMR013002701514,Kyan Khin Su Ward,16.89818849,96.14291234
adm5,MMR013002701515,Ah Nan Pin Ward,16.90975245,96.1378381
adm5,MMR013002701516,Chit Tee Kone Ward,16.93357182,96.15911962
adm5,MMR013002701517,No (2) (Ka) Ward,16.93216358,96.13882737
adm5,MMR013002701518,No (2) (Kha) Ward,16.93018958,96.14021598
adm5,MMR013002701519,No (3) (Ka) Ward,16.92839414,96.14272801
adm5,MMR013002701520,No (3) (Kha) Ward,16.92381474,96.14024511
adm5,MMR013002701521,San Gyi Wa Ward,16.9367947,96.13622109
adm5,MMR013002701522,Tat Ma Daw San Pya Ward,16.93948873,96.13465866
adm5,MMR013002701523,Pauk Kone Ward,16.95044907,96.14110614
adm5,MMR013002701524,Min Ga Lar Don Zay Ward,16.92046455,96.12300646
adm5,MMR013002701525,Pyan Lel Nay Yar Cha Htar Ye Ward,16.9701786,96.12628194
adm5,MMR013002701526,Pyi Taw Thar Ward,16.95068887,96.12150449
adm5,MMR013002701527,Taw Taik,16.96021264,96.11501232
adm5,MMR013002702501,Htauk Kyant Taung Paing Ward,17.02896273,96.1347715
adm5,MMR013002702502,Htauk Kyant Myauk Paing Ward,17.05464557,96.1089426
adm5,MMR013002702503,Pa-San Pya Ward,17.04598818,96.13295011
adm5,MMR013002702504,Du-San Pya Ward,17.0394285,96.13828752
adm5,MMR013002702505,Ye Su (South) Ward,17.07040292,96.13332076
adm5,MMR013002702506,Baw Lone Kwin Ward,17.05206188,96.13099869
adm5,MMR013002702507,Aye Ka Rit Ward,17.04907955,96.13803584
adm5,MMR013002702508,Bago Lan Ward,17.04433274,96.140126
adm5,MMR013002702509,Ti Law Kar Yon Ward,17.0402292,96.12614114
adm5,MMR013002702510,Lan Son Paing Ward (Htauk Kyant Lan Son),17.04062847,96.13118283
adm5,MMR013002702511,Zay Paing Ward (Htauk Kyant Zay),17.04313289,96.1362614
adm5,MMR013002702512,Ywar Ma Paing Ward (Htauk Kyant Ywar Ma),17.05417179,96.16744912
adm5,MMR013002702513,Htauk Kyant Toe Cheit Ward,17.03060378,96.14081828
adm5,MMR013003701501,No (1) Ward,17.10455364,96.02397693
adm5,MMR013003701502,No (2) Ward,17.09480936,96.03771704
adm5,MMR013003701503,No (3) Ward,17.10493779,96.0400325
adm5,MMR013003701504,No (4) Ward,17.10342318,96.04501814
adm5,MMR013005701501,Inn Ku Lar Ward,17.31397813,95.95510343
adm5,MMR013005701502,Oe Tan Ward,17.30276549,95.95986459
adm5,MMR013005701503,Zay Ward,17.3113337,95.95813385
adm5,MMR013005701504,Baw Di Kone Ward,17.31894136,95.95870951
adm5,MMR013005701505,Bu Tar Ward,17.31951021,95.96186418
adm5,MMR013005701506,Oke Pon Su Ward,17.32427765,95.96596663
adm5,MMR013005701507,Shan Su Ward,17.31909515,95.96943058
adm5,MMR013005701508,Min Ga Lar Ward,17.30607318,95.97119681
adm5,MMR013007701501,No (1) Ward,16.94806099,96.09638076
adm5,MMR013007701502,No (2) Ward,16.95969582,96.09244744
adm5,MMR013007701503,No (3) Ward,16.96718001,96.090617
adm5,MMR013007701504,No (4) Ward,16.98213005,96.08726756
adm5,MMR013007701505,No (5) Ward,16.95726433,96.07946577
adm5,MMR013007701506,No (6) Ward,16.96467447,96.07847233
adm5,MMR013007701507,No (7) Ward,16.97362137,96.07970371
adm5,MMR013007701508,No (8) Ward,16.97326326,96.07163106
adm5,MMR013007701509,No (9) Ward,16.98293907,96.07241095
adm5,MMR013007701510,No (10) Ward,16.94724369,96.07825195
adm5,MMR013007701511,No (11) Ward,16.95262057,96.07098256
adm5,MMR013007701512,No (12) Ward,16.9490242,96.0868559
adm5,MMR013007701513,No (13) Ward,16.94809365,96.06507755
adm5,MMR013007701514,No (14) Ward,16.99076462,96.07064065
adm5,MMR013007701515,No (15) Ward,16.99566405,96.06712084
adm5,MMR013007701516,No (16) Ward,17.01056163,96.06823379
adm5,MMR013007701517,No (17) Ward,17.00745519,96.05875432
adm5,MMR013007701518,No (18) Ward,16.93873517,96.07164672
adm5,MMR013007701519,No (19) Ward,16.96181679,96.05972576
adm5,MMR013007701520,No (20) Ward,16.96710904,96.06529384
adm5,MMR013007701521,No (21) Ward,16.99673681,96.04532863
adm5,MMR013007701522,No (22) Ward,16.98711185,96.04284343
adm5,MMR013007701523,No (23) Ward,16.98257519,96.054613
adm5,MMR013009701501,(Ka) Ward,16.82324696,96.19706116
adm5,MMR013009701502,(Kha) Ward,16.82675209,96.19862698
adm5,MMR013009701503,(Ga) Ward,16.82764864,96.20455682
adm5,MMR013009701504,(Ga Gyi) Ward,16.83094883,96.20728592
adm5,MMR013009701505,Nga/Ka Ward,16.83508356,96.20677746
adm5,MMR013009701506,Nga/Kha Ward,16.83096886,96.20058033
adm5,MMR013009701507,Bo Kan Nyunt Ward,16.83080797,96.19531148
adm5,MMR013009701508,Bank Yeik Thar Ward,16.83102652,96.19626087
adm5,MMR013009701509,Yan Aung Ward,16.83057621,96.19739437
adm5,MMR013009701510,U San Hpe Ward,16.82976734,96.19350573
adm5,MMR013009701511,Thut Waing Gyi Ward,16.81859493,96.18567149
adm5,MMR013009701512,Thu Min Ga Lar Ward,16.82117824,96.1898533
adm5,MMR013009701513,Na Nwin Kone Ward,16.82547135,96.19011016
adm5,MMR013009701514,(Sa/Ka) Ward,16.83452613,96.19182402
adm5,MMR013009701515,(Sa/Kha) Ward,16.83693543,96.19649962
adm5,MMR013009701516,(Za) Ward (South),16.82569504,96.1827969
adm5,MMR013009701517,(Za) Ward (North),16.82690843,96.18620199
adm5,MMR013009701518,Za Wa Na Ward,16.83080319,96.18973512
adm5,MMR013009701519,Kyaik Ka San (West) Ward,16.83497143,96.18817295
adm5,MMR013009701520,Ba Wa Myint Ward,16.8425209,96.19924108
adm5,MMR013009701521,Nga Moe Yeik Ward,16.84141159,96.20207813
adm5,MMR013009701522,San Pya Ward,16.84690925,96.20354777
adm5,MMR013009701524,B.T.F Ward,16.84270076,96.20985842
adm5,MMR013009701525,Lay Daunt Kan Ward,16.8381044,96.20201882
adm5,MMR013009701526,Yangon Thit Ward,16.82373143,96.21261028
adm5,MMR013009701527,No (24) Thu Wa Na Ward,16.81383465,96.19474048
adm5,MMR013009701528,No (25) Thu Wa Na Ward,16.82312434,96.20335025
adm5,MMR013009701529,No (29) Thu Wa Na Ward,16.81710473,96.20929497
adm5,MMR013009701530,Su Paung Ein Yar Ward,16.81857872,96.19399259
adm5,MMR013009701531,Aung Su Pan Ward,16.81402334,96.18859485
adm5,MMR013009701532,Mi Chaung Kan 1 Ward,16.82502365,96.17929687
adm5,MMR013009701533,Mi Chaung Kan 2 Ward,16.82911682,96.17806034
adm5,MMR013009701534,Mi Chaung Kan 3 Ward,16.83200423,96.17705177
adm5,MMR013009701535,No (16/1) Ward,16.83435917,96.18496892
adm5,MMR013009701536,No (16/2) Ward,16.83310191,96.18082542
adm5,MMR013009701537,No (16/3) Ward,16.82991781,96.18178151
adm5,MMR013009701538,No (16/4) Ward,16.83118756,96.1861167
adm5,MMR013009701539,Sei Thein Ward,16.82736398,96.19157286
adm5,MMR013010701501,No (1) Ward,16.83002523,96.16411468
adm5,MMR013010701502,No (2) Ward,16.82657623,96.16283545
adm5,MMR013010701503,No (3) Ward,16.83039332,96.16219267
adm5,MMR013010701504,No (4) Ward,16.83366966,96.16203015
adm5,MMR013010701505,No (5) Ward,16.82854612,96.15827143
adm5,MMR013010701506,No (6) Ward,16.83355395,96.15891057
adm5,MMR013010701507,No (7) Ward,16.84284611,96.16009202
adm5,MMR013010701508,No (8) Ward,16.84881254,96.16308675
adm5,MMR013010701509,No (9) Ward,16.84508556,96.1674974
adm5,MMR013010701510,No (11) Ward,16.84016228,96.16286601
adm5,MMR013010701511,No (12) Ward,16.84050083,96.16818713
adm5,MMR013010701512,No (13) Ward,16.83589497,96.17109369
adm5,MMR013010701513,No (14) Ward,16.83346678,96.16661373
adm5,MMR013010701514,No (15) Ward,16.82999229,96.16946381
adm5,MMR013010701515,No (16) Ward,16.8261056,96.16839426
adm5,MMR013011701501,No (3) Ward,16.84641959,96.16882446
adm5,MMR013011701502,No (4) Ward,16.85259348,96.17121828
adm5,MMR013011701503,No (5) Ward,16.85691357,96.17748566
adm5,MMR013011701504,No (6) Ward,16.84606838,96.1750148
adm5,MMR013011701505,No (7) Ward,16.85145352,96.18104706
adm5,MMR013011701506,No (8) Ward,16.83758926,96.17412313
adm5,MMR013011701507,No (9) Ward,16.84195826,96.17887197
adm5,MMR013011701508,No (10) Ward,16.84666634,96.18487222
adm5,MMR013011701509,No (11) Ward,16.83767319,96.18098723
adm5,MMR013011701510,No (12) Ward,16.84114265,96.1878591
adm5,MMR013011701511,No (13) Ward,16.84441757,96.19401949
adm5,MMR013011701512,No (14) Ward,16.85132222,96.19438899
adm5,MMR013011701513,No (15) Ward,16.85794055,96.18379778
adm5,MMR013012701501,No (1) Ward,16.87690067,96.15467429
adm5,MMR013012701502,No (2) Ward,16.8778313,96.15977958
adm5,MMR013012701503,(Ka) Ward,16.91166306,96.15383027
adm5,MMR013012701504,(Kha) Ward,16.90690883,96.1514314
adm5,MMR013012701505,(Ga) Ward,16.90197563,96.1521769
adm5,MMR013012701506,(Ga Gyi) Ward,16.89664841,96.15555068
adm5,MMR013012701507,(Nga) Ward,16.8936029,96.16151613
adm5,MMR013012701508,(Sa) Ward,16.90220857,96.16255205
adm5,MMR013012701509,(Saa) Ward,16.90585208,96.15850301
adm5,MMR013012701510,(Za) Ward,16.90852976,96.16447712
adm5,MMR013012701511,(Za Myin Zwe) Ward,16.91818886,96.15880966
adm5,MMR013012701512,(Nya) Ward,16.91799694,96.16958514
adm5,MMR013012701513,(Ta Ta Lin Cheik) Ward,16.90832663,96.17066176
adm5,MMR013012701514,(Hta Won Bei) Ward,16.92573229,96.16436998
adm5,MMR013012701515,Ta Dar Gyi Ward,16.89790815,96.1501665
adm5,MMR013012701516,Kyauk Yae Twin Ward,16.88716793,96.15309781
adm5,MMR013012701517,Pa Ywet Seik Kone Ward,16.91067748,96.14556095
adm5,MMR013012701518,Way Bar Gi Myo Thit Ward,16.91770058,96.14939081
adm5,MMR013012701519,Shwe Pauk Kan Myo Thit Ward,16.94022179,96.19136503
adm5,MMR013013701501,Set Hmu Let Hmu Ward,16.81025411,96.20106556
adm5,MMR013013701502,No (1) Ah Naw Mar Ward,16.79973412,96.19955183
adm5,MMR013013701503,No (1) Htu Par Yon Ward,16.79857993,96.20370847
adm5,MMR013013701504,No (2) Ward (South),16.78926754,96.19642406
adm5,MMR013013701505,No (2) Ward (North),16.79269019,96.19815936
adm5,MMR013013701506,No (3) Yan Pyay Ward,16.78435067,96.19200693
adm5,MMR013013701507,No (3) Man Pyay Ward,16.78262266,96.19591937
adm5,MMR013013701508,No (4) Ward (South),16.77872372,96.19927147
adm5,MMR013013701509,No (4) Ward (North),16.78319359,96.201143
adm5,MMR013013701510,No (5) Ward,16.78860392,96.20322099
adm5,MMR013013701511,No (6) Ward (East),16.79441325,96.21070632
adm5,MMR013013701512,No (6) Ward (West),16.79431693,96.20579569
adm5,MMR013013701513,No (7) Ward (East),16.80118561,96.21424375
adm5,MMR013013701514,No (7) Ward (West),16.80049849,96.20933062
adm5,MMR013013701515,No (8) Ward,16.80917672,96.21419965
adm5,MMR013013701516,No (9) Ward,16.81247274,96.22259988
adm5,MMR013013701517,No (10) Ward (South),16.7988472,96.2195705
adm5,MMR013013701518,No (10) Ward (North),16.80503527,96.22852372
adm5,MMR013013701519,Shu Khin Thar Ward,16.78681374,96.20973456
adm5,MMR013014701501,Nwe Aye Ward,16.79582892,96.19263831
adm5,MMR013014701502,Bamar Aye Ward,16.79973412,96.19557214
adm5,MMR013014701503,Bo Htun Zan Ward,16.78894138,96.18984494
adm5,MMR013014701504,Kyi Su Ward,16.78591805,96.18665147
adm5,MMR013014701505,Say Sat Ward,16.78462029,96.18269318
adm5,MMR013014701506,Myo Thit Ward,16.78418519,96.18757696
adm5,MMR013014701507,Pa Thein Myay Ward,16.78339672,96.1806733
adm5,MMR013014701508,War So Ward,16.78131294,96.18051008
adm5,MMR013014701509,Aung Chan Thar Ward,16.77989194,96.18090053
adm5,MMR013014701510,La Mu Tan Ward,16.78060721,96.18320189
adm5,MMR013014701511,Ya Mon Nar (2) Ward,16.77928642,96.18593102
adm5,MMR013014701512,Ya Mon Nar (1) Ward,16.777156,96.19028102
adm5,MMR013014701513,Zay Yar Thiri Ward,16.77837944,96.19236559
adm5,MMR013014701514,Thin Baw Kyin Ward,16.77450228,96.19647818
adm5,MMR013015701501,Ma Au Kone Ward,16.79495456,96.17416166
adm5,MMR013015701502,Pon Nar Kone Ward,16.79719811,96.17372422
adm5,MMR013015701503,Ah Yoe Kone Ward,16.79809332,96.17557128
adm5,MMR013015701504,Pyar Yay Kone Ward,16.80065052,96.17437992
adm5,MMR013015701505,Nat Mauk Ward,16.79966195,96.17071199
adm5,MMR013015701506,Bo Lein Aung Min Ga Lar Ward,16.79649882,96.17853374
adm5,MMR013015701507,Kyauk Myaung Gyi Ward,16.79935614,96.1784132
adm5,MMR013015701508,Kyauk Myaung Ah Htet Ward,16.80172019,96.17622562
adm5,MMR013015701509,Kyauk Myaung (East) Ward,16.80193024,96.17937359
adm5,MMR013015701510,Pa Thein Nyunt Ward,16.80427333,96.18051163
adm5,MMR013015701511,Kyar Kwet Thit Ward,16.80445878,96.1774113
adm5,MMR013015701512,Byaing Yay Oe Zin Kwet Thit Ward,16.80642014,96.17314178
adm5,MMR013015701513,Byaing Yay Oe Zin Ywar Ma Ward,16.80488523,96.17510776
adm5,MMR013015701514,Ma Hlwa Kone Htay Kywe (Ka) Ward,16.80754566,96.17801691
adm5,MMR013015701515,Nat Chaung Ward,16.80900208,96.17926989
adm5,MMR013015701517,Tar Mway Gyi (Ka + Ga) Ward,16.80992842,96.17381101
adm5,MMR013015701518,Tar Mway Gyi (Kha) Ward,16.81775095,96.16973449
adm5,MMR013015701522,Myit Tar Nyunt Ward,16.81382079,96.18074277
adm5,MMR013015701523,Tar Mway Lay Ward,16.81872406,96.17609106
adm5,MMR013015701524,Man Aung Ward,16.82329674,96.17347358
adm5,MMR013016701501,No (1) Ward,16.77559948,96.17150402
adm5,MMR013016701502,No (2) Ward,16.77648296,96.17457663
adm5,MMR013016701503,No (3) Ward,16.77563222,96.17884828
adm5,MMR013016701504,No (4) Ward,16.77556038,96.18214137
adm5,MMR013016701505,No (5) Ward,16.77808952,96.17690013
adm5,MMR013016701506,No (6) Ward,16.78156948,96.17562152
adm5,MMR013016701507,No (7) Ward,16.7813104,96.17296266
adm5,MMR013016701508,No (8) Ward,16.78064521,96.16919071
adm5,MMR013016701509,No (9) Ward,16.77980728,96.17101318
adm5,MMR013016701510,No (10) Ward,16.7784608,96.17151145
adm5,MMR013017701501,No (1) Ward,16.76773071,96.1847954
adm5,MMR013017701502,No (2) Ward,16.77017498,96.1873194
adm5,MMR013017701503,No (3) Ward,16.77181816,96.1780996
adm5,MMR013017701504,No (4) Ward,16.77168958,96.17396956
adm5,MMR013017701505,No (5) Ward,16.77228718,96.17125939
adm5,MMR013017701506,No (6) Ward,16.77022648,96.16905799
adm5,MMR013017701507,No (7) Ward,16.76990056,96.16492272
adm5,MMR013017701508,No (8) Ward,16.77251053,96.16576869
adm5,MMR013017701509,No (9) Ward,16.77403181,96.16857114
adm5,MMR013017701510,No (10) Ward,16.77789068,96.167376
adm5,MMR013017701511,Seik Kan Mi Thar Su Yeik Thar Ward,16.76923355,96.16015802
adm5,MMR013017701512,Ye Yeik Thar Ward,16.76838493,96.1726721
adm5,MMR013018701501,No (17) (South) Ward,16.86978794,96.2297433
adm5,MMR013018701502,No (18) Ward,16.8574194,96.22822905
adm5,MMR013018701503,No (19) Ward,16.85477519,96.2362152
adm5,MMR013018701504,No (20) Ward,16.84930695,96.24137574
adm5,MMR013018701505,No (21) Ward,16.84289217,96.23587139
adm5,MMR013018701506,No (22) Ward,16.82179926,96.22631632
adm5,MMR013018701507,No (23) Ward,16.8336102,96.22093061
adm5,MMR013018701508,No (24) Ward,16.8474865,96.22992279
adm5,MMR013018701509,No (25) Ward,16.85124972,96.22495346
adm5,MMR013018701510,No (26) Ward,16.85171763,96.2161269
adm5,MMR013018701511,No (53) Ward,16.86867968,96.24189055
adm5,MMR013018701512,No (54) Ward,16.86392758,96.2380428
adm5,MMR013018701513,No (55) Ward,16.85601497,96.2467132
adm5,MMR013018701514,No (56) Ward,16.86106459,96.25251681
adm5,MMR013018701515,No (57) Ward,16.86592102,96.24813154
adm5,MMR013018701516,No (62) Ward,16.82242996,96.23675528
adm5,MMR013018701517,No (63) Ward,16.83159765,96.23175603
adm5,MMR013018701518,No (64) Ward,16.8400384,96.22786007
adm5,MMR013018701519,No (65) Ward,16.8330555,96.2383132
adm5,MMR013018701520,No (66) Ward,16.84376386,96.24361406
adm5,MMR013018701521,No (70) Ward,16.86559677,96.25918961
adm5,MMR013018701522,No (71) Ward,16.87258341,96.25350246
adm5,MMR013018701523,No (72) Ward,16.87525004,96.24826038
adm5,MMR013018701524,No (104) Ward,16.87223262,96.26422281
adm5,MMR013018701525,No (105) Ward,16.87801933,96.2692011
adm5,MMR013018701526,No (106) Ward,16.88504285,96.26037181
adm5,MMR013018701527,No (107) Ward,16.88031292,96.255998
adm5,MMR013018701528,No (140) Ward,16.90031141,96.2533857
adm5,MMR013018701529,No (141) Ward,16.89491865,96.24849017
adm5,MMR013018701530,No (142) Ward,16.88802147,96.24277569
adm5,MMR013018701531,No (143) Ward,16.88337576,96.24827036
adm5,MMR013018701532,No (144) Ward,16.89011901,96.254271
adm5,MMR013018701533,No (145) Ward,16.8933908,96.26073666
adm5,MMR013018701534,No (146) Ward,16.88962024,96.27676192
adm5,MMR013018701535,No (147) Ward,16.88517981,96.2710716
adm5,MMR013018701536,No (152) Ward,16.90277516,96.26624655
adm5,MMR013018701537,No (153) Ward,16.91107769,96.26977126
adm5,MMR013018701538,No (154) Ward,16.92447243,96.28767637
adm5,MMR013018701539,Kyi Su (West) Ward,16.89451647,96.27475148
adm5,MMR013018701540,Ywar Thar Gyi (South) Ward,16.91248341,96.25828995
adm5,MMR013018701541,Thone Gwa (South) Ward,16.93384131,96.28043339
adm5,MMR013018701542,Lay Daunt Kan (South) Ward,16.98011297,96.3199697
adm5,MMR013018701543,Saik Pyo Mway Myu Yay No.(1) Ward,16.9557662,96.31310819
adm5,MMR013018701544,Shan Te Gyi (South) Ward,16.99872118,96.31569549
adm5,MMR013019701501,No (16) Ward,16.87315083,96.21432048
adm5,MMR013019701502,No (27) Ward,16.85759735,96.20368675
adm5,MMR013019701503,No (28) Ward,16.86530792,96.20610793
adm5,MMR013019701504,No (29) Ward,16.87318897,96.2029249
adm5,MMR013019701505,No (30) Ward,16.87036022,96.19762068
adm5,MMR013019701506,No (31) Ward,16.86441803,96.19991043
adm5,MMR013019701507,No (32) Ward,16.86597136,96.18948407
adm5,MMR013019701508,No (33) Ward,16.85976949,96.19118306
adm5,MMR013019701509,No (34) Ward,16.86929463,96.18141974
adm5,MMR013019701510,No (35) Ward,16.87309837,96.18819085
adm5,MMR013019701511,No (36) Ward,16.87673569,96.19401134
adm5,MMR013019701512,No (37) Ward,16.87883027,96.19996849
adm5,MMR013019701513,No (38) Ward,16.88661795,96.19608783
adm5,MMR013019701514,No (39) Ward,16.88289688,96.1905022
adm5,MMR013019701515,No (40) Ward,16.88125801,96.18368076
adm5,MMR013019701516,No (41) Ward,16.87670797,96.17714997
adm5,MMR013019701517,No (42) Ward,16.8817902,96.17249226
adm5,MMR013019701518,No (43) Ward,16.88759613,96.18017659
adm5,MMR013019701519,No (44) Ward,16.89070129,96.18617208
adm5,MMR013019701520,No (45) Ward,16.89368863,96.19213149
adm5,MMR013019701521,No (46) Ward,16.90259373,96.18772492
adm5,MMR013019701522,No (47) Ward,16.89602709,96.18320626
adm5,MMR013019701523,No (48) Ward,16.89272369,96.17385312
adm5,MMR013019701524,No (49) Ward,16.90347663,96.18036665
adm5,MMR013019701525,No (50) Ward,16.91091016,96.18284909
adm5,MMR013019701526,No (51) Ward,16.90954225,96.17725687
adm5,MMR013019701527,No (41) Extension Ward,16.87516691,96.16858077
adm5,MMR013020701501,No (1) Ward,16.91033785,96.18869924
adm5,MMR013020701502,No (2) Ward,16.9109264,96.19329015
adm5,MMR013020701503,No (3) Ward,16.90488443,96.20019237
adm5,MMR013020701504,No (4) Ward,16.90260793,96.19436108
adm5,MMR013020701505,No (5) Ward,16.89685334,96.19876538
adm5,MMR013020701506,No (6) Ward,16.89980316,96.20589625
adm5,MMR013020701507,No (7) Ward,16.89421528,96.2133866
adm5,MMR013020701508,No (8) Ward,16.89266109,96.20662757
adm5,MMR013020701509,No (9) Ward,16.88941927,96.20197099
adm5,MMR013020701510,No (10) Ward,16.88319206,96.20712841
adm5,MMR013020701511,No (11) Ward,16.88649597,96.21099964
adm5,MMR013020701512,No (12) Ward,16.88977915,96.21807572
adm5,MMR013020701513,No (13) Ward,16.88468251,96.22374248
adm5,MMR013020701514,No (14) Ward,16.88095338,96.21712701
adm5,MMR013020701515,No (15) Ward,16.87790299,96.22193548
adm5,MMR013020701517,No (52) Ward,16.9203379,96.18425484
adm5,MMR013020701518,No (108) Ward,16.8974247,96.24276701
adm5,MMR013020701519,No (109) Ward,16.89287894,96.22350962
adm5,MMR013020701520,No (110) Ward,16.89827283,96.21617726
adm5,MMR013020701521,No (111) Ward,16.90158701,96.22229157
adm5,MMR013020701522,No (112) Ward,16.89728858,96.22604103
adm5,MMR013020701523,No (113) Ward,16.89502894,96.23659987
adm5,MMR013020701524,No (114) Ward,16.90224386,96.24087429
adm5,MMR013020701525,No (115) Ward,16.9095388,96.24406353
adm5,MMR013020701526,No (116) Ward,16.90456203,96.238143
adm5,MMR013020701527,No (117) Ward,16.90010896,96.23315697
adm5,MMR013020701528,No (118) Ward,16.90589417,96.22909262
adm5,MMR013020701529,No (119) Ward,16.90897518,96.23179579
adm5,MMR013020701530,No (120) Ward,16.91193263,96.23365974
adm5,MMR013020701531,No (121) Ward,16.91407872,96.24130872
adm5,MMR013020701532,No (122) Ward,16.91693389,96.23475739
adm5,MMR013020701533,No (123) Ward,16.92183598,96.23963918
adm5,MMR013020701534,No (124) Ward,16.92371847,96.23548873
adm5,MMR013020701535,No (125) Ward,16.9290169,96.23825035
adm5,MMR013020701536,No (126) Ward,16.92625184,96.2426778
adm5,MMR013020701537,No (127) Ward,16.91893659,96.24370038
adm5,MMR013020701538,No (128) Ward,16.91945928,96.24857446
adm5,MMR013020701539,No (129) Ward,16.92357696,96.24686716
adm5,MMR013020701540,Sit Pin (South) Ward,16.95104218,96.229984
adm5,MMR013020701541,Taung Ta Loke Ward,16.96062088,96.2707478
adm5,MMR013020701542,Ywar Thar Gyi (Ah Shey Paing) Ward,16.93014907,96.26360453
adm5,MMR013020701543,Thone Khwa (Ah Shey Paing) Ward,16.95914555,96.28741729
adm5,MMR013020701544,No (130) Ward,16.91386928,96.22480537
adm5,MMR013020701545,No (131) Ward,16.92247327,96.21798565
adm5,MMR013020701546,No (132) Ward,16.9213565,96.22834424
adm5,MMR013020701547,No (133) Ward,16.93042251,96.23255207
adm5,MMR013020701548,No (134) Ward,16.92589396,96.22427494
adm5,MMR013020701549,No (135) Ward,16.92837797,96.2191914
adm5,MMR013020701550,No (136) Ward,16.93442679,96.22968927
adm5,MMR013020701551,No (137) Ward,16.93603468,96.22571228
adm5,MMR013020701552,No (138) Ward,16.93896032,96.22015918
adm5,MMR013020701553,No (139) Ward,16.93432919,96.21346365
adm5,MMR013020701569,No (155) Ward,16.94254708,96.22838812
adm5,MMR013020701570,No (156) Ward,16.937241,96.23427762
adm5,MMR013020701571,No (157) Ward,16.9420499,96.23773234
adm5,MMR013020701572,No (158) Ward,16.94723386,96.23339623
adm5,MMR013020701573,No (159) Ward,16.94651495,96.24094244
adm5,MMR013020701574,No (160) Ward,16.95189616,96.24274384
adm5,MMR013020701575,No (161) Ward,16.95944028,96.24416341
adm5,MMR013020701576,No (162) Ward,16.9615216,96.24878046
adm5,MMR013020701577,No (163) Ward,16.9574026,96.2514905
adm5,MMR013020701578,No (164) Ward,16.95344652,96.26317495
adm5,MMR013021701501,No (58) Ward,16.84167624,96.24820262
adm5,MMR013021701502,No (59) Ward,16.84131375,96.25404108
adm5,MMR013021701503,No (60) Ward,16.83163071,96.24800572
adm5,MMR013021701504,No (61) Ward,16.82050153,96.24480796
adm5,MMR013021701505,No (67) Ward,16.80951424,96.24048146
adm5,MMR013021701506,No (68) Ward,16.85093326,96.25490942
adm5,MMR013021701507,No (69) Ward,16.85611534,96.25801863
adm5,MMR013021701508,No (73) Ward,16.81343031,96.25134632
adm5,MMR013021701509,No (74) Ward,16.81369543,96.259283
adm5,MMR013021701510,No (75) Ward,16.81707465,96.26537997
adm5,MMR013021701511,No (76) Ward,16.82132149,96.25367836
adm5,MMR013021701512,No (77) Ward,16.83119653,96.25668433
adm5,MMR013021701513,No (78) Ward,16.82793056,96.26135956
adm5,MMR013021701514,No (79) Ward,16.83703561,96.26099694
adm5,MMR013021701515,No (80) Ward,16.84345761,96.26290217
adm5,MMR013021701516,No (81) Ward,16.85071659,96.26829518
adm5,MMR013021701517,No (82) Ward,16.85156269,96.2631733
adm5,MMR013021701518,No (83) Ward,16.85908508,96.26564127
adm5,MMR013021701519,No (84) Ward,16.85733433,96.2701631
adm5,MMR013021701520,No (85) Ward,16.86860371,96.27386844
adm5,MMR013021701521,No (86) Ward,16.8623368,96.27755115
adm5,MMR013021701522,No (87) Ward,16.85604953,96.27690894
adm5,MMR013021701523,No (88) Ward,16.84729862,96.2731428
adm5,MMR013021701524,No (89) Ward,16.84695943,96.27913114
adm5,MMR013021701525,No (90) Ward,16.84056323,96.27339131
adm5,MMR013021701526,No (91) Ward,16.83494937,96.27162306
adm5,MMR013021701527,No (92) Ward,16.82792015,96.27303425
adm5,MMR013021701528,No (93) Ward,16.82079674,96.27168897
adm5,MMR013021701529,No (94) Ward,16.82415401,96.26606895
adm5,MMR013021701530,No (98) Ward,16.84128877,96.30001891
adm5,MMR013021701531,No (148) Ward,16.88031006,96.28086765
adm5,MMR013021701532,No (149) Ward,16.89826199,96.29129808
adm5,MMR013021701533,No (150) Ward,16.90872029,96.28720932
adm5,MMR013021701534,No (151) Ward,16.90022087,96.27968518
adm5,MMR013021701535,No (168) Ward,16.86636702,96.28616285
adm5,MMR013022701501,U Yin Ward,16.79193306,96.15959223
adm5,MMR013022701502,San Pya Hpa Sa Pa La Ward,16.78513741,96.15967269
adm5,MMR013022701503,Kan Taw Ka Lay (North) Ward,16.7912714,96.16474857
adm5,MMR013022701504,Kan Taw Ka Lay (West) Ward,16.78800106,96.16358902
adm5,MMR013022701505,Kan Taw Ka Lay (East) Ward,16.78800106,96.16632218
adm5,MMR013022701506,Kan Taw Ka Lay (South) Ward,16.78469372,96.16487553
adm5,MMR013022701507,Thein Hpyu Mee Ya Htar Ward,16.78134038,96.1632987
adm5,MMR013022701508,Lut Lat Yay Ward,16.78244858,96.16878435
adm5,MMR013022701509,Hpoet Myay Ward,16.7861921,96.16912604
adm5,MMR013022701510,Taung Nyunt Mee Ya Htar Ward,16.78331995,96.17062952
adm5,MMR013022701511,Min Ga Lar Taung Nyunt Ward,16.78681421,96.17311755
adm5,MMR013022701512,Kyee Taw Ward,16.784688,96.1741705
adm5,MMR013022701513,Taung Lone Pyan Ward,16.78497696,96.17641631
adm5,MMR013022701514,Yae Twin Kone Ward,16.79078713,96.17438763
adm5,MMR013022701515,The Pyay Kone Ward,16.79174538,96.17027559
adm5,MMR013022701516,Thar Yar Kone Ward,16.79140091,96.17707322
adm5,MMR013022701517,Pa Thein Nyunt Ward,16.8029321,96.18474731
adm5,MMR013022701518,Ma Hlwa Kone Mee Ya Htar Ward,16.79655075,96.18246348
adm5,MMR013022701519,Sat San Ward,16.79173641,96.18285214
adm5,MMR013022701520,Ku Toet Seik Ward,16.79659214,96.18723351
adm5,MMR013023701504,Oke Hpo Su Ward,16.7683912,96.25444881
adm5,MMR013023701504,Myo Haung (West) Ward,16.7821543,96.24223438
adm5,MMR013023701504,Aung Min Ga Lar Ward,16.7683912,96.24901806
adm5,MMR013023701504,Bago Su Ward,16.75743473,96.25183464
adm5,MMR013023701504,Myo Thit (West) Ward,16.7645466,96.2466586
adm5,MMR013023701504,Myo Ma (North) Ward,16.76571193,96.24438711
adm5,MMR013023701504,Myo Thit (Middle) Ward,16.76409218,96.24823502
adm5,MMR013023701504,Myo Haung (Middle) Ward,16.7793926,96.24545431
adm5,MMR013023701504,Thauk Taw Kwin Ward,16.77287302,96.25142209
adm5,MMR013023701504,Aung Chan Thar Ward,16.7486202,96.25559162
adm5,MMR013023701504,Myo Thit (East) Ward,16.76337092,96.2508998
adm5,MMR013023701504,Yae Nan Ward,16.77152492,96.22987406
adm5,MMR013023701504,Dahr Gar Ward,16.77113809,96.24425853
adm5,MMR013023701504,Ah Hmu Htan Ward,16.7559615,96.26134294
adm5,MMR013023701504,Htan Pin Kone Ward,16.75781469,96.24452715
adm5,MMR013023701504,Myo Ma (South) Ward,16.76142189,96.24218177
adm5,MMR013023701504,Myo Haung (East) Ward,16.78045289,96.24903134
adm5,MMR013024701501,Ah Shey Paing Ward,16.64424942,96.33889245
adm5,MMR013024701502,Ah Lel Paing Ward,16.63402405,96.33019109
adm5,MMR013024701503,Ah Nauk Paing Ward,16.62511979,96.31095895
adm5,MMR013024701504,Sin Kan Ward,16.64440971,96.32142897
adm5,MMR013024701505,Shwe Kone Ward,16.64015819,96.32845461
adm5,MMR013024701506,San Chein Hmi Ward,16.63838731,96.31228505
adm5,MMR013024701507,Thi Dar Myaing Ward,16.63138988,96.30202954
adm5,MMR013024701508,Shwe Pyi Thar Yar Ward,16.63908249,96.29563755
adm5,MMR013024701509,Aye Mya Thi Dar Ward,16.64784891,96.29539856
adm5,MMR013026701501,No (1) Ward,16.90229307,96.55210309
adm5,MMR013026701502,No (2) Ward,16.896921,96.55786523
adm5,MMR013026701503,No (3) Ward,16.89533072,96.56364623
adm5,MMR013026701504,No (4) Ward,16.90642714,96.56009552
adm5,MMR013026701505,No (5) Ward,16.90642714,96.56270241
adm5,MMR013026701506,No (6) Ward,16.90753143,96.56521751
adm5,MMR013026701507,No (7) Ward,16.915758,96.56675312
adm5,MMR013026701508,No (8) Ward,16.91139185,96.55856709
adm5,MMR013026701509,No (9) Ward,16.91034584,96.55034427
adm5,MMR013026701510,No (10) Ward,16.89877539,96.54731619
adm5,MMR013026701511,No (11) Ward,16.90716037,96.56866014
adm5,MMR013026701512,No (12) Ward,16.89851479,96.56726056
adm5,MMR013026701513,Kun Moe Dein Ward,16.88877308,96.57851425
adm5,MMR013027701501,Kun Chan Ward,16.71786074,95.93986972
adm5,MMR013027701502,Zay Thit Ward,16.71682879,95.93051169
adm5,MMR013027701503,Ohn Pin Su Ward,16.71333589,95.92955189
adm5,MMR013027701504,Min Paing Ward,16.7104511,95.92741046
adm5,MMR013027701505,Kyun Taw Ward,16.71082939,95.9366484
adm5,MMR013027701506,Shwe San Taw Ward,16.70725719,95.93334339
adm5,MMR013027701507,Oe Bo (East) Ward,16.70661067,95.9268085
adm5,MMR013027701508,Oe Bo (West) Ward,16.70437725,95.92158313
adm5,MMR013028701501,Myo Thit Ward,16.55381177,96.06124409
adm5,MMR013028701502,Myo Ma Paing Ward,16.54393283,96.05772858
adm5,MMR013028701503,Ma Gyi Tan Ward,16.54911816,96.06365005
adm5,MMR013028701504,Tar Lan Thit Ward,16.55055385,96.06727519
adm5,MMR013028701505,Pyi Taw Thar Ward,16.54636723,96.06450689
adm5,MMR013028701506,Taung Paing Ward,16.54399196,96.06814463
adm5,MMR013028701507,Hpa Yar Lan Ward,16.53771915,96.06870814
adm5,MMR013029701502,Kan Gyi -Ma Gyi Tan Ward,16.44196078,96.01182159
adm5,MMR013029701504,Taung Bet Paing Ward,16.43597149,96.01216725
adm5,MMR013029701504,Taung Bet Paing Ward,16.44345374,96.01870894
adm5,MMR013029701505,Min Paing Ward,16.43577515,96.00624177
adm5,MMR013029701506,Taw Pu Lwea Ward,16.44110099,96.00608938
adm5,MMR013029701507,San Pya Ward,16.43266744,96.00279386
adm5,MMR013030701501,Tha Ma Ta Kan Chay Ward,16.7526055,96.17557307
adm5,MMR013030701502,Ant Gyi Ah Shey (Ant Gyi) Ward,16.75459756,96.16985241
adm5,MMR013030701503,Ant Gyi Ah Nauk (Pyin Ma Kone) Ward,16.74753043,96.16415372
adm5,MMR013030701504,No (6) Ward,16.73985945,96.15658297
adm5,MMR013030701505,No (11/14) Ward,16.74095004,96.15381419
adm5,MMR013030701506,Nyaung Kone Ward,16.75008154,96.15854272
adm5,MMR013030701507,Myo Ma (1) Ward,16.75579707,96.16576356
adm5,MMR013030701508,Myo Ma (2) Ward,16.75622453,96.16393047
adm5,MMR013030701509,Myo Ma (3) Ward,16.75592634,96.1623053
adm5,MMR013030701510,Myo Ma (4) Ward,16.75741152,96.16238887
adm5,MMR013030701511,Aung Min Ga Lar Ward,16.75930214,96.15820927
adm5,MMR013030701512,BI / IF Ward,16.76005726,96.15341034
adm5,MMR013030701513,Set Myay Ward,16.76091099,96.14655959
adm5,MMR013030701514,Ka Mar Ka Thwei Ward,16.7600069,96.14891016
adm5,MMR013030701515,Ka Mar Ka Sit Ward,16.76215935,96.14222515
adm5,MMR013030701516,Hmaw Set Ward,16.76315594,96.13767455
adm5,MMR013030701517,Sar Par Chaung /Kyaung Su Ward,16.75968223,96.12828012
adm5,MMR013030701518,Kyan Sit Thar Ward,16.7547613,96.13558659
adm5,MMR013030701519,Ta Pin Shwe Htee Ward,16.75362769,96.14323723
adm5,MMR013030701520,Ba Yint Naung Ward,16.75327778,96.14604203
adm5,MMR013030701521,Ba Nyar Da La Ward,16.75408026,96.15063812
adm5,MMR013030701522,Yar Za Thin Gyan Ward,16.75089872,96.15266385
adm5,MMR013030701523,Kyan Mar Yae Wun Htan Ein Yar Ward,16.76310428,96.13381799
adm5,MMR013030701524,Tar Gyi Ward,16.75351326,96.12035304
adm5,MMR013031701501,Seik Gyi (East) Ward,16.76235283,96.11771661
adm5,MMR013031701502,Seik Gyi (West) Ward,16.76051826,96.11455862
adm5,MMR013031701503,Kha Naung To (East) Ward,16.75419855,96.10211728
adm5,MMR013031701504,Kha Naung To (West) Ward (Ah Ra Kan),16.75864792,96.09930354
adm5,MMR013031701505,U Htun Oh Ward,16.76387298,96.09377459
adm5,MMR013031701506,Pan Pin Chaung Ward,16.76319895,96.10317115
adm5,MMR013031701507,No (5/6/7) Ward,16.76677067,96.12370331
adm5,MMR013031701508,Chaung Waing Lay Ward,16.77720058,96.11152435
adm5,MMR013031701509,Tha Khin Ba Thaung Ward,16.75441358,96.09055831
adm5,MMR013033701501,No (1) Ward,16.77542563,96.15895909
adm5,MMR013033701502,No (2) Ward,16.77463211,96.16024101
adm5,MMR013033701503,No (3) Ward,16.77443843,96.16108243
adm5,MMR013033701504,No (4) Ward,16.77429208,96.16171817
adm5,MMR013033701505,No (5) Ward,16.77423032,96.16225209
adm5,MMR013033701506,No (6) Ward,16.77421699,96.16270761
adm5,MMR013033701507,No (7) Ward,16.77419628,96.16319923
adm5,MMR013033701508,No (8) Ward,16.77417382,96.16373227
adm5,MMR013033701509,No (9) Ward,16.77356386,96.16420358
adm5,MMR013034701501,No (1) Ward,16.7733116,96.15395114
adm5,MMR013034701502,No (2) Ward,16.77703318,96.15423572
adm5,MMR013034701503,No (3) Ward,16.77330982,96.15530311
adm5,MMR013034701504,No (4) Ward,16.7757302,96.15537008
adm5,MMR013034701505,No (5) Ward,16.77816911,96.1556122
adm5,MMR013034701506,No (6) Ward,16.77325407,96.15665969
adm5,MMR013034701507,No (7) Ward,16.77567581,96.15670036
adm5,MMR013034701508,No (8) Ward,16.77819871,96.15674484
adm5,MMR013034701509,No (9) Ward,16.77312756,96.15772496
adm5,MMR013034701510,No (10) Ward,16.77542563,96.15774554
adm5,MMR013034701511,No (11) Ward,16.77864695,96.15778485
adm5,MMR013035701501,No (1) Ward,16.77612209,96.138777
adm5,MMR013035701502,No (2) Ward,16.77574622,96.14012386
adm5,MMR013035701503,No (3) Ward,16.77559878,96.14150085
adm5,MMR013035701504,No (4) Ward,16.77549374,96.14290255
adm5,MMR013035701505,No (5) Ward,16.77582169,96.14427667
adm5,MMR013035701506,No (6) Ward,16.77503204,96.14562985
adm5,MMR013035701507,No (7) Ward,16.77495493,96.14700621
adm5,MMR013035701508,No (8) Ward,16.78201485,96.13828745
adm5,MMR013035701509,No (9) Ward,16.78257656,96.14169457
adm5,MMR013035701510,No (10) Ward,16.77866745,96.14091913
adm5,MMR013035701511,No (11) Ward,16.77825165,96.14367478
adm5,MMR013035701512,No (12) Ward,16.78071404,96.14630584
adm5,MMR013035701513,Maw Tin Yar Yi Zay Ward,16.7741427,96.13998098
adm5,MMR013036701501,No (1) Ward,16.7733214,96.14835747
adm5,MMR013036701502,No (2) Ward,16.77620705,96.14844754
adm5,MMR013036701503,No (3) Ward,16.7734086,96.14979116
adm5,MMR013036701504,No (4) Ward,16.77586745,96.14985665
adm5,MMR013036701505,No (5) Ward,16.77339187,96.15120193
adm5,MMR013036701506,No (6) Ward,16.77586355,96.1512414
adm5,MMR013036701507,No (7) Ward,16.77330862,96.1525954
adm5,MMR013036701508,No (8) Ward,16.77586316,96.15262777
adm5,MMR013036701509,No (9) Ward,16.77883434,96.15059104
adm5,MMR013036701510,No (10) Ward,16.78074749,96.15061093
adm5,MMR013037701501,Aye Yar Wa Di Ward,16.77741871,96.1329118
adm5,MMR013037701502,Sayar Hmat Gyi (West) Ward (SawYan Paing WestWard),16.78026644,96.12703306
adm5,MMR013037701503,Sayar Hmat Gyi (East) Ward (SawYan Paing EastWard),16.78367081,96.13354175
adm5,MMR013037701504,Super Pin (South) Ward (Saw Yan Paing_South Ward),16.7862978,96.12996612
adm5,MMR013037701505,Htar Nar Ward,16.78875542,96.12760141
adm5,MMR013037701506,Super Pin (North) Ward (Saw Yan Paing_North Ward),16.79143524,96.12686241
adm5,MMR013037701507,Sin Min Ward,16.7891221,96.12508617
adm5,MMR013037701508,Ga Lon Ward,16.79292425,96.12416391
adm5,MMR013037701509,Lut Lat Yay Ward,16.79007301,96.12178248
adm5,MMR013037701510,Kayin Chan Ward,16.79205704,96.13011115
adm5,MMR013037701511,Thit Taw Ward,16.78405857,96.12407898
adm5,MMR013038701501,Tha Yet Taw (North) Ward,16.81926187,96.12002158
adm5,MMR013038701502,Tha Yet Taw (South) Ward,16.8179369,96.12353373
adm5,MMR013038701503,Thar Du (East) Ward,16.81566302,96.12405093
adm5,MMR013038701504,Thar Du (West) Ward,16.81548119,96.12078494
adm5,MMR013038701505,Ma Gyi Tan (North/East) Ward,16.81324465,96.1241058
adm5,MMR013038701506,Ma Gyi Tan (North/West) Ward,16.8131895,96.12107695
adm5,MMR013038701507,Ma Gyi Tan (South/East) Ward,16.81057167,96.12414033
adm5,MMR013038701508,Ma Gyi Tan (South/West) Ward,16.81056531,96.12165295
adm5,MMR013038701509,Zay Gyi (East) Ward,16.80767091,96.12423342
adm5,MMR013038701510,Zay Gyi (West) Ward,16.80652396,96.12191555
adm5,MMR013038701511,Oe Bo Ward,16.80546379,96.12435601
adm5,MMR013038701512,Baw Kar Ward (Baw Ga Ward),16.80236562,96.12424271
adm5,MMR013038701513,Zay Ka Lay Ward,16.80238164,96.12183046
adm5,MMR013038701514,Chin Chaung Hone Lan Ward (Pan Hlaing Ward),16.79908371,96.12424079
adm5,MMR013038701515,Htee Tan Set Myay Ward,16.79739858,96.12146789
adm5,MMR013038701516,Kayin Ah Myo Thar Ward,16.79698372,96.1271329
adm5,MMR013038701517,Say Yoe Tan Nyein Chan Yay Ward,16.79614401,96.12359023
adm5,MMR013038701518,Thi Dar Ward,16.79196739,96.11139822
adm5,MMR013038701519,Aye Ywar Ba Loke Nyut Set Ka Kay Ward,16.81453609,96.11142024
adm5,MMR013038701520,Set San Auk Yon Ah Lat Chaung Ward,16.80798149,96.11185725
adm5,MMR013038701521,Seik Gyi U Mya Ngar Sin Ward,16.80248547,96.11320419
adm5,MMR013038701522,War Yon Seik/Aye Ywar (West) Ward,16.79614639,96.12522589
adm5,MMR013039701501,Way Lu Wun (North) Ward,16.81514463,96.12772948
adm5,MMR013039701502,Way Lu Wun (South) Ward,16.81238461,96.1275176
adm5,MMR013039701503,Mont Loke Saung Kone (North) Ward,16.81261791,96.13023208
adm5,MMR013039701504,Mont Loke Saung Kone (South) Ward,16.8115294,96.13259361
adm5,MMR013039701505,Kyun Taw (North) Ward,16.80786305,96.13128533
adm5,MMR013039701506,Kyun Taw (Middle) Ward,16.80694294,96.1330908
adm5,MMR013039701507,Kyun Taw (South) Ward,16.80589492,96.13329072
adm5,MMR013039701508,Than Ta Dar Ward,16.81051903,96.12766353
adm5,MMR013039701509,Lin Lun( North) Ward,16.80831003,96.12820773
adm5,MMR013039701510,Lin Lun( South) Ward,16.80534935,96.12817347
adm5,MMR013039701511,San Chaung (North) Ward,16.80284202,96.13238425
adm5,MMR013039701512,San Chaung (South) Ward,16.80153179,96.13195394
adm5,MMR013039701513,Shin Saw Pu Ward,16.80184385,96.13619731
adm5,MMR013039701514,Aung Chan Thar Ward,16.799366,96.1320838
adm5,MMR013039701515,Thi Ri Khay Mar Ward,16.80195046,96.12810216
adm5,MMR013039701516,Hone Lan Bu Tar Ward,16.79887533,96.12810262
adm5,MMR013039701517,Myay Ni Kone (North) Ward,16.8085022,96.13757347
adm5,MMR013039701518,Myay Ni Kone (South) Ward,16.80401135,96.14069948
adm5,MMR013040701501,No (1) Ward,16.83493662,96.12471365
adm5,MMR013040701502,No (2) Ward,16.83418783,96.11992257
adm5,MMR013040701503,No (3) Ward,16.8350873,96.11470245
adm5,MMR013040701504,No (4) Ward,16.84171963,96.11167946
adm5,MMR013040701505,No (5) Ward,16.84251308,96.11797261
adm5,MMR013040701506,No (6) Ward,16.83866808,96.12415821
adm5,MMR013040701507,No (7) Ward,16.84391642,96.12215258
adm5,MMR013040701508,No (8) Ward,16.84181042,96.1245299
adm5,MMR013040701509,No (9) Ward,16.84034219,96.12797519
adm5,MMR013040701510,No (10) Ward,16.83904901,96.13167563
adm5,MMR013040701511,No (11) Ward,16.845473,96.13352039
adm5,MMR013040701512,No (12) Ward,16.85398928,96.13006415
adm5,MMR013040701513,No (13) Ward,16.85143471,96.12096336
adm5,MMR013040701514,No (14) Ward,16.84821513,96.11104279
adm5,MMR013040701515,No (15) Ward,16.85391315,96.10788719
adm5,MMR013040701516,No (16) Ward,16.85760379,96.11970595
adm5,MMR013041701501,No (1) Ward,16.83096471,96.1276859
adm5,MMR013041701502,No (2) Ward,16.83145618,96.13096449
adm5,MMR013041701503,No (3) Ward,16.82700882,96.12730592
adm5,MMR013041701504,No (4) Ward,16.82713604,96.1203448
adm5,MMR013041701505,No (5) Ward,16.82261927,96.12049902
adm5,MMR013041701506,No (6) Ward,16.82046843,96.12417535
adm5,MMR013041701507,No (7) Ward,16.81838703,96.12830783
adm5,MMR013041701508,No (8) Ward,16.8201952,96.13111153
adm5,MMR013041701509,No (9) Ward,16.82769797,96.13782051
adm5,MMR013041701510,No (10) Ward,16.81533813,96.14246092
adm5,MMR013042701501,No (1) Ward-Tha Maing Bu Tar (West),16.86254085,96.10550825
adm5,MMR013042701502,No (2) Ward-Tha Maing Myo,16.8662351,96.11702975
adm5,MMR013042701503,No (3) Ward-Kyaik Waing Gyi,16.86997223,96.12531395
adm5,MMR013042701504,No (4) Ward-Kyaik Waing Lay,16.87349606,96.13453182
adm5,MMR013042701505,No (5) Ward-Sein Pan Myaing/9 Miles,16.8798344,96.14491005
adm5,MMR013042701506,No (6) Ward-Nyar Na Sar Gi,16.8606232,96.13669799
adm5,MMR013042701507,No (7) Ward-Ywar Tan Shey,16.85675097,96.14905568
adm5,MMR013042701508,No (8) Ward-Ka Ba Aye San Pya,16.86716223,96.16026231
adm5,MMR013042701509,No (9) Ward-Yae Ku,16.86149206,96.16756802
adm5,MMR013042701510,No (10) Ward-Chaw Twin Kone,16.84019507,96.15060675
adm5,MMR013043701501,Yaw Min Gyi Ward,16.78543806,96.15402339
adm5,MMR013043701502,U Wi Sa Ra Ward,16.78442669,96.14988648
adm5,MMR013043701503,Pyay Lan (East) Ward,16.79330136,96.14417346
adm5,MMR013043701504,Pyay Lan (West) Ward,16.79275131,96.1365571
adm5,MMR013043701505,Hpa Yar Gyi Ward,16.79509446,96.15173256
adm5,MMR013044701501,Bahan Myo Ma Ward,16.79779103,96.15629172
adm5,MMR013044701502,Gyar Taw Ya Ward,16.80121517,96.15620993
adm5,MMR013044701503,Yae Tar Shey Ward,16.80332069,96.15114613
adm5,MMR013044701504,Shwe Gon Taing (West) Ward,16.80481124,96.14528902
adm5,MMR013044701505,Shwe Taung Kyar No (1) Ward,16.8223732,96.14983372
adm5,MMR013044701506,Shwe Taung Kyar No (2) Ward,16.81192517,96.14946801
adm5,MMR013044701507,Sa Yar San (North/West) Ward,16.8201724,96.16195997
adm5,MMR013044701508,Sa Yar San (North/East) Ward,16.82062912,96.16528712
adm5,MMR013044701509,Sa Yar San (South) Ward,16.81757324,96.1638896
adm5,MMR013044701510,Thar Tha Na Yeik Thar Ward,16.81438789,96.15786612
adm5,MMR013044701511,Kyaik Ka San Ward,16.81404495,96.16542426
adm5,MMR013044701512,Bo Sein Hman Ward,16.81311417,96.16931341
adm5,MMR013044701513,Shwe Gon Taing (East) Ward,16.81004667,96.16891322
adm5,MMR013044701514,Shwe Gon Taing (Middle) Ward,16.81234217,96.16068884
adm5,MMR013044701515,Koet Min Koet Chin Ward,16.80918598,96.15718593
adm5,MMR013044701516,Ngar Htat Gyi(West/Yae Lel) Ward,16.80650806,96.15850811
adm5,MMR013044701517,Ngar Htat Gyi (North)Ward,16.80856249,96.16312288
adm5,MMR013044701518,Ngar Htat Gyi (Sorth) Ward,16.80926991,96.16626123
adm5,MMR013044701519,Jamar (1) Ward (Bo Cho-1 Ward),16.80181484,96.15992674
adm5,MMR013044701520,Jamar (2) Ward (Bo Cho-2 Ward),16.8025413,96.1667034
adm5,MMR013044701521,Ah Zit Kone Ward (Sa Yar San Ward),16.82225494,96.15739775
adm5,MMR013044701522,Shwe Nant Thar Ward,16.8000145,96.15285989
adm5,MMR013046701501,No (1) Ward,16.88612055,96.07707434
adm5,MMR013046701502,No (2) Ward,16.87983559,96.07722624
adm5,MMR013046701503,No (3) Ward,16.87479185,96.07712327
adm5,MMR013046701504,No (4) Ward,16.86638069,96.08702326
adm5,MMR013046701505,No (5) Ward,16.8653841,96.07805557
adm5,MMR013046701506,No (6) Ward,16.86832237,96.06544068
adm5,MMR013046701507,No (7) Ward,16.86992741,96.05058564
adm5,MMR013046701508,No (8) Ward,16.87890024,96.0625219
adm5,MMR013046701509,No (15) Ward,16.8885766,96.06607675
adm5,MMR013047701501,No (9) Ward,16.87517643,96.04466759
adm5,MMR013047701502,No (10) Ward,16.87743568,96.03473353
adm5,MMR013047701503,No (11) Ward,16.88397789,96.03724743
adm5,MMR013047701504,No (12) Ward,16.88151677,96.04368729
adm5,MMR013047701505,No (13) Ward,16.88102214,96.04859117
adm5,MMR013047701506,No (14) Ward,16.88085524,96.05542027
adm5,MMR013047701507,No (16) Ward,16.88632584,96.05599458
adm5,MMR013047701508,No (17) Ward,16.89170265,96.04111458
adm5,MMR013047701509,No (18) Ward,16.89312792,96.04820685
adm5,MMR013047701510,No (19) Ward,16.89223703,96.05804248
adm5,MMR013047701511,No (20) Ward,16.90053669,96.04654519
adm5,MMR014002701501,Kan Thar Ward,20.66377108,96.92867459
adm5,MMR014002701502,Thar Si Ward,20.66825239,96.93266299
adm5,MMR014002701503,Nan Da Wun Ward,20.66244079,96.93598885
adm5,MMR014002701504,Myo Lel Ward,20.65976608,96.93045438
adm5,MMR014002701505,Win Ward,20.65932173,96.92580831
adm5,MMR014002701506,Nang Pang Ward,20.65611948,96.92618932
adm5,MMR014002701507,Min Ga Lar Ward,20.6572843,96.93048273
adm5,MMR014002701508,Mong Li Ward,20.6564848,96.93455627
adm5,MMR014003701501,Myo U Ward,20.80825335,97.17028335
adm5,MMR014003701502,Myo U Kwet Thit Ward,20.80714186,97.18370258
adm5,MMR014003701503,Ah Shey Ward,20.79476241,97.17371157
adm5,MMR014003701504,Ah Nauk Ward,20.80135252,97.1652432
adm5,MMR014003701505,Taung Ward,20.78191561,97.16850672
adm5,MMR014003701506,Tong Hkam Ward,20.79882986,97.16097821
adm5,MMR014004701501,Ho Hke Ward,20.16937044,97.25201424
adm5,MMR014004701502,Min Ga Lar Ward,20.16539438,97.24933664
adm5,MMR014004701503,Thi Ri Ward,20.16153204,97.25036192
adm5,MMR014004701504,Aung Tha Pyay Ward,20.15444676,97.25066263
adm5,MMR014004701505,Aung Chan Thar Ward,20.15271187,97.25966936
adm5,MMR014004701506,Mya Kan Thar Ward,20.16771386,97.25626721
adm5,MMR014005701501,No (1) Ward,20.64057037,96.56750923
adm5,MMR014005701502,No (2) Ward,20.63760059,96.573922
adm5,MMR014005701503,No (3) Ward,20.62198586,96.56959471
adm5,MMR014005701504,No (4) Ward,20.63181689,96.57769105
adm5,MMR014005701505,No (5) Ward,20.63356752,96.56515545
adm5,MMR014005701506,No (6) Ward,20.63970477,96.55910952
adm5,MMR014005701507,No (7) Ward,20.63295754,96.55557497
adm5,MMR014005701508,No (8) Ward,20.62613242,96.54990933
adm5,MMR014005701509,No (9) Ward,20.61846023,96.55276669
adm5,MMR014005701510,No (10) Ward,20.61995571,96.56027502
adm5,MMR014005701511,No (11) Ward,20.60152121,96.56326684
adm5,MMR014007701501,Myo Kone Ward,21.17246056,96.44352763
adm5,MMR014007701502,Ywar Ma Ward,21.16932009,96.44710216
adm5,MMR014007701503,Zay Tan Ward,21.1572457,96.44374756
adm5,MMR014008701501,Taung Kwet Thit Ward,21.24786485,96.86087777
adm5,MMR014008701502,Myo Kone Ward,21.24344335,96.86480535
adm5,MMR014008701503,Oke Ta Dar Ward,21.25234137,96.87573709
adm5,MMR014008701504,Zay Tan Ward,21.24366712,96.87152771
adm5,MMR014008701505,Myauk Kwet Thit Ward,21.25207574,96.86073265
adm5,MMR014008701506,Ba Htu Ward,21.25162702,96.86735586
adm5,MMR014008701507,Zaw Gyi Ward,21.2387868,96.87569494
adm5,MMR014008701508,Myo U Ward,21.22969744,96.88443717
adm5,MMR014009701501,Bant Hpei Ward,20.13025338,96.77950239
adm5,MMR014009701502,Hpa Yar (North) Ward,20.12819099,96.78056561
adm5,MMR014009701503,Ah Shey Ward,20.12705551,96.78350748
adm5,MMR014009701504,Ah Nauk Ward,20.12389594,96.78090463
adm5,MMR014009701505,Zay Tan Ward,20.12353221,96.77750856
adm5,MMR014009701506,Yone Win Ward,20.11550819,96.78064242
adm5,MMR014009701507,Kan Thar U Ward,20.11444536,96.78548741
adm5,MMR014009701508,Min Ga Lar Kwet Thit Ward,20.11433299,96.78286916
adm5,MMR014009701509,Koe Khaung Ward,20.10159812,96.78274843
adm5,MMR014009701510,Yinn Hme Ward,20.0886514,96.78820544
adm5,MMR014010701501,Hein Dhamma Ward,19.85494672,97.01783467
adm5,MMR014010701502,Nang Hu Ward,19.86402837,97.00537321
adm5,MMR014010701503,Nyaung Kone Ward,19.86749877,97.00379899
adm5,MMR014010701504,Zay (West) Ward,19.86661747,96.9895776
adm5,MMR014010701505,Zay (East) Ward,19.87203104,96.99465772
adm5,MMR014010701507,Myo Kone Ward,19.87554735,97.00118894
adm5,MMR014011701501,No (1) Ward,20.91678507,97.57153992
adm5,MMR014011701502,No (2) Ward,20.91570631,97.56045945
adm5,MMR014011701503,No (3) Ward,20.92857815,97.55216298
adm5,MMR014011701504,No (4) Ward,20.935002,97.56256735
adm5,MMR014012701501,No (1) Ward,21.27648988,97.66982977
adm5,MMR014012701502,No (2) Ward,21.27292741,97.66917142
adm5,MMR014012701503,No (3) Ward,21.26781396,97.66886014
adm5,MMR014012701504,No (4) Ward,21.26858851,97.66199812
adm5,MMR014013701501,No (1) Ward,20.89792582,97.72142864
adm5,MMR014013701502,No (2) Ward,20.89400966,97.7257539
adm5,MMR014013701503,No (3) Ward,20.88640468,97.71447548
adm5,MMR014013701504,No (4) Ward,20.90013155,97.7091221
adm5,MMR014013701505,No (5) Ward,20.88146025,97.72391619
adm5,MMR014014701501,No (1) Ward,21.29936159,98.42423161
adm5,MMR014014701502,No (2) Ward,21.30592051,98.42640212
adm5,MMR014014701503,No (3) Ward,21.30613989,98.43223425
adm5,MMR014014701504,No (4) Ward,21.30423789,98.43886024
adm5,MMR014014701505,No (5) Ward,21.30166094,98.4315745
adm5,MMR014015701501,Wan Kang Ward,21.93407541,97.82056425
adm5,MMR014015701502,Kang Pang Ward,21.93261733,97.82745736
adm5,MMR014015701503,Zay Ward,21.92908432,97.8151701
adm5,MMR014015701504,Haw Kone Ward,21.92969595,97.82634198
adm5,MMR014015701505,Long Pu Ward,21.92286662,97.82238387
adm5,MMR014015701506,Ho Hko Ward,21.92598339,97.81651238
adm5,MMR014015702501,No (1) Ward,21.64898206,98.12529551
adm5,MMR014015702502,No (2) Ward,21.64807343,98.12342581
adm5,MMR014015702503,No (3) Ward,21.6399444,98.12644259
adm5,MMR014015702504,No (4) Ward,21.64401398,98.12085822
adm5,MMR014015702505,No (5) Ward,21.64348337,98.11806136
adm5,MMR014016701501,No (1) Ward,21.6046802,97.52508619
adm5,MMR014016701502,No (2) Ward,21.59384709,97.52523843
adm5,MMR014016701503,No (3) Ward,21.60686523,97.51121429
adm5,MMR014016701504,No (4) Ward,21.61901015,97.52583239
adm5,MMR014016701505,No (5) Ward,21.62599556,97.52985738
adm5,MMR014017701501,No (1) Ward,21.90117098,98.35543499
adm5,MMR014017701502,No (2) Ward,21.90745398,98.35383839
adm5,MMR014017701503,No (3) Ward,21.90299933,98.36314108
adm5,MMR014017701504,No (4) Ward,21.90912145,98.3644088
adm5,MMR014018701501,Taung Ywar Ward,20.33577443,97.99812636
adm5,MMR014018701502,Wan Loi Ward,20.34272422,97.99992033
adm5,MMR014018701503,Zay Tan Ward,20.34019912,98.00462936
adm5,MMR014018701504,Ywar Ma Gyi (West) Ward,20.34565196,98.00180139
adm5,MMR014018701505,Ywar Ma Gyi (East) Ward,20.34391276,98.00605614
adm5,MMR014018701506,Pin Hone Ward,20.34476952,98.00852158
adm5,MMR014018701507,Wan Ma Pyin Ward,20.34197307,98.00903155
adm5,MMR014018701508,Pin Waon Ward,20.34215233,98.0142661
adm5,MMR014018702501,No (1) Ward,19.76513901,97.98032425
adm5,MMR014018702502,No (2) Ward,19.74642671,97.98493719
adm5,MMR014018702503,No (3) Ward,19.71550135,97.98990739
adm5,MMR014019701501,U Yin Ward,20.51381737,97.86678668
adm5,MMR014019701502,Lwe Pyay Ward,20.50756552,97.86967003
adm5,MMR014019701503,Pawt Mong Ward,20.50860173,97.87441413
adm5,MMR014019701504,Nar Hawng Ward,20.5190842,97.86761196
adm5,MMR014019701505,Nawng Kyawt Ward,20.5147156,97.87263409
adm5,MMR014020701501,Kun Keng Ward,20.23516813,97.72686325
adm5,MMR014020701502,Zay Tan Ward,20.23172914,97.72665628
adm5,MMR014020701503,Mway Taw Ward,20.22522516,97.7250893
adm5,MMR014020701504,Taung Myo Ward,20.22226924,97.72026153
adm5,MMR014020701505,Si Son Ward,20.21934015,97.72324496
adm5,MMR014020701506,Maik Hone Ward,20.220824,97.72644863
adm5,MMR014020701507,Kone Lan Ward,20.22512094,97.73096709
adm5,MMR014021701501,Ywar Thit Ward,20.31591486,98.37229043
adm5,MMR014021701502,Ah Shey Ward,20.31827133,98.36845236
adm5,MMR014021701503,Ah Lel Ward,20.31814859,98.36448066
adm5,MMR014021701504,Ah Nauk Ward,20.31899979,98.35960833
adm5,MMR014021701505,Ah Nauk Kwet Thit Ward,20.31660647,98.35276031
adm5,MMR015002701501,No (1) Ward,23.29874791,97.95920796
adm5,MMR015002701502,No (2) Ward,23.29955286,97.95619789
adm5,MMR015002701503,No (3) Ward,23.3037536,97.96394138
adm5,MMR015002701504,No (4) Ward,23.30422126,97.97370366
adm5,MMR015003701501,No (1) Ward,22.4267127,98.03454948
adm5,MMR015003701502,No (2) Ward,22.43064684,98.042307
adm5,MMR015003701503,No (3) Ward,22.41589769,98.04181579
adm5,MMR015009701501,Christan Ward,23.99630495,97.89628102
adm5,MMR015009701502,Zay Ward,23.99361002,97.89876918
adm5,MMR015009701503,Taung Ward,23.99208461,97.90261379
adm5,MMR015009701504,Ho Mun Ward,24.00828308,97.90836394
adm5,MMR015009701505,Myauk Ward,24.00163007,97.90209257
adm5,MMR015009701506,Kawng Nawng Ward,23.99956474,97.89786761
adm5,MMR015009701507,Sum Taw Ward,23.97165669,97.89395856
adm5,MMR015009701508,Taw Ywet Ward,24.00308567,97.89525804
adm5,MMR015009701509,Kawng Hmu Ton Ward,23.98973727,97.91972372
adm5,MMR015011701501,No (1) Ward,23.45750121,97.92148696
adm5,MMR015011701502,No (2) Ward,23.46257664,97.9289456
adm5,MMR015011701503,No (3) Ward,23.46260074,97.93678736
adm5,MMR015011701504,No (4) Ward,23.45520065,97.9391478
adm5,MMR015011701505,No (5) Ward,23.45027885,97.93193082
adm5,MMR015011701506,No (6) Ward,23.46516101,97.94301275
adm5,MMR015011701507,No (7) Ward,23.46834227,97.94844803
adm5,MMR015011701508,No (8) Ward,23.43454474,97.94336528
adm5,MMR015012701501,No (1) Ward,22.52668632,97.02766263
adm5,MMR015012701502,No (2) Ward,22.52903928,97.03981779
adm5,MMR015012701503,No (3) Ward,22.54019503,97.04270148
adm5,MMR015012701504,No (4) Ward,22.5424527,97.03440253
adm5,MMR015012701505,No (5) Ward,22.54218888,97.03249605
adm5,MMR015012701506,No (6) Ward,22.54288292,97.03002337
adm5,MMR015012701507,No (7) Ward,22.55080379,97.02668912
adm5,MMR015012701508,No (8) Ward,22.54885966,97.03783698
adm5,MMR015012701509,No (9) Ward,22.53762942,97.02411011
adm5,MMR015013701501,Zay Ward,22.33426302,96.80384197
adm5,MMR015013701502,Bu Tar Ward,22.33284034,96.79113393
adm5,MMR015013701503,Taung Ward,22.31951877,96.80157122
adm5,MMR015013701504,Pa Hat Ward,22.33119301,96.80676439
adm5,MMR015013701505,Tha Pyay Yae Ward,22.32329656,96.81401741
adm5,MMR015013701506,Nar Sho Ward,22.31522543,96.79270975
adm5,MMR015014701501,Myanmar Ward,22.62021894,97.29646701
adm5,MMR015014701502,Myo Lel Ward,22.62260062,97.29744568
adm5,MMR015014701503,Ah Nauk Ward,22.61686132,97.29710662
adm5,MMR015014701504,Zay Ward,22.62098921,97.30213751
adm5,MMR015014701505,Pan Tein (North) Ward,22.61680903,97.30262409
adm5,MMR015014701506,Pan Tein (South) Ward,22.60990245,97.30467481
adm5,MMR015014701507,Zat Su Ward,22.62637326,97.29941127
adm5,MMR015014701508,Shwe Kyaung Ward,22.61223363,97.30143136
adm5,MMR015014701509,Oke Kyin Ward,22.61160448,97.29839774
adm5,MMR015014701510,Taung Myo Ward,22.61423588,97.297364
adm5,MMR015014701511,Mee Ya Htar Ward,22.61826521,97.29386075
adm5,MMR015015701501,Namtu Ward,23.08383274,97.39934427
adm5,MMR015015701502,Pang Haik Ward,23.09797861,97.3996529
adm5,MMR015016701501,Nam Waw Ward,22.96488269,97.14914208
adm5,MMR015016701502,Myo Lel Ward,22.96508827,97.1590898
adm5,MMR015016701503,Min Ga Lar Ward,22.96325476,97.16242425
adm5,MMR015016701504,Man Hkaik Ward,22.95840078,97.17162067
adm5,MMR015016701505,Moe Ge Ward,22.96946653,97.16054753
adm5,MMR015016701506,Man Mai Ward,22.95793786,97.15818037
adm5,MMR015018701501,Myo Ma Ward,23.47727933,96.59844226
adm5,MMR015018701502,Taik Kone Ward,23.47455216,96.60692236
adm5,MMR015018701503,Kone Hkar Ward,23.47098167,96.62440121
adm5,MMR015018701504,Nam Pong Pong Ward,23.47251447,96.64575893
adm5,MMR015019701501,Myo Ma Ward,23.25189701,97.12351894
adm5,MMR015019701502,No (1) Ward,23.25279169,97.11977261
adm5,MMR015019701503,No (2) Ward,23.26295555,97.12702739
adm5,MMR015020701501,Hko Long (a) Myo Ma Ward,23.41662298,98.65051459
adm5,MMR015020701502,Nyar Na Theik Pan Ward,23.42060244,98.66060731
adm5,MMR015020701503,Shan Ywar Ma Ward,23.41728491,98.65816166
adm5,MMR015020701504,Baw Ga Ward,23.41550986,98.65116933
adm5,MMR015020701505,Wun Htan Ward,23.41452149,98.64225017
adm5,MMR015020701506,Kan Thar Yar Ward,23.41942347,98.65172047
adm5,MMR015021701501,Ho Pang Ward,23.42612503,98.77376778
adm5,MMR015021701502,Kawng Hone Ward,23.42662194,98.75422249
adm5,MMR015021701503,Man Khun Ward,23.42768146,98.74764343
adm5,MMR015021701504,Zay Ward,23.4239792,98.74740277
adm5,MMR015021701505,Pang Long Lan Ward,23.42034136,98.75042472
adm5,MMR015021701506,Yone Kone Ward,23.42868474,98.76868527
adm5,MMR015021701507,Mein Pan Ward,23.41644075,98.75817943
adm5,MMR015021701508,Nam Hlan Ward,23.43395714,98.74967775
adm5,MMR015021701509,Man Mai Ward,23.44062931,98.75236069
adm5,MMR015021701510,Mong Pan (Lwe La) Ward,23.41463916,98.75269659
adm5,MMR015023701501,No (1) Ward,23.83368829,98.53682378
adm5,MMR015023701502,No (2) Ward,23.82972026,98.53830764
adm5,MMR015023701503,No (3) Ward,23.82657459,98.54115079
adm5,MMR016001701501,No (1) Ward,21.28179048,99.59992067
adm5,MMR016001701502,No (2) Ward,21.28605078,99.61174536
adm5,MMR016001701503,No (3) Ward,21.29416738,99.61444915
adm5,MMR016001701504,No (4) Ward,21.29975968,99.60895027
adm5,MMR016001701505,No (5) Ward,21.29788684,99.59391027
adm5,MMR016002701501,No (1) Ward,21.75161899,99.46321967
adm5,MMR016002701502,No (2) Ward,21.74865156,99.46219947
adm5,MMR016003701501,Mun Ke Ward,21.84715166,99.69040041
adm5,MMR016003701502,Haw Ke Ward,21.8435355,99.69044151
adm5,MMR016003701503,Haw Haik Ward,21.84550771,99.68747729
adm5,MMR016003701504,Zay Tan Ward,21.84821454,99.684805
adm5,MMR016003701505,Wein Leik Ward,21.8418325,99.67570215
adm5,MMR016003701506,Ho Kat Ward,21.84524612,99.68555485
adm5,MMR016003701507,Kyein Hin Ward,21.84452261,99.68459971
adm5,MMR016003701508,Mauk Mai Ward,21.84395942,99.68710299
adm5,MMR016003701509,Par Mai Ward,21.84162373,99.68928297
adm5,MMR016003701510,Mong Ping Ward,21.84261842,99.68654891
adm5,MMR016003701511,Par Nwan Ward,21.8415136,99.68549873
adm5,MMR016007701501,Ping Sang Ward,21.34997674,99.03110886
adm5,MMR016007701502,Auk Zay Tan Ward,21.34632816,99.01962496
adm5,MMR016007701503,Ah Lel Paing Ward,21.34582155,99.02644388
adm5,MMR016011701501,No (1) Ward,21.17411282,100.35592242
adm5,MMR016011701502,No (2) Ward,21.17686477,100.35666921
adm5,MMR016011701503,No (3) Ward,21.17936806,100.35546725
adm5,MMR016011701504,No (4) Ward,21.18222741,100.35643904
adm5,MMR016011701505,No (5) Ward,21.18269363,100.35299588
adm5,MMR016011701506,No (6) Ward,21.18562918,100.35658053
adm5,MMR016011701507,No (7) Ward,21.18054675,100.36025377
adm5,MMR016011701508,No (8) Ward,21.17694482,100.36095565
adm5,MMR016011701509,No (9) Ward,21.18309549,100.36127463
adm5,MMR017001701501,No (1) Ward,16.8094914,94.74175441
adm5,MMR017001701502,No (2) Ward,16.79040331,94.73164805
adm5,MMR017001701503,No (3) Ward,16.7934709,94.75089955
adm5,MMR017001701504,No (4) Ward,16.77985482,94.73439638
adm5,MMR017001701505,No (5) Ward,16.77737002,94.74814955
adm5,MMR017001701506,No (6) Ward,16.77322718,94.73158628
adm5,MMR017001701507,No (7) Ward,16.76682079,94.71949478
adm5,MMR017001701508,No (8) Ward,16.75454918,94.72122291
adm5,MMR017001701509,No (9) Ward,16.80604479,94.72629909
adm5,MMR017001701510,No (10) Ward,16.76662453,94.70768316
adm5,MMR017001701511,No (11) Ward (Kan To Min),16.83318089,94.7573149
adm5,MMR017001701512,No (12) Ward (Yay Kyi U),16.74894651,94.74131482
adm5,MMR017001701513,No (13) Ward Shwe Wit Hmon Ward,16.7957698,94.76715273
adm5,MMR017001701514,No (14) Ward,16.76694416,94.74665133
adm5,MMR017001701515,No (15) Ward,16.81710742,94.77693345
adm5,MMR017002701501,No (1) Ward,16.93910238,94.88534634
adm5,MMR017002701502,No (2) Ward,16.92311128,94.8935649
adm5,MMR017002701503,No (3) Ward,16.91194096,94.89755286
adm5,MMR017002701504,No (4) Ward,16.92339444,94.90980034
adm5,MMR017002701505,No (5) Ward,16.91147683,94.91688918
adm5,MMR017002701506,No (6) Ward,16.90151385,94.9066198
adm5,MMR017002701507,No (7) Ward,16.89183976,94.90838915
adm5,MMR017005701501,Tay Za Ward,17.30802776,95.19139763
adm5,MMR017005701502,Mya Wa Di Ward,17.30771332,95.19582849
adm5,MMR017005701503,Pin Lon Ward,17.29492447,95.20564432
adm5,MMR017005701504,Aung San Ward,17.29970306,95.19234337
adm5,MMR017006701501,Nay Win Ward,17.35093235,95.12081581
adm5,MMR017006701502,Sa Yar San Ward,17.34577295,95.12400248
adm5,MMR017006701503,Aung San Ward,17.3424677,95.11828584
adm5,MMR017006701504,Ba Htu Ward,17.34321291,95.11369341
adm5,MMR017006701505,Myo Ma Ward,17.35105932,95.10204367
adm5,MMR017006702501,Shey Saung Ward,17.39206738,95.06991339
adm5,MMR017006702502,Myo Ma Ward,17.39322555,95.06661563
adm5,MMR017006702503,Nga Wun Ward,17.40336421,95.07174299
adm5,MMR017006702504,Thaung Tan (Aung San) Ward,17.38566737,95.06954
adm5,MMR017006702505,Myo Thit Ward,17.38559822,95.07475745
adm5,MMR017006702506,Shwe Bo Ward,17.39994201,95.07921945
adm5,MMR017006703501,No (1) Ward,17.18973251,95.08614198
adm5,MMR017006703502,No (2) Ward,17.20292107,95.08819089
adm5,MMR017006703503,No (3) Ward,17.19899255,95.0780697
adm5,MMR017006703504,No (4) Ward,17.20444082,95.07900061
adm5,MMR017006703505,No (5) Ward,17.20835771,95.07483492
adm5,MMR017008701501,Pyin Ma Chaung Ward,17.6735185,95.44429222
adm5,MMR017008701502,Nyaung Pin Ward,17.66319925,95.45175781
adm5,MMR017008701503,Tar Ngar Se (North) Ward,17.65888499,95.45429901
adm5,MMR017008701504,Tar Ngar Se (South) Ward,17.65580071,95.45594501
adm5,MMR017008701505,Let Tha Mar (North) Ward,17.65388763,95.46070129
adm5,MMR017008701507,Yone Gyi Ward,17.65097447,95.4592999
adm5,MMR017008701508,U Yin (North) Ward,17.64660862,95.46114371
adm5,MMR017008701509,U Yin (South) Ward,17.64632087,95.46431214
adm5,MMR017008701510,Shwe Ku Ward,17.64439115,95.46770202
adm5,MMR017008701511,Za Kar Ward,17.64166035,95.47290006
adm5,MMR017008701512,Kin Ward,17.64119221,95.47722528
adm5,MMR017008701513,Pa Khan Chaung Ward,17.63807819,95.48460544
adm5,MMR017008701514,Tar Ka Lay Ward,17.63675589,95.46934812
adm5,MMR017008701515,Pan Be Dan Ward,17.63702549,95.45689558
adm5,MMR017008701516,Hpa Yar Gyi Ward,17.64451301,95.45764843
adm5,MMR017008701517,Ka Naung Su Ward,17.64073848,95.44774307
adm5,MMR017008701518,Pa Da Myar Ward,17.65220923,95.45097619
adm5,MMR017008701519,Thone Pin Kwin Ward,17.65371467,95.43814755
adm5,MMR017008701520,Lel Ti Kwin Ward,17.66562518,95.43891588
adm5,MMR017008701521,Mya Wa Di Ward,17.64455403,95.44152192
adm5,MMR017008701522,Aye Mya Thar Yar Ward,17.6574533,95.43444993
adm5,MMR017008703501,No (1) Ward,17.56884879,95.48075989
adm5,MMR017008703502,No (2) Ward,17.56517923,95.47435833
adm5,MMR017008703503,No (3) Ward,17.55087334,95.47941177
adm5,MMR017008703504,No (4) Ward,17.54651785,95.46338692
adm5,MMR017008703505,No (5) Ward,17.55744763,95.45917618
adm5,MMR017009701501,Kan Nar Ward,17.48133573,95.56573945
adm5,MMR017009701502,Lan Ma Taw (North) Ward,17.47896599,95.55543951
adm5,MMR017009701503,Lan Ma Taw (South) Ward,17.47504703,95.56189098
adm5,MMR017009701504,San Tan Ward,17.48573824,95.55638366
adm5,MMR017009701505,Nyaung Pin Zay Ward,17.46661338,95.54596518
adm5,MMR017010701501,No (1) Ward,17.595401,95.18276939
adm5,MMR017010701502,No (2) Ward,17.60148213,95.18258096
adm5,MMR017010701503,No (3) Ward,17.59833445,95.17681511
adm5,MMR017010701504,No (4) Ward,17.59954227,95.1703777
adm5,MMR017010701505,No (5) Ward,17.59732722,95.16069663
adm5,MMR017011701501,No (1) Ward,18.29924176,95.31045176
adm5,MMR017011701502,No (2) Ward,18.29092715,95.31243468
adm5,MMR017011701503,No (3) Ward,18.29736663,95.30886605
adm5,MMR017011701504,No (4) Ward,18.28215245,95.31649215
adm5,MMR017011701505,No (5) Ward,18.28464637,95.32481872
adm5,MMR017011701506,No (6) Ward,18.2740389,95.32663463
adm5,MMR017012701501,Myo Ma Ward,18.34098725,95.2383518
adm5,MMR017012701502,Ywar Thit Ward,18.33496742,95.24554561
adm5,MMR017012701503,Shwe Taung Su Ward,18.32959525,95.25624707
adm5,MMR017012702501,No (1) Ward,18.30337989,95.15134873
adm5,MMR017012702502,No (2) Ward,18.30547456,95.13916629
adm5,MMR017013701501,No (1) Ward,17.81198671,95.26660603
adm5,MMR017013701502,No (2) Ward,17.81665389,95.27147078
adm5,MMR017013701503,No (3) Ward,17.80566068,95.26667402
adm5,MMR017015701501,Chaung Wa Paing Ward,16.90211079,95.18120813
adm5,MMR017015701502,Ah Htet Paing Ward,16.89581173,95.18145227
adm5,MMR017015701503,Ein Me Gyi Paing Ward,16.89045833,95.18131419
adm5,MMR017015701504,Lel Paw Paing Ward,16.8875281,95.18085679
adm5,MMR017015701505,Sar Chun Khan Paing Ward,16.88123985,95.17866404
adm5,MMR017016701501,No (1) Ward,16.14058976,94.75142523
adm5,MMR017016701502,No (2) Ward,16.14193647,94.74771417
adm5,MMR017016701503,No (3) Ward,16.14794729,94.75400481
adm5,MMR017016701504,No (4) Ward,16.14363893,94.75580621
adm5,MMR017016701505,No (5) Ward,16.14772787,94.75793298
adm5,MMR017016701506,No (6) Ward,16.14773568,94.76181555
adm5,MMR017016701507,No (7) Ward,16.15192452,94.76095456
adm5,MMR017016701508,No (8) Ward,16.15235974,94.77123979
adm5,MMR017016701509,No (9) Ward,16.15311008,94.76645343
adm5,MMR017016701510,No (10) Ward,16.15330178,94.75571575
adm5,MMR017018701501,No (1) Ward,16.38184436,95.26711879
adm5,MMR017018701502,No (2) Ward,16.38190078,95.26241752
adm5,MMR017018701503,No (3) Ward,16.37981331,95.26611381
adm5,MMR017018701504,No (4) Ward,16.37824517,95.26534021
adm5,MMR017018701505,No (5) Ward,16.37695319,95.26758041
adm5,MMR017018701506,No (6) Ward,16.37496087,95.26783175
adm5,MMR017018701507,No (7) Ward,16.37557185,95.26284396
adm5,MMR017018701508,No (8) Ward,16.37564935,95.25391133
adm5,MMR017018701509,No (9) Ward,16.37899974,95.25707953
adm5,MMR017018701510,No (10) Ward,16.38395765,95.25901044
adm5,MMR017018701511,No (11) Ward,16.3858654,95.26657971
adm5,MMR017018701512,No (12) Ward,16.38889696,95.26460891
adm5,MMR017018701513,Chan Myae Thar Yar Ward / No (13) Ward,16.38993577,95.25796098
adm5,MMR017019701501,Sar Yay Kone Ward,16.725942,95.65378141
adm5,MMR017019701502,Baw Lone Kwin Ward,16.73186591,95.65360721
adm5,MMR017019701503,Zay Ward,16.71548081,95.6575893
adm5,MMR017019701504,Myo Lel Kyaung Ward,16.72516531,95.64538936
adm5,MMR017019701505,Say Yon Ward,16.72083012,95.65405811
adm5,MMR017019701506,Ah Hta Ka (1) Kyaung War,16.74261448,95.65342517
adm5,MMR017019701507,Hlay Seik Myauk Paing Ward,16.72923022,95.65243279
adm5,MMR017019701508,Hlay Seik Taung Paing Ward,16.73369728,95.64647045
adm5,MMR017019701509,Aung Myay Thar Zi Ward,16.73526047,95.65606237
adm5,MMR017019701510,Ma Har Baw Di Ward,16.72959627,95.64538259
adm5,MMR017019701511,Ah Hta Ka (2) Kyaung Ward,16.73790117,95.64897543
adm5,MMR017019701512,Paw Taw Mu Ward,16.72387953,95.64930209
adm5,MMR017020701501,Ah Shey Paing Ward,16.979044,95.47516418
adm5,MMR017020701502,Ah Lel Paing Ward,16.98167208,95.46329889
adm5,MMR017020701503,Ah Nauk Paing Ward,16.98381873,95.45927981
adm5,MMR017020701504,Myo Thit Ward,16.98892293,95.46307182
adm5,MMR017021701501,No (1) Ward,17.05008566,95.64971415
adm5,MMR017021701502,No (2) Ward,17.04956462,95.64163096
adm5,MMR017021701503,No (3) Ward,17.04764399,95.63755442
adm5,MMR017021701504,No (4) Ward,17.04894121,95.6330454
adm5,MMR017021701505,No (5) Ward,17.04583244,95.63065527
adm5,MMR017021701506,No (6) Ward,17.03711039,95.63190331
adm5,MMR017021701507,No (7) Ward,17.04065269,95.64176583
adm5,MMR017021701508,No (8) Ward,17.04555415,95.64357226
adm5,MMR017021701509,No (9) Ward,17.04420491,95.65069118
adm5,MMR017021701510,No (10) Ward,17.03997838,95.64972364
adm5,MMR017022701501,No (1) Ward,17.2661641,95.58882502
adm5,MMR017022701502,No (2) Ward,17.2635392,95.59018266
adm5,MMR017022701503,No (3) Ward,17.26131302,95.58914347
adm5,MMR017022701504,No (4) Ward,17.26164435,95.59230796
adm5,MMR017022701505,No (5) Ward,17.25961196,95.59281961
adm5,MMR017022701506,No (6) Ward,17.2591858,95.59009385
adm5,MMR017022701507,No (7) Ward,17.2584889,95.59338914
adm5,MMR017022701508,No (8) Ward,17.25644274,95.59457693
adm5,MMR017022701509,No (9) Ward,17.25606188,95.59145146
adm5,MMR017022701510,No (10) Ward,17.25099159,95.59471634
adm5,MMR017022701511,No (11) Ward,17.2651551,95.58555354
adm5,MMR017022701512,No (12) Ward,17.2586408,95.58743323
adm5,MMR017022701513,No (13) Ward,17.25439601,95.58852797
adm5,MMR017022701514,No (14) Ward,17.25143069,95.5902336
adm5,MMR017022701515,No (15) Ward,17.2701368,95.58597343
adm5,MMR017022701516,No (16) Ward,17.27266549,95.5848966
adm5,MMR017022701517,No (17) Ward,17.25515022,95.58307336
adm5,MMR017022701518,No (18) Ward,17.26733906,95.58051474
adm5,MMR017023701501,No (1) Ward (Da Ni Taw Ward),16.29635643,95.68231355
adm5,MMR017023701502,No (2) Ward (Zay Paing Ward),16.29135942,95.68205073
adm5,MMR017023701503,No (3) Ward (Myo U Ward),16.29610216,95.67825907
adm5,MMR017023701504,No (4) Ward (Ma Gyi Tan Ward),16.29223371,95.67947932
adm5,MMR017023701505,No (5) Ward (Ywa Lel Hpa Yar Ward),16.28870657,95.68091317
adm5,MMR017023701506,No (6) Ward (Thin Baw Seik Ward),16.28647177,95.68136583
adm5,MMR017023701507,No (7) Ward (Shwe Gu Chaung Ward),16.29120076,95.6749657
adm5,MMR017023701508,No (8) Ward (Ah Pyaung Ward),16.28837822,95.6762398
adm5,MMR017023701509,No (9) Ward (Kwet Thit (North) Ward),16.28635919,95.67689798
adm5,MMR017023701510,No (10) Ward (Kwet Thit (Middle) Ward),16.28421043,95.67736195
adm5,MMR017023701511,No (11) Ward (Kwet Thit (South) Ward),16.28251022,95.67885491
adm5,MMR017023701512,No (12) Ward (Sit Tan Ward),16.27871237,95.68354357
adm5,MMR017023701513,No (13) Ward (Thein Hpa Yar Ward),16.27246666,95.69084026
adm5,MMR017023701514,No (14) Ward (Sit Kwet Thit Ward),16.30275204,95.68083338
adm5,MMR017023701515,No (15) Ward (Bo Chyoke Kwet Thit Ward),16.29577423,95.67290817
adm5,MMR017023701516,No (16) Ward (Ah Gyi Kwet Thit Ward),16.30280636,95.67577224
adm5,MMR017023701517,No (17) Ward (Leik U Kone Kwet Thit Ward),16.27648724,95.6769474
adm5,MMR017023701518,No (18) Ward (Kan Taw Min Ga Lar Ward),16.26971748,95.68123512
adm5,MMR017023701519,No (19) Ward (Tu Myaung Ward),16.2674021,95.69259762
adm5,MMR017024701501,No (1) Ward,16.29873839,95.39482238
adm5,MMR017024701502,No (2) Ward,16.2985106,95.39878945
adm5,MMR017024701503,No (3) Ward,16.29500173,95.39462847
adm5,MMR017024701504,No (4) Ward,16.29192813,95.39823302
adm5,MMR017024701505,No (5) Ward,16.28920359,95.39477095
adm5,MMR017024701506,No (6) Ward,16.29507515,95.40513295
adm5,MMR017024701507,No (7) Ward,16.28867761,95.40285187
adm5,MMR017024701508,No (8) Ward,16.28346072,95.39695824
adm5,MMR017024701509,No (9) Ward,16.27781804,95.39430285
adm5,MMR017024701510,No (10) Ward,16.28498583,95.40704561
adm5,MMR017025701501,No (1) Ward,16.43596908,95.726878
adm5,MMR017025701502,No (2) Ward,16.44532341,95.72928829
adm5,MMR017025701503,No (3) Ward,16.44754111,95.72477919
adm5,MMR017025701504,No (4) Ward,16.44377565,95.71719349
adm5,MMR017025701505,No (5) Ward,16.45367869,95.70806918
adm5,MMR017025701506,No (6) Ward,16.45452161,95.71865552
adm5,MMR017026701501,No (1) Ward,16.40521244,95.87986314
adm5,MMR017026701502,No (2) Ward,16.40449794,95.8868201
adm5,MMR017026701503,No (3) Ward,16.40407418,95.8976072
adm5,MMR018002701501,Zay Ya Theik Di Ward,19.76080213,96.11197128
adm5,MMR018002701502,Pyin Nyar Theik Di Ward,19.76372094,96.07271745
adm5,MMR018002701503,Min Ga Lar Theik Di Ward,19.73960315,96.10368268
adm5,MMR018002701504,Baw Ga Theik Di Ward,19.73523684,96.08217761
adm5,MMR018002701505,Tha Pyay Kone Ward,19.73332463,96.12587774
adm5,MMR018002701506,Wun Na Theik Di Ward,19.76681654,96.05100953
adm5,MMR018002701507,Thu Kha Theik Di Ward,19.7604802,96.06024716
adm5,MMR018002701508,Nyar Na Theik Di Ward,19.74876517,96.05669418
adm5,MMR018002701509,Ba La Theik Di Ward,19.73472783,96.05934412
adm5,MMR018002701510,Dha Na Theik Di Ward,19.72899256,96.06116104
adm5,MMR018002701511,Shwe Kyar Pin Ward,19.72540892,96.14553446
adm5,MMR018002701512,Aung Zabu Ward,19.74164247,96.17610754
adm5,MMR018003701501,Ba Yint Naung Ward,20.13937064,96.20153163
adm5,MMR018003701502,Aung Zay Ya Ward,20.13599347,96.21094664
adm5,MMR018003701503,Mya Wa Di Ward,20.12551743,96.21095261
adm5,MMR018003701504,Bo Min Yaung Ward,20.13108278,96.19986582
adm5,MMR018003701505,Sa Yar San Ward,20.1334256,96.19487135
adm5,MMR018003701506,Ah Naw Ra Htar Ward,20.13405943,96.22461765
adm5,MMR018004701501,Det Khi Na Thi Ri Ward,19.69004303,96.10183529
adm5,MMR018004701502,Shwe In Kyinn Ward,19.64492122,96.09270737
adm5,MMR018005701503,Min Ga Lar Di Pa Ward,19.8561149,96.18484338
adm5,MMR018005701504,Wunna Di Pa Ward,19.87222079,96.18175993
adm5,MMR018005701505,Thu Kha Di Pa Ward,19.88353363,96.18696477
adm5,MMR018005701506,Za Wa Na Di Pa Ward,19.87098694,96.19265711
adm5,MMR018005701507,Ya Da Nar Di Pa Ward,19.88622536,96.19919735
adm5,MMR018005701508,Zay Yar Di Pa Ward,19.90113967,96.17525431
adm5,MMR018005701509,Shin Phyu Shin Ward,19.89855238,96.1856734
adm5,MMR018005701510,Na Wa Day Ward,19.89570521,96.20862352
adm5,MMR018005701511,Ta Pin Shwe Htee Ward,19.90381049,96.19911528
adm5,MMR018008701501,Oke Ta Ra Thi Ri Ward,19.84924412,96.15414134
adm5,MMR018008701502,Shwe Nant Thar Ward,19.78292392,96.05734166
